id,gender,masterCategory,subCategory,articleType,baseColour,season,year,usage,productDisplayName,canonical_category,outfit_part,image_path
57088,Women,Apparel,Bottomwear,Skirts,Teal,Summer,2012.0,Casual,Elle Women Teal Skirt,Skirt,bottom,C:\Users\LENOVO\New folder\data\raw\images\57088.jpg
11332,Men,Apparel,Bottomwear,Jeans,Blue,Fall,2011.0,Casual,United Colors of Benetton Men Washed Blue Jeans,Jeans,bottom,C:\Users\LENOVO\New folder\data\raw\images\11332.jpg
17844,Men,Footwear,Shoes,Sports Shoes,White,Fall,2011.0,Sports,Nike Men Air Compel White Sports Shoe,Sneakers,shoes,C:\Users\LENOVO\New folder\data\raw\images\17844.jpg
21364,Men,Apparel,Topwear,Tshirts,White,Fall,2011.0,Casual,Regent Polo Club Men White T-shirt,T-Shirt,top,C:\Users\LENOVO\New folder\data\raw\images\21364.jpg
39634,Men,Footwear,Shoes,Sports Shoes,White,Summer,2012.0,Sports,Nike Men Overplay White Sports Shoes,Sneakers,shoes,C:\Users\LENOVO\New folder\data\raw\images\39634.jpg
5735,Men,Footwear,Shoes,Sports Shoes,White,Summer,2011.0,Sports,Reebok Men's Dhoni Trainer White Gold Shoe,Sneakers,shoes,C:\Users\LENOVO\New folder\data\raw\images\5735.jpg
5198,Men,Apparel,Topwear,Tshirts,Blue,Summer,2011.0,Casual,Superman Men's Superman Side Turq Blue T-shirt,T-Shirt,top,C:\Users\LENOVO\New folder\data\raw\images\5198.jpg
35433,Girls,Apparel,Dress,Dresses,Blue,Summer,2012.0,Casual,Doodle Girls Printed Blue Dress,Dress,top,C:\Users\LENOVO\New folder\data\raw\images\35433.jpg
29283,Men,Apparel,Topwear,Shirts,Purple,Summer,2012.0,Casual,Wrangler Men Hard Rock Purple Shirt,Shirt,top,C:\Users\LENOVO\New folder\data\raw\images\29283.jpg
13166,Women,Footwear,Shoes,Sports Shoes,Silver,Fall,2011.0,Sports,Skechers Women Ultra Silver Sports Shoes,Sneakers,shoes,C:\Users\LENOVO\New folder\data\raw\images\13166.jpg
12245,Men,Apparel,Topwear,Shirts,Maroon,Winter,2011.0,Formal,Genesis Maroon Formal Shirt,Shirt,top,C:\Users\LENOVO\New folder\data\raw\images\12245.jpg
5365,Unisex,Footwear,Shoes,Sports Shoes,Green,,2011.0,Sports,Solognac Shoes Namib 200,Sneakers,shoes,C:\Users\LENOVO\New folder\data\raw\images\5365.jpg
47117,Boys,Footwear,Sandal,Sandals,Blue,Spring,2013.0,Casual,Marvel Boys Blue Spiderman Clogs,Shoes,shoes,C:\Users\LENOVO\New folder\data\raw\images\47117.jpg
54160,Women,Accessories,Jewellery,Necklace and Chains,Gold,Fall,2012.0,Casual,Femella Heavy Beads Gold & Pink Necklace,Accessories,accessory,C:\Users\LENOVO\New folder\data\raw\images\54160.jpg
14125,Men,Apparel,Bottomwear,Jeans,Blue,Fall,2011.0,Casual,Flying Machine Men Washed Blue Jeans,Jeans,bottom,C:\Users\LENOVO\New folder\data\raw\images\14125.jpg
51499,Women,Apparel,Bottomwear,Jeans,Blue,Summer,2012.0,Casual,Denizen Women Blue Jeans,Jeans,bottom,C:\Users\LENOVO\New folder\data\raw\images\51499.jpg
32445,Men,Apparel,Bottomwear,Shorts,Black,Winter,2014.0,Sports,Adidas Men Black Shorts,Trousers,bottom,C:\Users\LENOVO\New folder\data\raw\images\32445.jpg
22053,Women,Apparel,Topwear,Kurtas,Purple,Fall,2011.0,Ethnic,Vishudh Women Printed Purple Kurta,Shirt,top,C:\Users\LENOVO\New folder\data\raw\images\22053.jpg
31130,Girls,Apparel,Dress,Dresses,Pink,Summer,2012.0,Casual,Gini and Jony Girls Printed Pink Dress,Dress,top,C:\Users\LENOVO\New folder\data\raw\images\31130.jpg
8494,Women,Apparel,Bottomwear,Skirts,Beige,Fall,2011.0,Casual,Forever New Women Clay Pleated Beige Skirts,Skirt,bottom,C:\Users\LENOVO\New folder\data\raw\images\8494.jpg
9076,Women,Apparel,Bottomwear,Track Pants,Blue,Fall,2011.0,Sports,ADIDAS Women Wo Basic Yo Pant Blue Trackpant,Trousers,bottom,C:\Users\LENOVO\New folder\data\raw\images\9076.jpg
57996,Women,Apparel,Dress,Dresses,Black,Fall,2012.0,Casual,Latin Quarters Women Black Dress,Dress,top,C:\Users\LENOVO\New folder\data\raw\images\57996.jpg
35662,Men,Footwear,Sandal,Sandals,Black,Summer,2012.0,Casual,U.S. Polo Assn. Men Black Sandals,Shoes,shoes,C:\Users\LENOVO\New folder\data\raw\images\35662.jpg
5883,Unisex,Footwear,Shoes,Casual Shoes,Orange,Summer,2011.0,Casual,Converse Unisex Speciality Ox Rust Shoe,Shoes,shoes,C:\Users\LENOVO\New folder\data\raw\images\5883.jpg
29173,Girls,Apparel,Bottomwear,Skirts,Green,Summer,2012.0,Casual,United Colors of Benetton Kids Girls Printed Green Skirt,Skirt,bottom,C:\Users\LENOVO\New folder\data\raw\images\29173.jpg
27866,Women,Apparel,Topwear,Shirts,Purple,Summer,2012.0,Casual,Scullers For Her Striped Purple Shirt,Shirt,top,C:\Users\LENOVO\New folder\data\raw\images\27866.jpg
9222,Unisex,Footwear,Shoes,Casual Shoes,White,Fall,2011.0,Casual,Puma Unisex Speeder SL Jr White Casual Shoes,Shoes,shoes,C:\Users\LENOVO\New folder\data\raw\images\9222.jpg
12625,Men,Apparel,Topwear,Tshirts,Orange,Fall,2011.0,Casual,Probase Men Printed Orange Tshirts,T-Shirt,top,C:\Users\LENOVO\New folder\data\raw\images\12625.jpg
11268,Men,Apparel,Bottomwear,Trousers,Cream,Fall,2011.0,Formal,Indigo Nation Men Cream Trouser Cream Trousers,Trousers,bottom,C:\Users\LENOVO\New folder\data\raw\images\11268.jpg
9639,Men,Apparel,Topwear,Shirts,Blue,Fall,2011.0,Casual,Indigo Nation Men Checks Blue Shirts,Shirt,top,C:\Users\LENOVO\New folder\data\raw\images\9639.jpg
39011,Girls,Apparel,Bottomwear,Leggings,Blue,Summer,2012.0,Casual,Gini and Jony Girls Happy Style Blue Leggings,Trousers,bottom,C:\Users\LENOVO\New folder\data\raw\images\39011.jpg
23179,Men,Apparel,Topwear,Tshirts,Yellow,Fall,2011.0,Casual,Mark Taylor Men Yellow Printed T-shirt,T-Shirt,top,C:\Users\LENOVO\New folder\data\raw\images\23179.jpg
22362,Unisex,Accessories,Bags,Backpacks,Black,Winter,2015.0,Casual,Wildcraft Unisex Black Rock Backpack,Accessories,accessory,C:\Users\LENOVO\New folder\data\raw\images\22362.jpg
41983,Boys,Apparel,Topwear,Tshirts,White,Summer,2012.0,Casual,Gini and Jony Boys Around The World White T-shirt,T-Shirt,top,C:\Users\LENOVO\New folder\data\raw\images\41983.jpg
55656,Women,Footwear,Shoes,Heels,Brown,Winter,2015.0,Casual,Catwalk Women Brown Wedges,Shoes,shoes,C:\Users\LENOVO\New folder\data\raw\images\55656.jpg
27781,Men,Accessories,Wallets,Wallets,Brown,Winter,2015.0,Casual,Bulchee Men Brown Wallet,Accessories,accessory,C:\Users\LENOVO\New folder\data\raw\images\27781.jpg
57055,Women,Apparel,Dress,Dresses,Brown,Summer,2012.0,Casual,Elle Women Brown Dress,Dress,top,C:\Users\LENOVO\New folder\data\raw\images\57055.jpg
8075,Men,Footwear,Shoes,Sports Shoes,Black,Fall,2011.0,Sports,ADIDAS Men 3 Series Light Black Sports Shoes,Sneakers,shoes,C:\Users\LENOVO\New folder\data\raw\images\8075.jpg
26452,Men,Footwear,Shoes,Casual Shoes,Black,Fall,2012.0,Casual,Puma Men Wirko  Black Casual Shoes,Shoes,shoes,C:\Users\LENOVO\New folder\data\raw\images\26452.jpg
42260,Men,Apparel,Bottomwear,Jeans,Blue,Summer,2012.0,Casual,John Players Men Blue Jeans,Jeans,bottom,C:\Users\LENOVO\New folder\data\raw\images\42260.jpg
57297,Men,Apparel,Topwear,Shirts,White,Summer,2012.0,Casual,French Connection Men Purple Checks Shirt,Shirt,top,C:\Users\LENOVO\New folder\data\raw\images\57297.jpg
38505,Girls,Apparel,Bottomwear,Skirts,Blue,Summer,2012.0,Casual,Gini and Jony Girls Woven Blue Skirt,Skirt,bottom,C:\Users\LENOVO\New folder\data\raw\images\38505.jpg
48387,Men,Apparel,Bottomwear,Jeans,Blue,Summer,2012.0,Casual,French Connection Men Blue Jeans,Jeans,bottom,C:\Users\LENOVO\New folder\data\raw\images\48387.jpg
29421,Men,Accessories,Watches,Watches,Black,Winter,2016.0,Casual,Giordano Men Black Dial Watch,Accessories,accessory,C:\Users\LENOVO\New folder\data\raw\images\29421.jpg
17911,Women,Apparel,Topwear,Jackets,Black,Fall,2011.0,Casual,Nike Women Sptcas Black Jacket,Jacket,outerwear,C:\Users\LENOVO\New folder\data\raw\images\17911.jpg
16664,Men,Apparel,Topwear,Sweatshirts,Black,Fall,2011.0,Casual,Fila Men Squid Black Sweater,T-Shirt,top,C:\Users\LENOVO\New folder\data\raw\images\16664.jpg
37449,Men,Accessories,Belts,Belts,Brown,Summer,2012.0,Casual,Turtle Men Brown Belt,Accessories,accessory,C:\Users\LENOVO\New folder\data\raw\images\37449.jpg
39846,Girls,Apparel,Topwear,Tops,Green,Summer,2012.0,Casual,Gini And Jony Girls Striped Green Top,T-Shirt,top,C:\Users\LENOVO\New folder\data\raw\images\39846.jpg
26114,Men,Apparel,Topwear,Shirts,Purple,Summer,2012.0,Formal,John Miller Men Purple Shirt,Shirt,top,C:\Users\LENOVO\New folder\data\raw\images\26114.jpg
59981,Women,Apparel,Dress,Dresses,Black,Fall,2012.0,Party,Avirate  Black & Purple Women Dress,Dress,top,C:\Users\LENOVO\New folder\data\raw\images\59981.jpg
19335,Men,Apparel,Topwear,Jackets,White,Fall,2011.0,Casual,United Colors of Benetton Men Solid White Jacket,Jacket,outerwear,C:\Users\LENOVO\New folder\data\raw\images\19335.jpg
42258,Men,Apparel,Bottomwear,Jeans,Blue,Summer,2012.0,Casual,John Players Men Blue Jeans,Jeans,bottom,C:\Users\LENOVO\New folder\data\raw\images\42258.jpg
6501,Men,Apparel,Topwear,Jackets,White,Summer,2011.0,Casual,ADIDAS Men Chrome White Jacket,Jacket,outerwear,C:\Users\LENOVO\New folder\data\raw\images\6501.jpg
53296,Men,Apparel,Bottomwear,Jeans,Blue,Summer,2012.0,Casual,Locomotive Men Blue Jeans,Jeans,bottom,C:\Users\LENOVO\New folder\data\raw\images\53296.jpg
32579,Women,Apparel,Topwear,Tops,Turquoise Blue,Summer,2012.0,Casual,ONLY Women Turquoise Chiffon Top,T-Shirt,top,C:\Users\LENOVO\New folder\data\raw\images\32579.jpg
58502,Women,Apparel,Dress,Dresses,Beige,Fall,2012.0,Casual,Tonga Brown Animal Print Dress,Dress,top,C:\Users\LENOVO\New folder\data\raw\images\58502.jpg
14334,Men,Footwear,Shoes,Sports Shoes,White,Fall,2011.0,Sports,Nike Men Lunarglide +3 White Sports Shoes,Sneakers,shoes,C:\Users\LENOVO\New folder\data\raw\images\14334.jpg
8479,Women,Apparel,Dress,Dresses,Cream,Fall,2011.0,Casual,Forever New Women Blossom Silk Cream Dress,Dress,top,C:\Users\LENOVO\New folder\data\raw\images\8479.jpg
10277,Men,Footwear,Shoes,Formal Shoes,Black,Spring,2012.0,Smart Casual,Clarks Men Black Leather Semiformal Shoes,Shoes,shoes,C:\Users\LENOVO\New folder\data\raw\images\10277.jpg
9173,Men,Apparel,Bottomwear,Jeans,Blue,Fall,2011.0,Casual,Locomotive Men Bao Blue Jeans,Jeans,bottom,C:\Users\LENOVO\New folder\data\raw\images\9173.jpg
19241,Men,Apparel,Topwear,Jackets,Black,Fall,2010.0,Casual,Puma Men Lifestyle Track Black Jacket,Jacket,outerwear,C:\Users\LENOVO\New folder\data\raw\images\19241.jpg
44919,Men,Apparel,Bottomwear,Shorts,Black,Summer,2012.0,Casual,Puma Men Black Shorts,Trousers,bottom,C:\Users\LENOVO\New folder\data\raw\images\44919.jpg
38844,Women,Apparel,Dress,Dresses,Black,Summer,2012.0,Casual,Latin Quarters Women Black & White Printed Dress,Dress,top,C:\Users\LENOVO\New folder\data\raw\images\38844.jpg
3551,Men,Footwear,Shoes,Casual Shoes,Brown,Winter,2015.0,Casual,Skechers Men's Charcoal Lifestyle Shoe,Shoes,shoes,C:\Users\LENOVO\New folder\data\raw\images\3551.jpg
40044,Men,Apparel,Topwear,Tshirts,Black,Summer,2012.0,Casual,ADIDAS Men Black T-shirt,T-Shirt,top,C:\Users\LENOVO\New folder\data\raw\images\40044.jpg
31454,Women,Apparel,Bottomwear,Skirts,Black,Summer,2012.0,Sports,Nike Women Tennis Black Skirt,Skirt,bottom,C:\Users\LENOVO\New folder\data\raw\images\31454.jpg
19393,Men,Apparel,Topwear,Sweaters,Green,Summer,2011.0,Casual,ADIDAS Men Stripes Green Sweater,T-Shirt,top,C:\Users\LENOVO\New folder\data\raw\images\19393.jpg
28502,Men,Apparel,Topwear,Jackets,Yellow,Summer,2012.0,Sports,Nike Men Windrunner Yellow Jacket,Jacket,outerwear,C:\Users\LENOVO\New folder\data\raw\images\28502.jpg
14749,Men,Apparel,Topwear,Shirts,Lavender,Fall,2011.0,Formal,Arrow Men Stripes Lavender Shirts,Shirt,top,C:\Users\LENOVO\New folder\data\raw\images\14749.jpg
8785,Women,Apparel,Topwear,Jackets,Pink,Fall,2011.0,Casual,Lotto Women Cathy Pink Jacket,Jacket,outerwear,C:\Users\LENOVO\New folder\data\raw\images\8785.jpg
51333,Men,Apparel,Topwear,Jackets,Beige,Summer,2015.0,Casual,Wildcraft Men Beige Wind Cheater Jackets,Jacket,outerwear,C:\Users\LENOVO\New folder\data\raw\images\51333.jpg
11233,Women,Apparel,Bottomwear,Jeans,Black,Fall,2011.0,Casual,Flying Machine Women Low Rise Black Jeans,Jeans,bottom,C:\Users\LENOVO\New folder\data\raw\images\11233.jpg
5375,Women,Footwear,Shoes,Sports Shoes,Blue,Summer,2011.0,Sports,Quechua Jawar 5.0 Lady Blue,Sneakers,shoes,C:\Users\LENOVO\New folder\data\raw\images\5375.jpg
56657,Men,Footwear,Shoes,Casual Shoes,Red,Summer,2012.0,Casual,United Colors of Benetton Men Red Shoes,Shoes,shoes,C:\Users\LENOVO\New folder\data\raw\images\56657.jpg
12289,Men,Apparel,Bottomwear,Trousers,Black,Fall,2011.0,Formal,Genesis Men Solid Black Trousers,Trousers,bottom,C:\Users\LENOVO\New folder\data\raw\images\12289.jpg
11284,Men,Apparel,Bottomwear,Jeans,Blue,Fall,2011.0,Casual,Wrangler Men Blue Texas Jeans,Jeans,bottom,C:\Users\LENOVO\New folder\data\raw\images\11284.jpg
46216,Women,Apparel,Dress,Dresses,Pink,Summer,2012.0,Casual,AND Women Pink Dress,Dress,top,C:\Users\LENOVO\New folder\data\raw\images\46216.jpg
6566,Men,Apparel,Bottomwear,Shorts,Green,Summer,2011.0,Sports,Nike Men's Green Shorts,Trousers,bottom,C:\Users\LENOVO\New folder\data\raw\images\6566.jpg
46903,Men,Apparel,Bottomwear,Jeans,Blue,Summer,2012.0,Casual,Peter England Men Blue Jeans,Jeans,bottom,C:\Users\LENOVO\New folder\data\raw\images\46903.jpg
40432,Women,Apparel,Bottomwear,Skirts,Black,Summer,2012.0,Formal,Tonga Women Black Skirt,Skirt,bottom,C:\Users\LENOVO\New folder\data\raw\images\40432.jpg
53808,Women,Apparel,Topwear,Kurtas,Cream,Fall,2012.0,Ethnic,Ayaany Women Cream Kurta,Shirt,top,C:\Users\LENOVO\New folder\data\raw\images\53808.jpg
37620,Boys,Apparel,Topwear,Tshirts,Green,Summer,2012.0,Casual,Madagascar3 Boys Green Printed T-Shirt,T-Shirt,top,C:\Users\LENOVO\New folder\data\raw\images\37620.jpg
15963,Men,Apparel,Topwear,Jackets,Grey,Fall,2011.0,Casual,Turtle Solid Men Black Jacket,Jacket,outerwear,C:\Users\LENOVO\New folder\data\raw\images\15963.jpg
15014,Men,Apparel,Topwear,Jackets,Black,Fall,2011.0,Sports,ADIDAS Men Solid Black Jackets,Jacket,outerwear,C:\Users\LENOVO\New folder\data\raw\images\15014.jpg
23050,Women,Apparel,Dress,Dresses,Multi,Fall,2011.0,Casual,Arrow Woman Multi Coloured Floral Dress,Dress,top,C:\Users\LENOVO\New folder\data\raw\images\23050.jpg
15466,Men,Apparel,Topwear,Jackets,Blue,Fall,2011.0,Casual,Puma Men Mens Active Padded Vest Blue Jackets,Jacket,outerwear,C:\Users\LENOVO\New folder\data\raw\images\15466.jpg
18174,Girls,Apparel,Dress,Dresses,Lavender,Fall,2011.0,Casual,Doodle Kids Girls Party Frock Lavender Dress,Dress,top,C:\Users\LENOVO\New folder\data\raw\images\18174.jpg
52516,Women,Apparel,Innerwear,Camisoles,White,Winter,2015.0,Casual,Red Rose White Camisole,Accessories,accessory,C:\Users\LENOVO\New folder\data\raw\images\52516.jpg
36742,Women,Apparel,Bottomwear,Jeans,Blue,Summer,2012.0,Casual,Spykar Women Aza Blue Jeans,Jeans,bottom,C:\Users\LENOVO\New folder\data\raw\images\36742.jpg
52131,Girls,Apparel,Dress,Dresses,Blue,Summer,2012.0,Casual,Doodle Girls Blue Printed Dress,Dress,top,C:\Users\LENOVO\New folder\data\raw\images\52131.jpg
22323,Men,Apparel,Topwear,Jackets,Red,Summer,2015.0,Casual,Wildcraft Men Solid Red Wind Cheater,Jacket,outerwear,C:\Users\LENOVO\New folder\data\raw\images\22323.jpg
29167,Girls,Apparel,Dress,Dresses,Red,Summer,2012.0,Casual,United Colors of Benetton Girls Red Polka Dot Dress,Dress,top,C:\Users\LENOVO\New folder\data\raw\images\29167.jpg
42264,Men,Apparel,Bottomwear,Jeans,Blue,Summer,2012.0,Casual,John Players Men Blue Jeans,Jeans,bottom,C:\Users\LENOVO\New folder\data\raw\images\42264.jpg
12758,Men,Apparel,Bottomwear,Jeans,Blue,Fall,2011.0,Casual,Spykar Men Washed Blue Jeans,Jeans,bottom,C:\Users\LENOVO\New folder\data\raw\images\12758.jpg
9994,Women,Apparel,Bottomwear,Skirts,Blue,Summer,2011.0,Casual,Gini And Jony Girls Ac Arnia Skt Blue Skirts,Skirt,bottom,C:\Users\LENOVO\New folder\data\raw\images\9994.jpg
13304,Women,Apparel,Bottomwear,Skirts,Red,Fall,2011.0,Casual,Gini and Jony Kids Girls Solid Red Skirts,Skirt,bottom,C:\Users\LENOVO\New folder\data\raw\images\13304.jpg
15482,Women,Apparel,Bottomwear,Capris,Black,Fall,2011.0,Casual,Puma Women TP Cuffed Black Capris,Trousers,bottom,C:\Users\LENOVO\New folder\data\raw\images\15482.jpg
39638,Men,Footwear,Shoes,Sports Shoes,White,Summer,2012.0,Sports,Lotto Men White Sports Shoes,Sneakers,shoes,C:\Users\LENOVO\New folder\data\raw\images\39638.jpg
38155,Men,Apparel,Topwear,Jackets,Black,Summer,2015.0,Casual,Wildcraft Men Black Husky Sleeveless Jacket,Jacket,outerwear,C:\Users\LENOVO\New folder\data\raw\images\38155.jpg
7941,Men,Apparel,Topwear,Tshirts,Grey,Fall,2011.0,Sports,Puma Men's Graphic Optic Grey T-shirt,T-Shirt,top,C:\Users\LENOVO\New folder\data\raw\images\7941.jpg
40993,Girls,Apparel,Topwear,Tops,Pink,Summer,2012.0,Casual,Gini and Jony Girls Pink Striped Top,T-Shirt,top,C:\Users\LENOVO\New folder\data\raw\images\40993.jpg
18851,Men,Apparel,Topwear,Tshirts,Red,Fall,2011.0,Casual,Puma Men Head Red Tshirt,T-Shirt,top,C:\Users\LENOVO\New folder\data\raw\images\18851.jpg
54689,Women,Apparel,Apparel Set,Kurta Sets,Green,Summer,2012.0,Ethnic,Shree Women Green and Blue Printed Patiala Kurta Set,Accessories,accessory,C:\Users\LENOVO\New folder\data\raw\images\54689.jpg
8346,Men,Footwear,Shoes,Sports Shoes,White,Fall,2011.0,Sports,ADIDAS Men Slimsoll White Sports Shoes,Sneakers,shoes,C:\Users\LENOVO\New folder\data\raw\images\8346.jpg
51503,Women,Apparel,Bottomwear,Jeans,Blue,Summer,2012.0,Casual,Denizen Women Blue Jeans,Jeans,bottom,C:\Users\LENOVO\New folder\data\raw\images\51503.jpg
21410,Men,Apparel,Topwear,Tshirts,Black,Fall,2011.0,Casual,Locomotive Men Printed Black T-shirt,T-Shirt,top,C:\Users\LENOVO\New folder\data\raw\images\21410.jpg
18976,Men,Apparel,Bottomwear,Track Pants,Red,Summer,2011.0,Casual,ADIDAS Originals Men Firebird Red Track Pants,Trousers,bottom,C:\Users\LENOVO\New folder\data\raw\images\18976.jpg
16921,Men,Apparel,Bottomwear,Jeans,Blue,Fall,2011.0,Casual,Spykar Men Washed Blue Jeans,Jeans,bottom,C:\Users\LENOVO\New folder\data\raw\images\16921.jpg
39792,Men,Apparel,Bottomwear,Trousers,Brown,Summer,2012.0,Formal,Peter England Men Brown Trousers,Trousers,bottom,C:\Users\LENOVO\New folder\data\raw\images\39792.jpg
37495,Men,Accessories,Watches,Watches,Silver,Winter,2016.0,Casual,Esprit Men Silver Dial Watch,Accessories,accessory,C:\Users\LENOVO\New folder\data\raw\images\37495.jpg
5788,Women,Apparel,Bottomwear,Shorts,White,Summer,2011.0,Casual,Jealous 21 Women's Checkered Pink White Short,Trousers,bottom,C:\Users\LENOVO\New folder\data\raw\images\5788.jpg
22202,Men,Apparel,Topwear,Jackets,Blue,Fall,2011.0,Casual,Timberland Men Bonded Fleece Full Zip Blue Jacket,Jacket,outerwear,C:\Users\LENOVO\New folder\data\raw\images\22202.jpg
32849,Women,Footwear,Shoes,Heels,Brown,Winter,2012.0,Casual,Grendha Women Roamance Brown Flats,Shoes,shoes,C:\Users\LENOVO\New folder\data\raw\images\32849.jpg
26927,Women,Apparel,Dress,Dresses,Black,Summer,2012.0,Casual,Jealous 21 Women Black Dress,Dress,top,C:\Users\LENOVO\New folder\data\raw\images\26927.jpg
10261,Men,Apparel,Bottomwear,Trousers,Brown,Fall,2011.0,Formal,John Miller Men Slim Brown Trousers,Trousers,bottom,C:\Users\LENOVO\New folder\data\raw\images\10261.jpg
50942,Women,Apparel,Bottomwear,Jeans,Blue,Summer,2013.0,Casual,Lee Women Blue Jeans,Jeans,bottom,C:\Users\LENOVO\New folder\data\raw\images\50942.jpg
45624,Men,Footwear,Shoes,Casual Shoes,Black,Winter,2018.0,Casual,Red Tape Men Black Shoes,Shoes,shoes,C:\Users\LENOVO\New folder\data\raw\images\45624.jpg
57815,Women,Apparel,Topwear,Tops,Brown,Fall,2012.0,Casual,United Colors of Benetton Women Dark Brown Top,T-Shirt,top,C:\Users\LENOVO\New folder\data\raw\images\57815.jpg
39386,Men,Apparel,Bottomwear,Jeans,Blue,Summer,2012.0,Casual,Peter England Men Party Blue Jeans,Jeans,bottom,C:\Users\LENOVO\New folder\data\raw\images\39386.jpg
59966,Women,Apparel,Dress,Dresses,Black,Fall,2012.0,Party,Avirate Black Polka Dot Dress,Dress,top,C:\Users\LENOVO\New folder\data\raw\images\59966.jpg
13515,Women,Apparel,Bottomwear,Skirts,Blue,Fall,2011.0,Casual,Palm Tree Kids Girl Washed Blue Skirts,Skirt,bottom,C:\Users\LENOVO\New folder\data\raw\images\13515.jpg
41221,Men,Footwear,Flip Flops,Flip Flops,Blue,Fall,2012.0,Casual,Lotto Men Blue Flip Flops,Shoes,shoes,C:\Users\LENOVO\New folder\data\raw\images\41221.jpg
39270,Men,Footwear,Shoes,Casual Shoes,Khaki,Winter,2018.0,Casual,Red Chief Men Khaki Shoes,Shoes,shoes,C:\Users\LENOVO\New folder\data\raw\images\39270.jpg
52837,Women,Accessories,Jewellery,Earrings,Black,Summer,2012.0,Casual,Adrika Black Earrings,Accessories,accessory,C:\Users\LENOVO\New folder\data\raw\images\52837.jpg
11318,Women,Apparel,Bottomwear,Jeans,Black,Fall,2011.0,Casual,United Colors of Benetton Women Solid Black Jeans,Jeans,bottom,C:\Users\LENOVO\New folder\data\raw\images\11318.jpg
40051,Men,Apparel,Topwear,Jackets,Navy Blue,Fall,2013.0,Sports,ADIDAS Men Navy Messi Track Jacket,Jacket,outerwear,C:\Users\LENOVO\New folder\data\raw\images\40051.jpg
32338,Women,Accessories,Watches,Watches,Blue,Winter,2016.0,Casual,Q&Q Women Blue Dial Watch,Accessories,accessory,C:\Users\LENOVO\New folder\data\raw\images\32338.jpg
5150,Women,Apparel,Topwear,Tshirts,Red,Summer,2011.0,Casual,Wrangler Women's Rhythm Graphic Coral Red T-shirt,T-Shirt,top,C:\Users\LENOVO\New folder\data\raw\images\5150.jpg
13984,Men,Footwear,Shoes,Casual Shoes,Black,Fall,2011.0,Casual,Carlton London Men Casual Black Casual Shoes,Shoes,shoes,C:\Users\LENOVO\New folder\data\raw\images\13984.jpg
23453,Men,Apparel,Bottomwear,Jeans,Black,Fall,2011.0,Casual,Deni Yo Men Black Washed Slim Fit Jeans,Jeans,bottom,C:\Users\LENOVO\New folder\data\raw\images\23453.jpg
57082,Women,Apparel,Bottomwear,Skirts,Blue,Summer,2012.0,Casual,Elle Women Blue Skirt,Skirt,bottom,C:\Users\LENOVO\New folder\data\raw\images\57082.jpg
33271,Girls,Apparel,Bottomwear,Skirts,Red,Summer,2012.0,Casual,Gini and Jony Girls Red Skirt,Skirt,bottom,C:\Users\LENOVO\New folder\data\raw\images\33271.jpg
52133,Women,Apparel,Bottomwear,Leggings,Navy Blue,Fall,2012.0,Casual,Femella Women Navy Blue Leggings,Trousers,bottom,C:\Users\LENOVO\New folder\data\raw\images\52133.jpg
28281,Women,Accessories,Eyewear,Sunglasses,Purple,Winter,2016.0,Casual,Fastrack Women Purple Sunglasses,Accessories,accessory,C:\Users\LENOVO\New folder\data\raw\images\28281.jpg
6091,Women,Apparel,Topwear,Tshirts,Pink,Summer,2011.0,Casual,UCB Women's Racerback Print Pink T-shirt,T-Shirt,top,C:\Users\LENOVO\New folder\data\raw\images\6091.jpg
44232,Men,Footwear,Shoes,Sports Shoes,White,Summer,2012.0,Sports,Nike Men Air Max Turbulence+ 18 White Sports Shoes,Sneakers,shoes,C:\Users\LENOVO\New folder\data\raw\images\44232.jpg
56948,Women,Footwear,Shoes,Heels,Grey,Winter,2012.0,Casual,HM Women Grey Heels,Shoes,shoes,C:\Users\LENOVO\New folder\data\raw\images\56948.jpg
30924,Women,Apparel,Bottomwear,Skirts,Beige,Summer,2012.0,Ethnic,Fabindia Women Printed Beige Ghera Skirt,Skirt,bottom,C:\Users\LENOVO\New folder\data\raw\images\30924.jpg
34063,Girls,Apparel,Dress,Dresses,Pink,Summer,2012.0,Casual,Gini and Jony Girls Printed Pink Dress,Dress,top,C:\Users\LENOVO\New folder\data\raw\images\34063.jpg
18518,Men,Apparel,Topwear,Jackets,Navy Blue,Fall,2011.0,Casual,C Vox Men Delirious Disclosure Navy Blue Jacket,Jacket,outerwear,C:\Users\LENOVO\New folder\data\raw\images\18518.jpg
29250,Men,Footwear,Shoes,Sports Shoes,White,Summer,2012.0,Sports,ADIDAS Men Puntero VII Trx HG White Sports Shoes,Sneakers,shoes,C:\Users\LENOVO\New folder\data\raw\images\29250.jpg
38993,Boys,Apparel,Bottomwear,Jeans,Blue,Summer,2012.0,Casual,Gini and Jony Boys Rodeo Blue Jeans,Jeans,bottom,C:\Users\LENOVO\New folder\data\raw\images\38993.jpg
2704,Girls,Apparel,Dress,Dresses,White,Summer,2011.0,Casual,Disney Kids Girl's White Pooh Kidswear,Dress,top,C:\Users\LENOVO\New folder\data\raw\images\2704.jpg
24148,Men,Apparel,Topwear,Tshirts,Yellow,Spring,2012.0,Casual,ADIDAS Men Yellow Printed T-shirt,T-Shirt,top,C:\Users\LENOVO\New folder\data\raw\images\24148.jpg
52029,Unisex,Apparel,Topwear,Rain Jacket,Coffee Brown,Summer,2012.0,,Just Natural Unisex Charcoal Rain Jacket,Jacket,outerwear,C:\Users\LENOVO\New folder\data\raw\images\52029.jpg
49164,Women,Personal Care,Makeup,Kajal and Eyeliner,White,Spring,2017.0,,Deborah Kajal 117,Accessories,accessory,C:\Users\LENOVO\New folder\data\raw\images\49164.jpg
31425,Men,Apparel,Bottomwear,Trousers,Grey,Summer,2012.0,Casual,Highlander Men Grey Trousers,Trousers,bottom,C:\Users\LENOVO\New folder\data\raw\images\31425.jpg
13915,Men,Footwear,Shoes,Sports Shoes,White,Fall,2011.0,Sports,Nike Men 2.04 SL White Sports Shoes,Sneakers,shoes,C:\Users\LENOVO\New folder\data\raw\images\13915.jpg
12333,Women,Apparel,Bottomwear,Jeans,Blue,Fall,2011.0,Casual,Spykar Women Ep Jeans Blue Jeans,Jeans,bottom,C:\Users\LENOVO\New folder\data\raw\images\12333.jpg
41599,Men,Apparel,Topwear,Shirts,Blue,Summer,2012.0,Casual,Basics Men Blue Shirt,Shirt,top,C:\Users\LENOVO\New folder\data\raw\images\41599.jpg
51448,Women,Apparel,Dress,Dresses,Gold,Summer,2012.0,Casual,Tonga Women Gold Dress,Dress,top,C:\Users\LENOVO\New folder\data\raw\images\51448.jpg
4958,Men,Apparel,Topwear,Tshirts,White,Summer,2011.0,Casual,Gini and Jony Boy's King White Red Blue Infant Kidswear,T-Shirt,top,C:\Users\LENOVO\New folder\data\raw\images\4958.jpg
26983,Girls,Apparel,Bottomwear,Capris,Black,Summer,2012.0,Casual,Jealous 21 Girls Black Trousers,Trousers,bottom,C:\Users\LENOVO\New folder\data\raw\images\26983.jpg
29573,Men,Footwear,Shoes,Casual Shoes,Black,Summer,2012.0,Casual,Vans Men Edgemont Black Shoes,Shoes,shoes,C:\Users\LENOVO\New folder\data\raw\images\29573.jpg
11290,Men,Apparel,Bottomwear,Jeans,Blue,Summer,2016.0,Casual,Wrangler Men Blue Floyd Fit Jeans,Jeans,bottom,C:\Users\LENOVO\New folder\data\raw\images\11290.jpg
24520,Women,Apparel,Topwear,Kurtas,Orange,Fall,2011.0,Ethnic,Mother Earth Women Orange  Kurta,Shirt,top,C:\Users\LENOVO\New folder\data\raw\images\24520.jpg
51685,Men,Accessories,Eyewear,Sunglasses,Brown,Winter,2016.0,Casual,Louis Philippe Men Brown Sunglasses LP207-C1,Accessories,accessory,C:\Users\LENOVO\New folder\data\raw\images\51685.jpg
37929,Women,Apparel,Dress,Dresses,Pink,Summer,2012.0,Casual,Mineral Women Pink Dress,Dress,top,C:\Users\LENOVO\New folder\data\raw\images\37929.jpg
18133,Men,Apparel,Innerwear,Innerwear Vests,White,Summer,2016.0,Casual,Crusoe Men Square Neck Tee White Innerwear Vests,Accessories,accessory,C:\Users\LENOVO\New folder\data\raw\images\18133.jpg
43675,Women,Apparel,Dress,Jumpsuit,Pink,Summer,2012.0,Casual,French Connection Women Multi Coloured Playsuit,Dress,top,C:\Users\LENOVO\New folder\data\raw\images\43675.jpg
38121,Men,Apparel,Bottomwear,Trousers,Black,Summer,2012.0,Casual,Allen Solly Men Black Trousers,Trousers,bottom,C:\Users\LENOVO\New folder\data\raw\images\38121.jpg
4456,Men,Apparel,Topwear,Tshirts,White,Summer,2011.0,Sports,Nike Men's Kobe Epic White T-shirt,T-Shirt,top,C:\Users\LENOVO\New folder\data\raw\images\4456.jpg
27550,Men,Apparel,Topwear,Shirts,Olive,Summer,2012.0,Casual,Scullers Men Olive Shirt,Shirt,top,C:\Users\LENOVO\New folder\data\raw\images\27550.jpg
46616,Women,Footwear,Shoes,Heels,Bronze,Winter,2012.0,Casual,Catwalk Women Bronze Wedges,Shoes,shoes,C:\Users\LENOVO\New folder\data\raw\images\46616.jpg
9937,Men,Apparel,Topwear,Tshirts,Grey,Fall,2011.0,Casual,Probase Men Outdoor Event Grey Tshirts,T-Shirt,top,C:\Users\LENOVO\New folder\data\raw\images\9937.jpg
1530,Men,Apparel,Topwear,Jackets,Red,Fall,2010.0,Sports,Puma Men Ferrari Track Jacket,Jacket,outerwear,C:\Users\LENOVO\New folder\data\raw\images\1530.jpg
37266,Girls,Apparel,Dress,Dresses,Navy Blue,Summer,2012.0,Casual,United Colors of Benetton Girls Printed Navy Blue Dress,Dress,top,C:\Users\LENOVO\New folder\data\raw\images\37266.jpg
5239,Men,Footwear,Shoes,Sports Shoes,White,Summer,2011.0,Sports,Reebok Men's Zigfuel White Shoe,Sneakers,shoes,C:\Users\LENOVO\New folder\data\raw\images\5239.jpg
51501,Women,Apparel,Bottomwear,Jeans,Blue,Summer,2012.0,Casual,Denizen Women Blue Jeans,Jeans,bottom,C:\Users\LENOVO\New folder\data\raw\images\51501.jpg
6870,Women,Apparel,Dress,Dresses,Pink,Summer,2011.0,Casual,Forever New Women's Pink Dress,Dress,top,C:\Users\LENOVO\New folder\data\raw\images\6870.jpg
26530,Men,Footwear,Shoes,Casual Shoes,Purple,Spring,2013.0,Casual,Gas Men Aishley Greyish Purple Casual Shoes,Shoes,shoes,C:\Users\LENOVO\New folder\data\raw\images\26530.jpg
15111,Men,Apparel,Bottomwear,Trousers,Coffee Brown,Fall,2011.0,Formal,Arrow Men Stripes Coffee Brown Trousers,Trousers,bottom,C:\Users\LENOVO\New folder\data\raw\images\15111.jpg
29519,Women,Accessories,Watches,Watches,Black,Winter,2016.0,Casual,Playboy Women Black Dial Watch,Accessories,accessory,C:\Users\LENOVO\New folder\data\raw\images\29519.jpg
5581,Girls,Apparel,Bottomwear,Skirts,Pink,Summer,2011.0,Casual,Ant Kids Girl's Flower Print Frill Pink Kidswear,Skirt,bottom,C:\Users\LENOVO\New folder\data\raw\images\5581.jpg
26197,Men,Personal Care,Fragrance,Perfume and Body Mist,Green,Spring,2017.0,Casual,Formula 1 Go Men Perfume,Accessories,accessory,C:\Users\LENOVO\New folder\data\raw\images\26197.jpg
5583,Men,Footwear,Shoes,Sports Shoes,Brown,Summer,2011.0,Sports,ADIDAS Men Adistreet Lux Brown Shoe,Sneakers,shoes,C:\Users\LENOVO\New folder\data\raw\images\5583.jpg
15128,Men,Apparel,Bottomwear,Trousers,Cream,Winter,2014.0,Formal,Arrow  Men Solid Cream Trousers,Trousers,bottom,C:\Users\LENOVO\New folder\data\raw\images\15128.jpg
35425,Men,Footwear,Shoes,Sports Shoes,White,Summer,2012.0,Sports,ADIDAS Men Twenty2yds Mid IV White Sports Shoes,Sneakers,shoes,C:\Users\LENOVO\New folder\data\raw\images\35425.jpg
2482,Women,Apparel,Topwear,Tops,Black,Fall,2011.0,Casual,Puma Women Black Spagetti Top,T-Shirt,top,C:\Users\LENOVO\New folder\data\raw\images\2482.jpg
48477,Women,Apparel,Dress,Dresses,Cream,Winter,2011.0,Casual,French Connection Women Cream Dress,Dress,top,C:\Users\LENOVO\New folder\data\raw\images\48477.jpg
32178,Men,Footwear,Shoes,Sports Shoes,White,Spring,2013.0,Sports,ADIDAS Men Vermont White Sports Shoes,Sneakers,shoes,C:\Users\LENOVO\New folder\data\raw\images\32178.jpg
20372,Women,Apparel,Bottomwear,Track Pants,Purple,Fall,2011.0,Casual,Urban Yoga Women Solid Purple Track Pants,Trousers,bottom,C:\Users\LENOVO\New folder\data\raw\images\20372.jpg
4930,Women,Apparel,Bottomwear,Skirts,Blue,Summer,2011.0,Casual,Gini and Jony Girl's Vanida Blue Dungree Infant Kidswear,Skirt,bottom,C:\Users\LENOVO\New folder\data\raw\images\4930.jpg
8546,Women,Footwear,Flip Flops,Flip Flops,Brown,Fall,2011.0,Casual,Crocs Women Abf Single Flip Slippers,Shoes,shoes,C:\Users\LENOVO\New folder\data\raw\images\8546.jpg
11403,Women,Apparel,Topwear,Tops,Red,Fall,2011.0,Casual,United Colors of Benetton Women Light Winter Red Tops,T-Shirt,top,C:\Users\LENOVO\New folder\data\raw\images\11403.jpg
13222,Men,Apparel,Bottomwear,Shorts,Blue,Fall,2011.0,Casual,Palm Tree Kids Boys Washed Blue Shorts,Trousers,bottom,C:\Users\LENOVO\New folder\data\raw\images\13222.jpg
34732,Men,Footwear,Shoes,Sports Shoes,White,Summer,2012.0,Sports,Puma Men Iridium II Rubber White Sports Shoes,Sneakers,shoes,C:\Users\LENOVO\New folder\data\raw\images\34732.jpg
57043,Women,Apparel,Dress,Dresses,Black,Summer,2012.0,Casual,Elle Black Dress,Dress,top,C:\Users\LENOVO\New folder\data\raw\images\57043.jpg
8990,Unisex,Footwear,Shoes,Casual Shoes,White,Fall,2011.0,Casual,Puma Unisex Puma Evo White Casual Shoes,Shoes,shoes,C:\Users\LENOVO\New folder\data\raw\images\8990.jpg
5579,Men,Footwear,Shoes,Sports Shoes,Black,Summer,2012.0,Sports,ADIDAS Men's Coleman Black Shoe,Sneakers,shoes,C:\Users\LENOVO\New folder\data\raw\images\5579.jpg
29777,Men,Apparel,Bottomwear,Trousers,Black,Summer,2012.0,Casual,Basics Men Black Trousers,Trousers,bottom,C:\Users\LENOVO\New folder\data\raw\images\29777.jpg
46895,Men,Apparel,Bottomwear,Jeans,Blue,Summer,2012.0,Casual,Locomotive Men Blue Jeans,Jeans,bottom,C:\Users\LENOVO\New folder\data\raw\images\46895.jpg
1951,Women,Footwear,Shoes,Sports Shoes,Purple,Fall,2011.0,Sports,Puma Women Eco Funky Shoes,Sneakers,shoes,C:\Users\LENOVO\New folder\data\raw\images\1951.jpg
44580,Men,Apparel,Bottomwear,Jeans,Black,Summer,2017.0,Casual,Lee Men Black Jet Jeans,Jeans,bottom,C:\Users\LENOVO\New folder\data\raw\images\44580.jpg
7416,Women,Apparel,Topwear,Kurtas,White,Summer,2011.0,Ethnic,W Women V Neck Solid Short Sleeve White Kurta,Shirt,top,C:\Users\LENOVO\New folder\data\raw\images\7416.jpg
40597,Women,Apparel,Topwear,Kurtis,Green,Summer,2012.0,Ethnic,Aurelia Women Green Kurti,Accessories,accessory,C:\Users\LENOVO\New folder\data\raw\images\40597.jpg
24186,Men,Footwear,Shoes,Casual Shoes,Black,Summer,2014.0,Casual,Converse Men Black & Maroon Oxford Casual Shoes,Shoes,shoes,C:\Users\LENOVO\New folder\data\raw\images\24186.jpg
22637,Boys,Apparel,Topwear,Tshirts,Black,Fall,2011.0,Casual,Nike Kids Boys Printed Black T-shirt,T-Shirt,top,C:\Users\LENOVO\New folder\data\raw\images\22637.jpg
26139,Men,Apparel,Bottomwear,Trousers,Grey,Summer,2012.0,Formal,John Miller Men Grey Trousers,Trousers,bottom,C:\Users\LENOVO\New folder\data\raw\images\26139.jpg
57062,Women,Apparel,Topwear,Jackets,Blue,Summer,2012.0,Casual,Elle Women Blue Jacket,Jacket,outerwear,C:\Users\LENOVO\New folder\data\raw\images\57062.jpg
30927,Women,Apparel,Bottomwear,Skirts,Red,Summer,2012.0,Ethnic,Fabindia Women Red Ghera Crinkle Skirt,Skirt,bottom,C:\Users\LENOVO\New folder\data\raw\images\30927.jpg
58543,Men,Accessories,Eyewear,Sunglasses,Black,Winter,2016.0,Casual,Miami Blues Men Sunglasses,Accessories,accessory,C:\Users\LENOVO\New folder\data\raw\images\58543.jpg
20106,Women,Apparel,Topwear,Kurtas,Beige,Fall,2011.0,Ethnic,Diva Women Printed Beige Kurta,Shirt,top,C:\Users\LENOVO\New folder\data\raw\images\20106.jpg
28452,Women,Apparel,Bottomwear,Leggings,Black,Summer,2012.0,Casual,Urban Yoga Women Black Leggings,Trousers,bottom,C:\Users\LENOVO\New folder\data\raw\images\28452.jpg
50010,Women,Apparel,Innerwear,Bra,Grey,Winter,2015.0,Casual,Hanes Grey & Pink Contour Bra 83U203,Accessories,accessory,C:\Users\LENOVO\New folder\data\raw\images\50010.jpg
12765,Women,Apparel,Bottomwear,Jeans,Black,Fall,2011.0,Casual,Spykar Women Washed Black Jeans,Jeans,bottom,C:\Users\LENOVO\New folder\data\raw\images\12765.jpg
57066,Women,Apparel,Topwear,Jackets,Pink,Summer,2012.0,Casual,Elle Women Pink Jacket,Jacket,outerwear,C:\Users\LENOVO\New folder\data\raw\images\57066.jpg
22952,Men,Footwear,Shoes,Sports Shoes,Grey,Summer,2012.0,Sports,Reebok Men Grey Real Flex Sports Shoes,Sneakers,shoes,C:\Users\LENOVO\New folder\data\raw\images\22952.jpg
39608,Women,Footwear,Shoes,Heels,White,Winter,2015.0,Casual,Catwalk Women White Heels,Shoes,shoes,C:\Users\LENOVO\New folder\data\raw\images\39608.jpg
25827,Women,Apparel,Topwear,Kurtas,Silver,Summer,2012.0,Ethnic,Diva Women Printed Beige Kurta,Shirt,top,C:\Users\LENOVO\New folder\data\raw\images\25827.jpg
51450,Women,Apparel,Dress,Dresses,Brown,Summer,2012.0,Casual,Tonga Women Brown Dress,Dress,top,C:\Users\LENOVO\New folder\data\raw\images\51450.jpg
24163,Women,Apparel,Topwear,Kurtas,Navy Blue,Fall,2011.0,Ethnic,Aurelia Women Navy Blue Kurta,Shirt,top,C:\Users\LENOVO\New folder\data\raw\images\24163.jpg
11315,Women,Apparel,Bottomwear,Jeans,Blue,Fall,2011.0,Casual,United Colors of Benetton Women Washed Blue Jeans,Jeans,bottom,C:\Users\LENOVO\New folder\data\raw\images\11315.jpg
12093,Women,Apparel,Topwear,Kurtas,Purple,Fall,2011.0,Ethnic,W Women Printed Purple Kurtas,Shirt,top,C:\Users\LENOVO\New folder\data\raw\images\12093.jpg
1607,Men,Apparel,Bottomwear,Track Pants,Blue,Fall,2010.0,Sports,Reebok Men trackpant- male Track Pants,Trousers,bottom,C:\Users\LENOVO\New folder\data\raw\images\1607.jpg
30929,Women,Apparel,Bottomwear,Skirts,Grey,Summer,2012.0,Ethnic,Fabindia Women Grey Skirt,Skirt,bottom,C:\Users\LENOVO\New folder\data\raw\images\30929.jpg
6400,Men,Footwear,Sandal,Sandals,Black,Summer,2011.0,Casual,Lotto Men Laos Black Grey Floater,Shoes,shoes,C:\Users\LENOVO\New folder\data\raw\images\6400.jpg
33147,Girls,Apparel,Bottomwear,Jeans,Blue,Summer,2012.0,Casual,Gini and Jony Girls Blue Jeans,Jeans,bottom,C:\Users\LENOVO\New folder\data\raw\images\33147.jpg
41531,Men,Accessories,Belts,Belts,Brown,Summer,2012.0,Casual,Basics Men Brown Leather Belt,Accessories,accessory,C:\Users\LENOVO\New folder\data\raw\images\41531.jpg
23864,Men,Footwear,Shoes,Sports Shoes,White,Summer,2011.0,Sports,ADIDAS Men White Ambition Sports Shoes,Sneakers,shoes,C:\Users\LENOVO\New folder\data\raw\images\23864.jpg
17506,Men,Apparel,Topwear,Tshirts,Grey Melange,Fall,2011.0,Casual,Classic Polo Men Stripes Blue Polo T-Shirt,T-Shirt,top,C:\Users\LENOVO\New folder\data\raw\images\17506.jpg
24589,Women,Apparel,Topwear,Kurtas,Brown,Fall,2011.0,Ethnic,Vishudh Women Brown Printed Kurta,Shirt,top,C:\Users\LENOVO\New folder\data\raw\images\24589.jpg
26323,Men,Apparel,Bottomwear,Tracksuits,Navy Blue,Fall,2013.0,Sports,Proline Men Navy Tracksuit,Accessories,accessory,C:\Users\LENOVO\New folder\data\raw\images\26323.jpg
45615,Men,Footwear,Shoes,Formal Shoes,Black,Summer,2013.0,Formal,Arrow Men Black Shoes,Shoes,shoes,C:\Users\LENOVO\New folder\data\raw\images\45615.jpg
46813,Girls,Apparel,Bottomwear,Skirts,Pink,Summer,2012.0,Casual,Gini and Jony Girls Pink Skirt,Skirt,bottom,C:\Users\LENOVO\New folder\data\raw\images\46813.jpg
17321,Women,Accessories,Eyewear,Sunglasses,Black,Winter,2016.0,Casual,Pepe Jeans Women Casual Sunglasses,Accessories,accessory,C:\Users\LENOVO\New folder\data\raw\images\17321.jpg
4681,Unisex,Accessories,Bags,Backpacks,Navy Blue,Summer,2011.0,Sports,ADIDAS Unisex Ess Dark Navy White Backpack,Accessories,accessory,C:\Users\LENOVO\New folder\data\raw\images\4681.jpg
28806,Men,Apparel,Topwear,Shirts,Black,Summer,2012.0,Casual,Denizen Men Check Black Shirt,Shirt,top,C:\Users\LENOVO\New folder\data\raw\images\28806.jpg
39233,Women,Apparel,Dress,Dresses,Blue,Summer,2012.0,Casual,Femella Women Blue GGT Pannel Princess Dress,Dress,top,C:\Users\LENOVO\New folder\data\raw\images\39233.jpg
51506,Women,Apparel,Bottomwear,Jeans,Blue,Summer,2012.0,Casual,Denizen Women Blue Jeans,Jeans,bottom,C:\Users\LENOVO\New folder\data\raw\images\51506.jpg
1525,Unisex,Accessories,Bags,Backpacks,Navy Blue,Fall,2010.0,Casual,Puma Deck Navy Blue Backpack,Accessories,accessory,C:\Users\LENOVO\New folder\data\raw\images\1525.jpg
41352,Women,Apparel,Bottomwear,Jeans,Black,Summer,2012.0,Casual,Wrangler Women Classics Jeans,Jeans,bottom,C:\Users\LENOVO\New folder\data\raw\images\41352.jpg
48473,Women,Apparel,Dress,Dresses,Blue,Winter,2011.0,Casual,French Connection Women Blue Dress,Dress,top,C:\Users\LENOVO\New folder\data\raw\images\48473.jpg
59102,Men,Apparel,Topwear,Rain Jacket,Black,Fall,2012.0,Casual,Just Natural Men Black Rain Jacket,Jacket,outerwear,C:\Users\LENOVO\New folder\data\raw\images\59102.jpg
33976,Women,Apparel,Dress,Dresses,Navy Blue,Summer,2012.0,Casual,Femella Women Check Navy Blue Dress,Dress,top,C:\Users\LENOVO\New folder\data\raw\images\33976.jpg
51502,Women,Apparel,Bottomwear,Jeans,Blue,Summer,2012.0,Casual,Denizen Women Greenish Blue Jeans,Jeans,bottom,C:\Users\LENOVO\New folder\data\raw\images\51502.jpg
39301,Men,Footwear,Shoes,Casual Shoes,Brown,Winter,2018.0,Casual,Red Chief Men Brown Shoes,Shoes,shoes,C:\Users\LENOVO\New folder\data\raw\images\39301.jpg
4237,Men,Apparel,Topwear,Tshirts,Red,Summer,2011.0,Casual,Probase Men's Big Sound Red Tshirt,T-Shirt,top,C:\Users\LENOVO\New folder\data\raw\images\4237.jpg
12691,Men,Footwear,Shoes,Sports Shoes,Grey,Fall,2011.0,Sports,Nike Men Dual Fusion Grey Sports Shoes,Sneakers,shoes,C:\Users\LENOVO\New folder\data\raw\images\12691.jpg
55572,Women,Personal Care,Makeup,Concealer,Skin,Spring,2017.0,Casual,Revlon Photo Ready Medium Deep Concealer 005,Accessories,accessory,C:\Users\LENOVO\New folder\data\raw\images\55572.jpg
39103,Men,Apparel,Bottomwear,Trousers,Grey,Summer,2012.0,Formal,Reid & Taylor Men Grey Trouser,Trousers,bottom,C:\Users\LENOVO\New folder\data\raw\images\39103.jpg
19857,Men,Apparel,Topwear,Jackets,Navy Blue,Fall,2011.0,Casual,U.S. Polo Assn. Men Reversible Navy Blue Jacket,Jacket,outerwear,C:\Users\LENOVO\New folder\data\raw\images\19857.jpg
48704,Women,Accessories,Jewellery,Earrings,Silver,Fall,2012.0,Casual,Lucera Women Silver Earrings,Accessories,accessory,C:\Users\LENOVO\New folder\data\raw\images\48704.jpg
32401,Women,Apparel,Topwear,Tops,White,Summer,2012.0,Casual,Arrow Woman Printed Multi Coloured Top,T-Shirt,top,C:\Users\LENOVO\New folder\data\raw\images\32401.jpg
8092,Men,Footwear,Shoes,Sports Shoes,White,Fall,2011.0,Sports,ADIDAS Men Galaxy Elite White Sports Shoes,Sneakers,shoes,C:\Users\LENOVO\New folder\data\raw\images\8092.jpg
24541,Women,Apparel,Topwear,Kurtas,Blue,Fall,2011.0,Ethnic,Mother Earth Women Blue Printed Kurta,Shirt,top,C:\Users\LENOVO\New folder\data\raw\images\24541.jpg
5434,Men,Apparel,Topwear,Tshirts,Red,Summer,2011.0,Sports,Nike Men's Kill Man Red T-shirt,T-Shirt,top,C:\Users\LENOVO\New folder\data\raw\images\5434.jpg
25867,Unisex,Accessories,Bags,Backpacks,Black,Winter,2015.0,Casual,American Tourister Black Reversible Backpack,Accessories,accessory,C:\Users\LENOVO\New folder\data\raw\images\25867.jpg
8454,Women,Apparel,Topwear,Tops,White,Fall,2011.0,Casual,Jealous 21 Women Jealous Ranae White Top White Tops,T-Shirt,top,C:\Users\LENOVO\New folder\data\raw\images\8454.jpg
5038,Men,Footwear,Shoes,Sports Shoes,White,Summer,2011.0,Sports,Fila Men's Galliant White Shoe,Sneakers,shoes,C:\Users\LENOVO\New folder\data\raw\images\5038.jpg
32802,Women,Footwear,Flip Flops,Flip Flops,Black,Winter,2012.0,Casual,iPanema Women Neo Black Flip Flops,Shoes,shoes,C:\Users\LENOVO\New folder\data\raw\images\32802.jpg
41348,Men,Apparel,Bottomwear,Jeans,Navy Blue,Summer,2016.0,Casual,Wrangler Men Navy Blue Skanders Jeans,Jeans,bottom,C:\Users\LENOVO\New folder\data\raw\images\41348.jpg
5694,Men,Footwear,Shoes,Casual Shoes,Brown,Winter,2015.0,Casual,Skechers Men's Genesis Everstone Brown Shoe,Shoes,shoes,C:\Users\LENOVO\New folder\data\raw\images\5694.jpg
28268,Men,Personal Care,Fragrance,Deodorant,Blue,Spring,2017.0,Casual,Gatsby Men Intense Deo,Accessories,accessory,C:\Users\LENOVO\New folder\data\raw\images\28268.jpg
9532,Men,Apparel,Topwear,Jackets,Orange,Fall,2011.0,Sports,Nike Men Summerized Wind Runner Orange Jackets,Jacket,outerwear,C:\Users\LENOVO\New folder\data\raw\images\9532.jpg
6357,Unisex,Footwear,Flip Flops,Flip Flops,Black,Summer,2011.0,Casual,Crocs Unisex Basic Black Flip Flop,Shoes,shoes,C:\Users\LENOVO\New folder\data\raw\images\6357.jpg
47421,Women,Accessories,Bags,Handbags,Black,Summer,2012.0,Casual,Baggit Women Black Handbag,Accessories,accessory,C:\Users\LENOVO\New folder\data\raw\images\47421.jpg
25890,Women,Apparel,Bottomwear,Leggings,White,Summer,2012.0,Casual,Femella Women White Leggings,Trousers,bottom,C:\Users\LENOVO\New folder\data\raw\images\25890.jpg
10655,Women,Apparel,Bottomwear,Skirts,Blue,Fall,2011.0,Casual,Doodle Girl Denim skirt with belt Blue Skirts,Skirt,bottom,C:\Users\LENOVO\New folder\data\raw\images\10655.jpg
7600,Women,Footwear,Shoes,Sports Shoes,White,Summer,2011.0,Sports,Nike Women's City Cou White Shoe,Sneakers,shoes,C:\Users\LENOVO\New folder\data\raw\images\7600.jpg
10787,Men,Apparel,Topwear,Shirts,Green,Fall,2011.0,Casual,Wrangler Men Galway Placket Label Check Shirt,Shirt,top,C:\Users\LENOVO\New folder\data\raw\images\10787.jpg
31605,Women,Apparel,Bottomwear,Skirts,Black,Summer,2012.0,Sports,Nike Women Running Black Skirt with Capris,Skirt,bottom,C:\Users\LENOVO\New folder\data\raw\images\31605.jpg
7158,Men,Apparel,Topwear,Shirts,Green,Fall,2011.0,Casual,Scullers Men  Green Check Shirt,Shirt,top,C:\Users\LENOVO\New folder\data\raw\images\7158.jpg
18957,Women,Apparel,Topwear,Jackets,Grey,Fall,2011.0,Casual,United Colors of Benetton Women Solid Grey Knitted Jacket,Jacket,outerwear,C:\Users\LENOVO\New folder\data\raw\images\18957.jpg
42725,Women,Footwear,Shoes,Flats,Black,Winter,2012.0,Casual,Rocia Women Black Sandals,Shoes,shoes,C:\Users\LENOVO\New folder\data\raw\images\42725.jpg
6477,Men,Apparel,Topwear,Jackets,White,Summer,2011.0,Casual,ADIDAS Men Top White Jacket,Jacket,outerwear,C:\Users\LENOVO\New folder\data\raw\images\6477.jpg
27016,Women,Apparel,Bottomwear,Jeans,Blue,Summer,2012.0,Casual,Jealous 21 Women Washed Blue Jeans,Jeans,bottom,C:\Users\LENOVO\New folder\data\raw\images\27016.jpg
13417,Men,Apparel,Topwear,Shirts,Blue,Summer,2011.0,Casual,United Colors of Benetton Men Solid Blue Shirts,Shirt,top,C:\Users\LENOVO\New folder\data\raw\images\13417.jpg
50948,Women,Apparel,Bottomwear,Jeans,Black,Winter,2011.0,Casual,Lee Women Black Jeans,Jeans,bottom,C:\Users\LENOVO\New folder\data\raw\images\50948.jpg
20279,Women,Footwear,Shoes,Heels,Beige,Winter,2015.0,Casual,Catwalk Women Casual Beige Heels,Shoes,shoes,C:\Users\LENOVO\New folder\data\raw\images\20279.jpg
10110,Women,Footwear,Shoes,Sports Shoes,White,Fall,2011.0,Sports,Reebok Women Instant White Sports Shoes,Sneakers,shoes,C:\Users\LENOVO\New folder\data\raw\images\10110.jpg
42418,Girls,Apparel,Topwear,Tops,White,Summer,2012.0,Casual,Gini and Jony Girls Woven White Top,T-Shirt,top,C:\Users\LENOVO\New folder\data\raw\images\42418.jpg
49561,Women,Accessories,Bags,Clutches,Black,Summer,2012.0,Casual,Spice Art Women Black Clutch,Accessories,accessory,C:\Users\LENOVO\New folder\data\raw\images\49561.jpg
2708,Girls,Apparel,Dress,Dresses,White,Summer,2011.0,Casual,Disney Kids Girl's White Dress Pooh Kidswear,Dress,top,C:\Users\LENOVO\New folder\data\raw\images\2708.jpg
58372,Men,Apparel,Topwear,Tshirts,Beige,Summer,2012.0,Casual,Locomotive Men Beige T-shirt,T-Shirt,top,C:\Users\LENOVO\New folder\data\raw\images\58372.jpg
43955,Men,Apparel,Topwear,Shirts,Purple,Summer,2012.0,Formal,Scullers  Men Purple Shirt,Shirt,top,C:\Users\LENOVO\New folder\data\raw\images\43955.jpg
30814,Women,Apparel,Bottomwear,Leggings,Purple,Summer,2012.0,Ethnic,Fabindia Women Purple Leggings,Trousers,bottom,C:\Users\LENOVO\New folder\data\raw\images\30814.jpg
28161,Men,Accessories,Eyewear,Sunglasses,Copper,Winter,2016.0,Casual,Ray-Ban Men Aviator Sunglasses,Accessories,accessory,C:\Users\LENOVO\New folder\data\raw\images\28161.jpg
27525,Men,Apparel,Topwear,Jackets,Olive,Summer,2012.0,Casual,Scullers Men Olive Jacket,Jacket,outerwear,C:\Users\LENOVO\New folder\data\raw\images\27525.jpg
18181,Boys,Apparel,Bottomwear,Jeans,Blue,Fall,2011.0,Casual,Doodle Boys-Boys Washed Blue Jeans,Jeans,bottom,C:\Users\LENOVO\New folder\data\raw\images\18181.jpg
10183,Women,Footwear,Shoes,Casual Shoes,White,Fall,2011.0,Casual,Puma Women Future Cat Ballistic Jr White Casual Shoes,Shoes,shoes,C:\Users\LENOVO\New folder\data\raw\images\10183.jpg
6877,Women,Apparel,Topwear,Jackets,Pink,Summer,2011.0,Casual,Forever New Women Soft Magnolia Pink Jacket,Jacket,outerwear,C:\Users\LENOVO\New folder\data\raw\images\6877.jpg
10262,Men,Apparel,Bottomwear,Trousers,Black,Fall,2011.0,Formal,John Miller Men Black Trousers,Trousers,bottom,C:\Users\LENOVO\New folder\data\raw\images\10262.jpg
4547,Men,Footwear,Shoes,Sports Shoes,White,Summer,2011.0,Sports,Nike Men's Egoli White Black Shoe,Sneakers,shoes,C:\Users\LENOVO\New folder\data\raw\images\4547.jpg
15740,Women,Footwear,Shoes,Sports Shoes,Grey,Fall,2011.0,Sports,Nike Women Air Relentless Grey Sports Shoes,Sneakers,shoes,C:\Users\LENOVO\New folder\data\raw\images\15740.jpg
39151,Women,Apparel,Topwear,Kurtas,Green,Summer,2012.0,Ethnic,Aneri Women Green & Brown Printed Kurta,Shirt,top,C:\Users\LENOVO\New folder\data\raw\images\39151.jpg
32561,Women,Apparel,Bottomwear,Jeans,Peach,Summer,2012.0,Casual,ONLY Women Peach Jeans,Jeans,bottom,C:\Users\LENOVO\New folder\data\raw\images\32561.jpg
57059,Women,Apparel,Dress,Dresses,Red,Summer,2012.0,Casual,Elle Women Red Dress,Dress,top,C:\Users\LENOVO\New folder\data\raw\images\57059.jpg
26124,Men,Apparel,Topwear,Shirts,White,Summer,2012.0,Formal,John Miller Men Check White Shirt,Shirt,top,C:\Users\LENOVO\New folder\data\raw\images\26124.jpg
39229,Women,Apparel,Topwear,Shirts,Black,Summer,2012.0,Casual,Femella Women Petal Black Shirt,Shirt,top,C:\Users\LENOVO\New folder\data\raw\images\39229.jpg
1787,Men,Footwear,Shoes,Sports Shoes,White,Fall,2010.0,Sports,Lotto Men Court Logo White-Silver Shoe,Sneakers,shoes,C:\Users\LENOVO\New folder\data\raw\images\1787.jpg
16719,Men,Apparel,Topwear,Jackets,Black,Fall,2011.0,Casual,Fila Men Solid Black Jacket,Jacket,outerwear,C:\Users\LENOVO\New folder\data\raw\images\16719.jpg
36209,Boys,Apparel,Topwear,Jackets,Grey,Summer,2012.0,Casual,Gini Jony Boys Grey Jacket,Jacket,outerwear,C:\Users\LENOVO\New folder\data\raw\images\36209.jpg
39220,Women,Apparel,Dress,Dresses,Black,Summer,2012.0,Casual,Femella Women Black Dress,Dress,top,C:\Users\LENOVO\New folder\data\raw\images\39220.jpg
42931,Men,Accessories,Wallets,Wallets,Black,Summer,2012.0,Casual,French Connection Men Black Wallet,Accessories,accessory,C:\Users\LENOVO\New folder\data\raw\images\42931.jpg
51476,Men,Apparel,Bottomwear,Jeans,Blue,Summer,2012.0,Casual,Denizen Men Blue Jeans,Jeans,bottom,C:\Users\LENOVO\New folder\data\raw\images\51476.jpg
20123,Women,Apparel,Topwear,Shirts,Black,Fall,2011.0,Casual,Wrangler Women Western Yoke Black Shirt,Shirt,top,C:\Users\LENOVO\New folder\data\raw\images\20123.jpg
27224,Women,Apparel,Dress,Dresses,White,Summer,2012.0,Casual,Doodle Kids Girl Printed White Dress,Dress,top,C:\Users\LENOVO\New folder\data\raw\images\27224.jpg
13514,Women,Apparel,Bottomwear,Skirts,Blue,Fall,2011.0,Casual,Palm Tree Women Washed Blue Skirts,Skirt,bottom,C:\Users\LENOVO\New folder\data\raw\images\13514.jpg
27116,Women,Apparel,Innerwear,Bra,White,Summer,2017.0,Casual,Miss-T White Bra,Accessories,accessory,C:\Users\LENOVO\New folder\data\raw\images\27116.jpg
51345,Men,Accessories,Socks,Socks,Blue,Summer,2016.0,Casual,Raymond Men Black & Blue Socks,Accessories,accessory,C:\Users\LENOVO\New folder\data\raw\images\51345.jpg
12768,Women,Apparel,Topwear,Tunics,Green,Fall,2011.0,Ethnic,Mother Earth Women Plain Mangalgiri Green Tunics,Shirt,top,C:\Users\LENOVO\New folder\data\raw\images\12768.jpg
14630,Women,Apparel,Bottomwear,Skirts,Brown,Fall,2011.0,Casual,United Colors of Benetton Women Check Brown Skirts,Skirt,bottom,C:\Users\LENOVO\New folder\data\raw\images\14630.jpg
17150,Men,Apparel,Topwear,Jackets,Red,Winter,2016.0,Casual,U.S. Polo Assn. Men Solid Red Jacket,Jacket,outerwear,C:\Users\LENOVO\New folder\data\raw\images\17150.jpg
47677,Women,Apparel,Bottomwear,Trousers,Black,Summer,2012.0,Casual,Femella Women Black Animal Print Trousers,Trousers,bottom,C:\Users\LENOVO\New folder\data\raw\images\47677.jpg
8501,Women,Apparel,Bottomwear,Skirts,Blue,Fall,2011.0,Casual,Forever New Women Blue Skirt,Skirt,bottom,C:\Users\LENOVO\New folder\data\raw\images\8501.jpg
22872,Men,Footwear,Shoes,Casual Shoes,Brown,Summer,2012.0,Casual,Woodland Men Camel Casual Shoes,Shoes,shoes,C:\Users\LENOVO\New folder\data\raw\images\22872.jpg
24413,Men,Footwear,Shoes,Sports Shoes,White,Fall,2013.0,Sports,ADIDAS Men Swerve Str White Sports Shoes,Sneakers,shoes,C:\Users\LENOVO\New folder\data\raw\images\24413.jpg
2718,Girls,Apparel,Topwear,Tops,Red,Summer,2011.0,Casual,Disney Kids Girl's Red Pooh Kidswear,T-Shirt,top,C:\Users\LENOVO\New folder\data\raw\images\2718.jpg
31015,Men,Apparel,Topwear,Shirts,White,Winter,2012.0,Formal,Arrow Men White and Blue Striped Shirt,Shirt,top,C:\Users\LENOVO\New folder\data\raw\images\31015.jpg
45788,Women,Footwear,Shoes,Heels,Brown,Summer,2012.0,Casual,Senorita Women Brown Sandals,Shoes,shoes,C:\Users\LENOVO\New folder\data\raw\images\45788.jpg
43648,Women,Apparel,Topwear,Dresses,Cream,Summer,2012.0,Casual,ONLY Women Cream A-Line Dress,Dress,top,C:\Users\LENOVO\New folder\data\raw\images\43648.jpg
1785,Men,Footwear,Shoes,Sports Shoes,White,Fall,2010.0,Sports,Lotto Men Brighton White-Blue Shoe,Sneakers,shoes,C:\Users\LENOVO\New folder\data\raw\images\1785.jpg
11530,Men,Apparel,Topwear,Sweatshirts,Green,Fall,2011.0,Casual,United Colors of Benetton Men Light Winter Green Sweatshirts,T-Shirt,top,C:\Users\LENOVO\New folder\data\raw\images\11530.jpg
10620,Women,Footwear,Flip Flops,Flip Flops,Gold,Fall,2011.0,Casual,Carlton London Women Casual Gold Slippers,Shoes,shoes,C:\Users\LENOVO\New folder\data\raw\images\10620.jpg
32608,Men,Accessories,Wallets,Wallets,Black,Spring,2013.0,,Levitate Men Black Wallet,Accessories,accessory,C:\Users\LENOVO\New folder\data\raw\images\32608.jpg
19333,Women,Apparel,Topwear,Jackets,Navy Blue,Fall,2011.0,Casual,United Colors of Benetton Women Solid Navy Blue Jacket,Jacket,outerwear,C:\Users\LENOVO\New folder\data\raw\images\19333.jpg
59104,Men,Apparel,Topwear,Rain Jacket,Brown,Summer,2012.0,Casual,Just Natural Men Brown Rain Jacket,Jacket,outerwear,C:\Users\LENOVO\New folder\data\raw\images\59104.jpg
8493,Women,Apparel,Bottomwear,Skirts,Black,Fall,2011.0,Casual,Forever New Women Black Skirts,Skirt,bottom,C:\Users\LENOVO\New folder\data\raw\images\8493.jpg
19855,Men,Apparel,Topwear,Jackets,Navy Blue,Winter,2016.0,Casual,U.S. Polo Assn. Men Solid Navy Blue Jackets,Jacket,outerwear,C:\Users\LENOVO\New folder\data\raw\images\19855.jpg
50325,Women,Apparel,Topwear,Kurtas,Navy Blue,Summer,2012.0,Ethnic,Aurelia Women Navy Blue Kurta,Shirt,top,C:\Users\LENOVO\New folder\data\raw\images\50325.jpg
48464,Women,Apparel,Dress,Dresses,Blue,Summer,2012.0,Casual,French Connection Blue & Black Printed Dress,Dress,top,C:\Users\LENOVO\New folder\data\raw\images\48464.jpg
25529,Men,Apparel,Topwear,Shirts,White,Summer,2012.0,Casual,Wrangler Men Griffith White Shirt,Shirt,top,C:\Users\LENOVO\New folder\data\raw\images\25529.jpg
14128,Women,Apparel,Bottomwear,Jeans,Blue,Fall,2011.0,Casual,Flying Machine Women Washed Blue Jeans,Jeans,bottom,C:\Users\LENOVO\New folder\data\raw\images\14128.jpg
13521,Women,Apparel,Topwear,Tops,Grey,Fall,2011.0,Casual,Jealous 21 Women Solid Grey Tops,T-Shirt,top,C:\Users\LENOVO\New folder\data\raw\images\13521.jpg
58898,Men,Accessories,Ties,Ties,Grey,Summer,2012.0,Casual,Hakashi Men Black & Grey Silk Tie,Accessories,accessory,C:\Users\LENOVO\New folder\data\raw\images\58898.jpg
33270,Girls,Apparel,Bottomwear,Skirts,White,Summer,2012.0,Casual,Gini & Jony Girls White Skirt,Skirt,bottom,C:\Users\LENOVO\New folder\data\raw\images\33270.jpg
27908,Women,Apparel,Bottomwear,Trousers,Black,Summer,2012.0,Casual,Scullers For Her Black Trousers,Trousers,bottom,C:\Users\LENOVO\New folder\data\raw\images\27908.jpg
43508,Women,Apparel,Dress,Dresses,White,Summer,2012.0,Casual,French Connection Women Navy Blue Striped Dress,Dress,top,C:\Users\LENOVO\New folder\data\raw\images\43508.jpg
16020,Men,Apparel,Bottomwear,Trousers,Grey,Fall,2011.0,Casual,Turtle Solid Men Grey Trouser,Trousers,bottom,C:\Users\LENOVO\New folder\data\raw\images\16020.jpg
4671,Unisex,Accessories,Bags,Backpacks,Navy Blue,Summer,2011.0,Sports,ADIDAS Unisex Ess BP Dark Navy Blue Backpack,Accessories,accessory,C:\Users\LENOVO\New folder\data\raw\images\4671.jpg
29878,Men,Accessories,Eyewear,Sunglasses,Green,Summer,2017.0,Casual,Mayhem Men Rectangular Sunglasses 1020-207,Accessories,accessory,C:\Users\LENOVO\New folder\data\raw\images\29878.jpg
22363,Men,Apparel,Topwear,Jackets,Navy Blue,Fall,2011.0,Casual,ADIDAS Men Ess 3S Rain Jkt Navy Blue Jacket,Jacket,outerwear,C:\Users\LENOVO\New folder\data\raw\images\22363.jpg
37446,Men,Accessories,Belts,Belts,Brown,Summer,2012.0,Casual,Turtle Men Brown Belt,Accessories,accessory,C:\Users\LENOVO\New folder\data\raw\images\37446.jpg
41008,Girls,Apparel,Bottomwear,Jeans,Navy Blue,Summer,2012.0,Casual,Gini and Jony Girls Woven Navy Blue Jeans,Jeans,bottom,C:\Users\LENOVO\New folder\data\raw\images\41008.jpg
18167,Girls,Apparel,Dress,Dresses,Magenta,Fall,2011.0,Casual,Doodle Kids Girls Party Frock Purple Dress,Dress,top,C:\Users\LENOVO\New folder\data\raw\images\18167.jpg
27938,Women,Apparel,Bottomwear,Jeans,Blue,Summer,2012.0,Casual,Jealous 21 Women Blue Magic Colour Jeans,Jeans,bottom,C:\Users\LENOVO\New folder\data\raw\images\27938.jpg
13879,Men,Apparel,Topwear,Shirts,Red,Fall,2011.0,Casual,Scullers Men Check Red Shirts,Shirt,top,C:\Users\LENOVO\New folder\data\raw\images\13879.jpg
13353,Men,Footwear,Shoes,Casual Shoes,Brown,Fall,2011.0,Casual,Timberland Men Juniors Brown Casual Shoes,Shoes,shoes,C:\Users\LENOVO\New folder\data\raw\images\13353.jpg
18168,Girls,Apparel,Dress,Dresses,Pink,Fall,2011.0,Casual,Doodle Kids Girls Party Frock Pink Dress,Dress,top,C:\Users\LENOVO\New folder\data\raw\images\18168.jpg
1611,Women,Apparel,Topwear,Jackets,Black,Summer,2010.0,Sports,Reebok Knit Rib Women Black Jacket,Jacket,outerwear,C:\Users\LENOVO\New folder\data\raw\images\1611.jpg
7187,Women,Apparel,Bottomwear,Jeans,Black,Fall,2011.0,Casual,Jealous 21 Women Supper Zipped Ankle Black Jeans,Jeans,bottom,C:\Users\LENOVO\New folder\data\raw\images\7187.jpg
10351,Women,Apparel,Bottomwear,Skirts,Grey,Fall,2011.0,Casual,United Colors of Benetton Women Check Skirt Grey Skirts,Skirt,bottom,C:\Users\LENOVO\New folder\data\raw\images\10351.jpg
4623,Women,Apparel,Topwear,Tops,Blue,Summer,2011.0,Casual,Jealous 21 Women Knit Teal Blue Top,T-Shirt,top,C:\Users\LENOVO\New folder\data\raw\images\4623.jpg
6836,Unisex,Accessories,Shoe Accessories,Shoe Accessories,Black,Summer,2011.0,,Timberland Unisex Balm Proofer Shoe Accessories,Accessories,accessory,C:\Users\LENOVO\New folder\data\raw\images\6836.jpg
59975,Women,Apparel,Dress,Dresses,Black,Fall,2012.0,Casual,Avirate Black & Purple Dress,Dress,top,C:\Users\LENOVO\New folder\data\raw\images\59975.jpg
9170,Men,Apparel,Bottomwear,Jeans,Blue,Fall,2011.0,Casual,Locomotive Men Lain Blue Jeans,Jeans,bottom,C:\Users\LENOVO\New folder\data\raw\images\9170.jpg
8217,Unisex,Accessories,Bags,Backpacks,Blue,Winter,2016.0,Casual,Fastrack Unisex Blue Green Single Strap Backpack,Accessories,accessory,C:\Users\LENOVO\New folder\data\raw\images\8217.jpg
19858,Men,Apparel,Topwear,Jackets,Black,Fall,2011.0,Casual,U.S. Polo Assn. Men Solid Black Jacket,Jacket,outerwear,C:\Users\LENOVO\New folder\data\raw\images\19858.jpg
10831,Men,Apparel,Topwear,Tshirts,Navy Blue,Fall,2011.0,Casual,Wrangler Men American Music Folk Navy Blue T-Shirts,T-Shirt,top,C:\Users\LENOVO\New folder\data\raw\images\10831.jpg
25826,Women,Apparel,Topwear,Kurtas,Brown,Summer,2012.0,Ethnic,Diva Women Printed Brown Kurta,Shirt,top,C:\Users\LENOVO\New folder\data\raw\images\25826.jpg
25858,Unisex,Accessories,Bags,Laptop Bag,Grey,Winter,2015.0,Casual,American Tourister Unisex Grey Laptop Bag,Accessories,accessory,C:\Users\LENOVO\New folder\data\raw\images\25858.jpg
17152,Men,Apparel,Topwear,Jackets,Black,Fall,2011.0,Casual,U.S. Polo Assn. Men Solid Black Jacket,Jacket,outerwear,C:\Users\LENOVO\New folder\data\raw\images\17152.jpg
6874,Women,Apparel,Dress,Dresses,Pink,Summer,2011.0,Casual,Forever New Women Pink Sleeveless Dress,Dress,top,C:\Users\LENOVO\New folder\data\raw\images\6874.jpg
16789,Men,Apparel,Topwear,Shirts,Black,Fall,2011.0,Casual,Regent Polo Men Check Black Shirt,Shirt,top,C:\Users\LENOVO\New folder\data\raw\images\16789.jpg
31411,Men,Apparel,Innerwear,Briefs,Blue,Summer,2016.0,Casual,Spykar Men Blue Shrek Brief,Accessories,accessory,C:\Users\LENOVO\New folder\data\raw\images\31411.jpg
57050,Women,Apparel,Dress,Dresses,White,Summer,2012.0,Casual,Elle Color Clash Purple Dress,Dress,top,C:\Users\LENOVO\New folder\data\raw\images\57050.jpg
34588,Women,Apparel,Dress,Dresses,Cream,Summer,2012.0,Casual,Tonga Women Cream Dress,Dress,top,C:\Users\LENOVO\New folder\data\raw\images\34588.jpg
3239,Men,Footwear,Shoes,Sports Shoes,White,Fall,2010.0,Sports,Puma Men White 65CC Lo Ducati Sports Shoes,Sneakers,shoes,C:\Users\LENOVO\New folder\data\raw\images\3239.jpg
9698,Men,Footwear,Shoes,Formal Shoes,Black,Winter,2015.0,Formal,Hush Puppies Men Jungle Black Formal Shoes,Shoes,shoes,C:\Users\LENOVO\New folder\data\raw\images\9698.jpg
47075,Women,Apparel,Bottomwear,Patiala,Red,Fall,2012.0,Ethnic,Shree Women Red & Black Patiala,Accessories,accessory,C:\Users\LENOVO\New folder\data\raw\images\47075.jpg
15562,Men,Apparel,Bottomwear,Jeans,Blue,Fall,2011.0,Casual,Spykar Men Washed Blue Jeans,Jeans,bottom,C:\Users\LENOVO\New folder\data\raw\images\15562.jpg
39831,Girls,Apparel,Bottomwear,Shorts,Magenta,Summer,2012.0,Casual,Gini and Jony Girls Core Magenta Shorts,Trousers,bottom,C:\Users\LENOVO\New folder\data\raw\images\39831.jpg
26788,Men,Apparel,Topwear,Shirts,Brown,Summer,2012.0,Formal,Arrow Men Brown Shirt,Shirt,top,C:\Users\LENOVO\New folder\data\raw\images\26788.jpg
27407,Women,Apparel,Bottomwear,Capris,Charcoal,Summer,2018.0,Casual,Jockey Women Charcoal Capris,Trousers,bottom,C:\Users\LENOVO\New folder\data\raw\images\27407.jpg
57365,Women,Apparel,Innerwear,Briefs,Blue,Winter,2015.0,Casual,Amante Women Blue Lace Briefs PCFR11,Accessories,accessory,C:\Users\LENOVO\New folder\data\raw\images\57365.jpg
59991,Women,Apparel,Dress,Dresses,Multi,Fall,2012.0,Casual,Avirate Multicoloured Dress,Dress,top,C:\Users\LENOVO\New folder\data\raw\images\59991.jpg
53287,Men,Apparel,Bottomwear,Jeans,Blue,Summer,2012.0,Casual,Locomotive Men Blue Jeans,Jeans,bottom,C:\Users\LENOVO\New folder\data\raw\images\53287.jpg
22687,Women,Footwear,Shoes,Casual Shoes,White,Fall,2011.0,Casual,Nike Women White Dunk Low Casual Shoe,Shoes,shoes,C:\Users\LENOVO\New folder\data\raw\images\22687.jpg
11323,Men,Apparel,Bottomwear,Jeans,Blue,Fall,2011.0,Casual,United Colors of Benetton Men Washed Blue Jeans,Jeans,bottom,C:\Users\LENOVO\New folder\data\raw\images\11323.jpg
9947,Men,Apparel,Topwear,Jackets,Blue,Fall,2011.0,Sports,ADIDAS Men Torment Blue Jackets,Jacket,outerwear,C:\Users\LENOVO\New folder\data\raw\images\9947.jpg
27199,Women,Apparel,Bottomwear,Skirts,Grey,Summer,2012.0,Casual,Doodle Kids Girl Printed Grey Skirt,Skirt,bottom,C:\Users\LENOVO\New folder\data\raw\images\27199.jpg
9063,Men,Apparel,Topwear,Shirts,Pink,Fall,2011.0,Formal,Mark Taylor Men Pink Striped Shirt,Shirt,top,C:\Users\LENOVO\New folder\data\raw\images\9063.jpg
46271,Women,Apparel,Dress,Dresses,Blue,Summer,2012.0,Casual,109F Blue A-Line Dress,Dress,top,C:\Users\LENOVO\New folder\data\raw\images\46271.jpg
15964,Men,Apparel,Topwear,Jackets,Khaki,Fall,2011.0,Casual,Turtle Solid Men Khaki Jacket,Jacket,outerwear,C:\Users\LENOVO\New folder\data\raw\images\15964.jpg
52030,Unisex,Apparel,Topwear,Rain Jacket,Olive,Summer,2012.0,,Just Natural Unisex Olive Rain Jacket,Jacket,outerwear,C:\Users\LENOVO\New folder\data\raw\images\52030.jpg
36786,Men,Accessories,Watches,Watches,Navy Blue,Winter,2016.0,Casual,Maxima Men Navy Blue Attivo Watch,Accessories,accessory,C:\Users\LENOVO\New folder\data\raw\images\36786.jpg
6872,Women,Apparel,Dress,Dresses,Black,Summer,2011.0,Casual,Forever New Women's Lacy Black Dress,Dress,top,C:\Users\LENOVO\New folder\data\raw\images\6872.jpg
9995,Women,Apparel,Bottomwear,Skirts,Pink,Summer,2011.0,Casual,Gini And Jony Girls Su Scotia Sko Pink Skirts,Skirt,bottom,C:\Users\LENOVO\New folder\data\raw\images\9995.jpg
46412,Men,Apparel,Topwear,Jackets,White,Summer,2012.0,Sports,ADIDAS Men White & Blue Jacket,Jacket,outerwear,C:\Users\LENOVO\New folder\data\raw\images\46412.jpg
23962,Men,Apparel,Topwear,Jackets,Grey,Fall,2011.0,Casual,Provogue Men Grey Sleeveless Jacket,Jacket,outerwear,C:\Users\LENOVO\New folder\data\raw\images\23962.jpg
2051,Men,Apparel,Topwear,Tshirts,Cream,Winter,2010.0,Casual,Lee Men's Kansas Cream T-shirt,T-Shirt,top,C:\Users\LENOVO\New folder\data\raw\images\2051.jpg
59260,Women,Accessories,Watches,Watches,Silver,Winter,2016.0,Casual,Titan Women Silver Dial Watch,Accessories,accessory,C:\Users\LENOVO\New folder\data\raw\images\59260.jpg
41798,Women,Apparel,Dress,Dresses,Pink,Summer,2012.0,Casual,Remanika Women Printed Pink Dress,Dress,top,C:\Users\LENOVO\New folder\data\raw\images\41798.jpg
30611,Men,Apparel,Topwear,Jackets,Grey,Summer,2012.0,Sports,Nike Men Grey Jacket,Jacket,outerwear,C:\Users\LENOVO\New folder\data\raw\images\30611.jpg
39122,Women,Apparel,Bottomwear,Leggings,Blue,Fall,2012.0,Casual,Aneri Women Blue Leggings,Trousers,bottom,C:\Users\LENOVO\New folder\data\raw\images\39122.jpg
58074,Women,Accessories,Jewellery,Earrings,Silver,Fall,2012.0,Casual,Rreverie Silver Earrings,Accessories,accessory,C:\Users\LENOVO\New folder\data\raw\images\58074.jpg
59112,Men,Apparel,Topwear,Jackets,Olive,Summer,2012.0,Casual,Just Natural Men Olive Jacket,Jacket,outerwear,C:\Users\LENOVO\New folder\data\raw\images\59112.jpg
16214,Men,Apparel,Bottomwear,Track Pants,Navy Blue,Fall,2011.0,Sports,Puma Men Heroes Navy Blue Track Pant,Trousers,bottom,C:\Users\LENOVO\New folder\data\raw\images\16214.jpg
18520,Women,Apparel,Topwear,Jackets,Black,Fall,2011.0,Casual,C Vox Women Solid 1354 Black Jacket,Jacket,outerwear,C:\Users\LENOVO\New folder\data\raw\images\18520.jpg
57058,Women,Apparel,Dress,Dresses,White,Summer,2012.0,Casual,Elle Women Multi Coloured Dress,Dress,top,C:\Users\LENOVO\New folder\data\raw\images\57058.jpg
59811,Women,Apparel,Dress,Dresses,Beige,Fall,2012.0,Casual,United Colors of Benetton Women Beige Printed Dress,Dress,top,C:\Users\LENOVO\New folder\data\raw\images\59811.jpg
57320,Women,Apparel,Innerwear,Bra,Maroon,Winter,2015.0,Casual,Amante Maroon Full-Coverage Lace Bra BCFR02,Accessories,accessory,C:\Users\LENOVO\New folder\data\raw\images\57320.jpg
17924,Men,Apparel,Bottomwear,Track Pants,Navy Blue,Fall,2011.0,Sports,Nike Men Casual Navy Blue Track Pant,Trousers,bottom,C:\Users\LENOVO\New folder\data\raw\images\17924.jpg
45653,Men,Apparel,Innerwear,Briefs,Grey,Summer,2016.0,Casual,Park Avenue Men Grey & Black Brief,Accessories,accessory,C:\Users\LENOVO\New folder\data\raw\images\45653.jpg
19560,Men,Apparel,Topwear,Tshirts,Maroon,Summer,2011.0,Casual,United Colors of Benetton Men Solid Maroon TShirt,T-Shirt,top,C:\Users\LENOVO\New folder\data\raw\images\19560.jpg
10533,Men,Footwear,Shoes,Sports Shoes,Black,Fall,2011.0,Sports,New Balance MW631 Men Others Walking Black Sports Shoes,Sneakers,shoes,C:\Users\LENOVO\New folder\data\raw\images\10533.jpg
26935,Women,Apparel,Dress,Dresses,Black,Summer,2012.0,Casual,Jealous 21 Women Black Dress,Dress,top,C:\Users\LENOVO\New folder\data\raw\images\26935.jpg
20915,Men,Apparel,Bottomwear,Jeans,Blue,Fall,2011.0,Casual,Deni Yo Men Washed Blue Jeans,Jeans,bottom,C:\Users\LENOVO\New folder\data\raw\images\20915.jpg
59666,Women,Apparel,Saree,Sarees,Multi,Fall,2012.0,Ethnic,FNF Multicoloured Evening Wear Sari,Accessories,accessory,C:\Users\LENOVO\New folder\data\raw\images\59666.jpg
57980,Girls,Apparel,Topwear,Tops,White,Summer,2012.0,Casual,Doodle Girls White and Purple Printed Top,T-Shirt,top,C:\Users\LENOVO\New folder\data\raw\images\57980.jpg
26995,Women,Apparel,Bottomwear,Jeans,Blue,Summer,2012.0,Casual,Jealous 21 Women Washed Light Blue Jeans,Jeans,bottom,C:\Users\LENOVO\New folder\data\raw\images\26995.jpg
8394,Men,Apparel,Topwear,Tshirts,White,Fall,2011.0,Sports,ADIDAS Men White Neo Crkt Cc Polo T-Shirts,T-Shirt,top,C:\Users\LENOVO\New folder\data\raw\images\8394.jpg
54057,Women,Apparel,Bottomwear,Leggings,Sea Green,Summer,2012.0,Casual,Myntra Women Sea Green Leggings,Trousers,bottom,C:\Users\LENOVO\New folder\data\raw\images\54057.jpg
39017,Women,Accessories,Watches,Watches,White,Winter,2016.0,Casual,CASIO ENTICER Women White Dial Analogue Watch A625 ,Accessories,accessory,C:\Users\LENOVO\New folder\data\raw\images\39017.jpg
24633,Women,Footwear,Flip Flops,Flip Flops,Pink,Fall,2011.0,Casual,ADIDAS Women Polka Pink Flip Flops,Shoes,shoes,C:\Users\LENOVO\New folder\data\raw\images\24633.jpg
50584,Men,Apparel,Innerwear,Briefs,Navy Blue,Winter,2016.0,Casual,Chromozome Men Navy Blue Pack of 2 Briefs,Accessories,accessory,C:\Users\LENOVO\New folder\data\raw\images\50584.jpg
16506,Men,Apparel,Bottomwear,Jeans,Blue,Fall,2011.0,Casual,Locomotive Men Washed Blue Jeans,Jeans,bottom,C:\Users\LENOVO\New folder\data\raw\images\16506.jpg
5339,Men,Footwear,Shoes,Casual Shoes,Navy Blue,Summer,2011.0,Casual,Fila Men's Union Navy Pink Shoe,Shoes,shoes,C:\Users\LENOVO\New folder\data\raw\images\5339.jpg
1827,Men,Footwear,Shoes,Sports Shoes,White,Fall,2010.0,Sports,Nike Men's Downshifter White/Blue Shoe,Sneakers,shoes,C:\Users\LENOVO\New folder\data\raw\images\1827.jpg
45629,Men,Apparel,Innerwear,Briefs,Black,Summer,2016.0,Casual,Park Avenue Men Black Briefs,Accessories,accessory,C:\Users\LENOVO\New folder\data\raw\images\45629.jpg
39319,Boys,Apparel,Bottomwear,Shorts,Beige,Summer,2012.0,Casual,Gini and Jony Boys Beige Shorts,Trousers,bottom,C:\Users\LENOVO\New folder\data\raw\images\39319.jpg
34600,Women,Apparel,Dress,Dresses,Pink,Summer,2012.0,Casual,Tonga Women Pink Dress,Dress,top,C:\Users\LENOVO\New folder\data\raw\images\34600.jpg
19964,Men,Apparel,Topwear,Sweaters,Grey,Fall,2011.0,Casual,United Colors of Benetton Men Stripes Grey Sweater,T-Shirt,top,C:\Users\LENOVO\New folder\data\raw\images\19964.jpg
9259,Men,Apparel,Topwear,Shirts,Blue,Fall,2011.0,Formal,Mark Taylor Men Blue Striped Shirt,Shirt,top,C:\Users\LENOVO\New folder\data\raw\images\9259.jpg
31161,Boys,Apparel,Topwear,Blazers,Navy Blue,Summer,2012.0,Casual,Gini and Jony Boys Printed Navy Blue Blazer,Jacket,outerwear,C:\Users\LENOVO\New folder\data\raw\images\31161.jpg
48383,Men,Apparel,Bottomwear,Jeans,Black,Summer,2012.0,Casual,French Connection Men Black Jeans,Jeans,bottom,C:\Users\LENOVO\New folder\data\raw\images\48383.jpg
57184,Women,Apparel,Topwear,Tunics,Pink,Summer,2012.0,Casual,Elle Women Pink Tunic,Shirt,top,C:\Users\LENOVO\New folder\data\raw\images\57184.jpg
39464,Women,Apparel,Topwear,Kurtas,Multi,Summer,2012.0,Ethnic,Diva Women Multi Coloured Kurta,Shirt,top,C:\Users\LENOVO\New folder\data\raw\images\39464.jpg
57040,Women,Apparel,Dress,Dresses,Black,Summer,2012.0,Casual,Elle Women Black Dress,Dress,top,C:\Users\LENOVO\New folder\data\raw\images\57040.jpg
3906,Women,Apparel,Bottomwear,Track Pants,Black,Summer,2011.0,Casual,Urban Yoga Women's Fitted Yoga Black Track Pant,Trousers,bottom,C:\Users\LENOVO\New folder\data\raw\images\3906.jpg
32560,Women,Apparel,Bottomwear,Jeans,Blue,Summer,2012.0,Casual,ONLY Women Blue Jeans,Jeans,bottom,C:\Users\LENOVO\New folder\data\raw\images\32560.jpg
5712,Men,Footwear,Shoes,Sports Shoes,Silver,Summer,2011.0,Sports,Reebok Men's Lochraven Silver Black Shoe,Sneakers,shoes,C:\Users\LENOVO\New folder\data\raw\images\5712.jpg
10735,Women,Accessories,Bags,Handbags,Black,Winter,2015.0,Casual,Murcia Women Mcc Black Black Handbags,Accessories,accessory,C:\Users\LENOVO\New folder\data\raw\images\10735.jpg
19938,Men,Footwear,Shoes,Sports Shoes,White,Fall,2011.0,Sports,Nike Men Egoli TF White Sports Shoes,Sneakers,shoes,C:\Users\LENOVO\New folder\data\raw\images\19938.jpg
6860,Women,Apparel,Bottomwear,Skirts,Black,Summer,2011.0,Casual,Forever New Women's Short Black Skirt,Skirt,bottom,C:\Users\LENOVO\New folder\data\raw\images\6860.jpg
21175,Men,Footwear,Shoes,Sports Shoes,White,Fall,2011.0,Sports,ADIDAS Men Lowell White Sports Shoe,Sneakers,shoes,C:\Users\LENOVO\New folder\data\raw\images\21175.jpg
26618,Men,Footwear,Shoes,Casual Shoes,Black,Summer,2012.0,Casual,Puma Men Redon Move Black Shoes,Shoes,shoes,C:\Users\LENOVO\New folder\data\raw\images\26618.jpg
12724,Men,Footwear,Shoes,Casual Shoes,Black,Fall,2011.0,Casual,ADIDAS Men Treklite Black Casual Shoes,Shoes,shoes,C:\Users\LENOVO\New folder\data\raw\images\12724.jpg
28656,Men,Footwear,Shoes,Sports Shoes,White,Summer,2012.0,Casual,Nike Men Air Quick Handle White Shoes,Sneakers,shoes,C:\Users\LENOVO\New folder\data\raw\images\28656.jpg
43792,Women,Accessories,Jewellery,Earrings,Gold,Summer,2012.0,Ethnic,Royal Diadem Gold & Pink Earrings,Accessories,accessory,C:\Users\LENOVO\New folder\data\raw\images\43792.jpg
18523,Men,Apparel,Topwear,Jackets,Black,Fall,2011.0,Casual,C Vox Men Control Freak Black Jacket,Jacket,outerwear,C:\Users\LENOVO\New folder\data\raw\images\18523.jpg
6631,Men,Footwear,Shoes,Sports Shoes,White,Summer,2011.0,Sports,ADIDAS Men's Spector White Shoe,Sneakers,shoes,C:\Users\LENOVO\New folder\data\raw\images\6631.jpg
42907,Women,Accessories,Belts,Belts,Cream,Summer,2012.0,Casual,French Connection Women Cream & Black Belt,Accessories,accessory,C:\Users\LENOVO\New folder\data\raw\images\42907.jpg
21399,Men,Apparel,Topwear,Tshirts,Grey,Fall,2011.0,Casual,Locomotive Men Printed Grey T-shirt,T-Shirt,top,C:\Users\LENOVO\New folder\data\raw\images\21399.jpg
48201,Men,Accessories,Eyewear,Sunglasses,Grey,Winter,2016.0,Casual,United Colors of Benetton Men Grey Sunglasses,Accessories,accessory,C:\Users\LENOVO\New folder\data\raw\images\48201.jpg
19367,Men,Footwear,Shoes,Casual Shoes,Tan,Winter,2018.0,Casual,Redtape Men Candy Tan Casual Shoes,Shoes,shoes,C:\Users\LENOVO\New folder\data\raw\images\19367.jpg
9802,Women,Apparel,Topwear,Tops,Navy Blue,Fall,2011.0,Casual,Scullers For Her Women Scullers Top Navy Blue Tops,T-Shirt,top,C:\Users\LENOVO\New folder\data\raw\images\9802.jpg
48500,Women,Apparel,Bottomwear,Jeans,Blue,Winter,2011.0,Casual,French Connection Women Blue Jeans,Jeans,bottom,C:\Users\LENOVO\New folder\data\raw\images\48500.jpg
59126,Men,Apparel,Topwear,Jackets,Navy Blue,Summer,2012.0,Casual,Just Natural Men Navy Blue & Black Reversible Jacket,Jacket,outerwear,C:\Users\LENOVO\New folder\data\raw\images\59126.jpg
58891,Men,Accessories,Ties,Ties,Lavender,Summer,2012.0,Casual,Hakashi Men Lavender Tie,Accessories,accessory,C:\Users\LENOVO\New folder\data\raw\images\58891.jpg
13875,Men,Apparel,Topwear,Shirts,Navy Blue,Fall,2011.0,Casual,Scullers Men Solid Navy Blue Shirts,Shirt,top,C:\Users\LENOVO\New folder\data\raw\images\13875.jpg
6876,Women,Apparel,Topwear,Jackets,Peach,Summer,2011.0,Casual,Forever New Women Peach Jacket,Jacket,outerwear,C:\Users\LENOVO\New folder\data\raw\images\6876.jpg
31422,Men,Apparel,Bottomwear,Shorts,White,Summer,2012.0,Sports,Nike Men White Shorts,Trousers,bottom,C:\Users\LENOVO\New folder\data\raw\images\31422.jpg
12809,Men,Apparel,Topwear,Jackets,Black,Fall,2011.0,Sports,Nike Men Hood Black Jacket,Jacket,outerwear,C:\Users\LENOVO\New folder\data\raw\images\12809.jpg
30204,Unisex,Accessories,Bags,Handbags,Black,Summer,2012.0,Casual,Nike Unisex Black Track Tote Bag,Accessories,accessory,C:\Users\LENOVO\New folder\data\raw\images\30204.jpg
5443,Women,Apparel,Topwear,Tshirts,Orange,Summer,2011.0,Casual,Nike Women's Striped Polo Orange T-shirt,T-Shirt,top,C:\Users\LENOVO\New folder\data\raw\images\5443.jpg
19330,Women,Apparel,Topwear,Jackets,Black,Fall,2011.0,Casual,United Colors of Benetton Women Solid Black Jacket,Jacket,outerwear,C:\Users\LENOVO\New folder\data\raw\images\19330.jpg
16065,Men,Apparel,Bottomwear,Trousers,Navy Blue,Fall,2011.0,Casual,Highlander Men Solid Blue Trouser,Trousers,bottom,C:\Users\LENOVO\New folder\data\raw\images\16065.jpg
36447,Men,Footwear,Shoes,Sports Shoes,White,Summer,2012.0,Sports,Spinn Men Orbit White Sports Shoes,Sneakers,shoes,C:\Users\LENOVO\New folder\data\raw\images\36447.jpg
43483,Men,Apparel,Topwear,Shirts,Maroon,Summer,2012.0,Casual,French Connection Men Maroon Check Shirt,Shirt,top,C:\Users\LENOVO\New folder\data\raw\images\43483.jpg
35428,Women,Footwear,Shoes,Sports Shoes,White,Summer,2012.0,Sports,ADIDAS Women Neptune White Sports Shoes,Sneakers,shoes,C:\Users\LENOVO\New folder\data\raw\images\35428.jpg
12320,Men,Apparel,Topwear,Shirts,Brown,Fall,2011.0,Formal,Genesis Men Brown Striped Shirt,Shirt,top,C:\Users\LENOVO\New folder\data\raw\images\12320.jpg
15415,Women,Footwear,Shoes,Sports Shoes,Black,Fall,2011.0,Sports,FILA Women Tenet Black Sports Shoes,Sneakers,shoes,C:\Users\LENOVO\New folder\data\raw\images\15415.jpg
38504,Girls,Apparel,Bottomwear,Skirts,Navy Blue,Summer,2012.0,Casual,Gini and Jony Girls Navy Blue Skirts,Skirt,bottom,C:\Users\LENOVO\New folder\data\raw\images\38504.jpg
59986,Women,Apparel,Dress,Dresses,Black,Fall,2012.0,Smart Casual,Avirate Women Black Dress,Dress,top,C:\Users\LENOVO\New folder\data\raw\images\59986.jpg
40924,Boys,Apparel,Bottomwear,Jeans,Blue,Summer,2012.0,Casual,Gini and Jony Boys Jeans Blue Jeans,Jeans,bottom,C:\Users\LENOVO\New folder\data\raw\images\40924.jpg
59909,Women,Apparel,Dress,Dresses,Blue,Fall,2012.0,Casual,Femella Women Blue Dress,Dress,top,C:\Users\LENOVO\New folder\data\raw\images\59909.jpg
40050,Men,Apparel,Topwear,Jackets,Yellow,Summer,2012.0,Casual,ADIDAS Men Yellow Kaka Jacket,Jacket,outerwear,C:\Users\LENOVO\New folder\data\raw\images\40050.jpg
35059,Men,Accessories,Belts,Belts,Tan,Winter,2012.0,Casual,Allen Solly Men Tan Belt,Accessories,accessory,C:\Users\LENOVO\New folder\data\raw\images\35059.jpg
11320,Men,Apparel,Bottomwear,Jeans,Grey,Fall,2011.0,Casual,United Colors of Benetton Men Washed Grey Jeans,Jeans,bottom,C:\Users\LENOVO\New folder\data\raw\images\11320.jpg
27936,Women,Apparel,Bottomwear,Jeans,Grey,Summer,2012.0,Casual,Jealous 21 Women Grey Magic Colour Jeans,Jeans,bottom,C:\Users\LENOVO\New folder\data\raw\images\27936.jpg
53738,Men,Apparel,Bottomwear,Track Pants,White,Summer,2012.0,Casual,ADIDAS Men White Track Pant,Trousers,bottom,C:\Users\LENOVO\New folder\data\raw\images\53738.jpg
6820,Women,Footwear,Flip Flops,Flip Flops,Green,Summer,2011.0,Casual,Timberland Women's Estela Umbrella Green Flip Flop,Shoes,shoes,C:\Users\LENOVO\New folder\data\raw\images\6820.jpg
35022,Women,Accessories,Stoles,Stoles,Grey,Summer,2012.0,Ethnic,Fabindia Women Chanderi Grey Stole,Accessories,accessory,C:\Users\LENOVO\New folder\data\raw\images\35022.jpg
11331,Men,Apparel,Bottomwear,Jeans,Blue,Fall,2011.0,Casual,United Colors of Benetton Men Washed Blue Jeans,Jeans,bottom,C:\Users\LENOVO\New folder\data\raw\images\11331.jpg
22357,Men,Apparel,Topwear,Shirts,Black,Fall,2011.0,Casual,John Players Men Solid Black Shirt,Shirt,top,C:\Users\LENOVO\New folder\data\raw\images\22357.jpg
12580,Women,Apparel,Topwear,Tshirts,Blue,Fall,2011.0,Casual,Tantra Women Blue Printed T-shirt,T-Shirt,top,C:\Users\LENOVO\New folder\data\raw\images\12580.jpg
16919,Men,Apparel,Bottomwear,Jeans,Blue,Fall,2011.0,Casual,Spykar Men Washed Blue Jeans,Jeans,bottom,C:\Users\LENOVO\New folder\data\raw\images\16919.jpg
57153,Women,Apparel,Topwear,Tshirts,Peach,Summer,2012.0,Casual,Elle Women Peach T-shirt,T-Shirt,top,C:\Users\LENOVO\New folder\data\raw\images\57153.jpg
43294,Women,Free Items,Free Gifts,Free Gifts,Maroon,Summer,2015.0,Casual,Murcia Women Maroon Elektra Sling Bag,Accessories,accessory,C:\Users\LENOVO\New folder\data\raw\images\43294.jpg
30475,Women,Apparel,Innerwear,Bra,Black,Summer,2015.0,Casual,Lovable Women Encircle Black Bra,Accessories,accessory,C:\Users\LENOVO\New folder\data\raw\images\30475.jpg
3785,Men,Apparel,Topwear,Tshirts,Black,Summer,2011.0,Casual,Basics Men Black & Green Striped Polo T-shirt,T-Shirt,top,C:\Users\LENOVO\New folder\data\raw\images\3785.jpg
44235,Men,Footwear,Shoes,Sports Shoes,Blue,Summer,2012.0,Sports,Nike Men Air Max+ 2012 Blue Sports Shoes,Sneakers,shoes,C:\Users\LENOVO\New folder\data\raw\images\44235.jpg
40149,Girls,Apparel,Dress,Dresses,Pink,Summer,2012.0,Casual,Gini and Jony Girls Play Suit Pink Dress,Dress,top,C:\Users\LENOVO\New folder\data\raw\images\40149.jpg
35096,Women,Accessories,Stoles,Stoles,Green,Spring,2013.0,Casual,Allen Solly Women Green Stole,Accessories,accessory,C:\Users\LENOVO\New folder\data\raw\images\35096.jpg
29684,Men,Apparel,Bottomwear,Trousers,Charcoal,Summer,2012.0,Formal,Indigo Nation Men Charcoal Trousers,Trousers,bottom,C:\Users\LENOVO\New folder\data\raw\images\29684.jpg
27477,Women,Apparel,Innerwear,Bra,Beige,Winter,2015.0,Casual,Jockey Essence Beige Seamless Bra 2003,Accessories,accessory,C:\Users\LENOVO\New folder\data\raw\images\27477.jpg
44932,Men,Apparel,Bottomwear,Jeans,Blue,Summer,2012.0,Casual,Jack & Jones Men Blue Jeans,Jeans,bottom,C:\Users\LENOVO\New folder\data\raw\images\44932.jpg
16196,Men,Apparel,Topwear,Jackets,Red,Fall,2011.0,Sports,Puma Men Heroes Red Jackets,Jacket,outerwear,C:\Users\LENOVO\New folder\data\raw\images\16196.jpg
28456,Women,Apparel,Bottomwear,Skirts,Blue,Summer,2012.0,Sports,Urban Yoga Women Blue Skirt With Leggings,Skirt,bottom,C:\Users\LENOVO\New folder\data\raw\images\28456.jpg
59118,Men,Apparel,Topwear,Jackets,Navy Blue,Summer,2012.0,Casual,Just Natural Men Navy Blue Reversible Jacket,Jacket,outerwear,C:\Users\LENOVO\New folder\data\raw\images\59118.jpg
27019,Women,Apparel,Bottomwear,Jeans,Blue,Summer,2012.0,Casual,Jealous 21 Women Washed Light Blue Jeans,Jeans,bottom,C:\Users\LENOVO\New folder\data\raw\images\27019.jpg
55074,Women,Personal Care,Makeup,Kajal and Eyeliner,Sea Green,Spring,2017.0,Casual,Lakme Glide On Aqua Green Eye Color,Accessories,accessory,C:\Users\LENOVO\New folder\data\raw\images\55074.jpg
23505,Men,Footwear,Shoes,Sports Shoes,White,Summer,2011.0,Sports,FILA Men Aspire White Sports Shoes,Sneakers,shoes,C:\Users\LENOVO\New folder\data\raw\images\23505.jpg
22491,Men,Footwear,Shoes,Sports Shoes,White,Fall,2011.0,Sports,ADIDAS Men Response Cushion 20 Sport Shoes,Sneakers,shoes,C:\Users\LENOVO\New folder\data\raw\images\22491.jpg
11267,Men,Apparel,Bottomwear,Trousers,Black,Fall,2011.0,Formal,Indigo Nation Men Black self structure Black Trousers,Trousers,bottom,C:\Users\LENOVO\New folder\data\raw\images\11267.jpg
4940,Men,Apparel,Bottomwear,Jeans,Blue,Summer,2011.0,Casual,Gini and Jony Boys Karnel Jeans,Jeans,bottom,C:\Users\LENOVO\New folder\data\raw\images\4940.jpg
18311,Men,Apparel,Topwear,Sweaters,Green,Summer,2011.0,Casual,Wills Lifestyle Men Striped Green Sweater,T-Shirt,top,C:\Users\LENOVO\New folder\data\raw\images\18311.jpg
12044,Men,Apparel,Bottomwear,Jeans,Blue,Fall,2011.0,Casual,Spykar Men Washed Blue Jeans,Jeans,bottom,C:\Users\LENOVO\New folder\data\raw\images\12044.jpg
4462,Men,Apparel,Topwear,Jackets,Black,Summer,2011.0,Sports,Nike Men Track Black Jacket,Jacket,outerwear,C:\Users\LENOVO\New folder\data\raw\images\4462.jpg
52381,Women,Apparel,Loungewear and Nightwear,Nightdress,Yellow,Winter,2015.0,Casual,Red Rose Women Yellow Maxi Nightdress,Accessories,accessory,C:\Users\LENOVO\New folder\data\raw\images\52381.jpg
8496,Women,Apparel,Bottomwear,Skirts,Cream,Fall,2011.0,Casual,Forever New Women Cappuccino Cream Skirts,Skirt,bottom,C:\Users\LENOVO\New folder\data\raw\images\8496.jpg
15663,Unisex,Accessories,Bags,Backpacks,Black,Fall,2011.0,Casual,Belkin Unisex Dash Laptop Black Backpacks,Accessories,accessory,C:\Users\LENOVO\New folder\data\raw\images\15663.jpg
1804,Men,Apparel,Bottomwear,Shorts,Black,Fall,2010.0,Sports,Kalenji Men Essential Baggy Black Shorts,Trousers,bottom,C:\Users\LENOVO\New folder\data\raw\images\1804.jpg
7879,Men,Apparel,Bottomwear,Shorts,Grey,Fall,2011.0,Sports,Proline Men Grey Comfort Fit Sports Shorts,Trousers,bottom,C:\Users\LENOVO\New folder\data\raw\images\7879.jpg
5754,Men,Footwear,Shoes,Sports Shoes,White,Summer,2011.0,Sports,Reebok Men's World 10 White Shoe,Sneakers,shoes,C:\Users\LENOVO\New folder\data\raw\images\5754.jpg
51060,Women,Apparel,Loungewear and Nightwear,Nightdress,Lavender,Summer,2017.0,Casual,Enamor Women Lavender Nightdress,Accessories,accessory,C:\Users\LENOVO\New folder\data\raw\images\51060.jpg
34062,Girls,Apparel,Dress,Dresses,Pink,Summer,2012.0,Casual,Gini and Jony Girls Printed Pink Dress,Dress,top,C:\Users\LENOVO\New folder\data\raw\images\34062.jpg
38567,Men,Apparel,Bottomwear,Shorts,Black,Summer,2012.0,Casual,Nike Men Black Reflective Shorts,Trousers,bottom,C:\Users\LENOVO\New folder\data\raw\images\38567.jpg
58002,Women,Apparel,Dress,Dresses,Green,Fall,2012.0,Casual,Latin Quarters Women Green Printed Dress,Dress,top,C:\Users\LENOVO\New folder\data\raw\images\58002.jpg
40063,Unisex,Accessories,Headwear,Caps,Blue,Summer,2012.0,Casual,ADIDAS Unisex Blue Cap,Accessories,accessory,C:\Users\LENOVO\New folder\data\raw\images\40063.jpg
57150,Women,Apparel,Topwear,Tops,White,Summer,2012.0,Casual,Elle Women White Top,T-Shirt,top,C:\Users\LENOVO\New folder\data\raw\images\57150.jpg
10037,Men,Footwear,Shoes,Sports Shoes,Silver,Fall,2011.0,Sports,Reebok Men Premier ultra 8 U-form Silver Sports Shoes,Sneakers,shoes,C:\Users\LENOVO\New folder\data\raw\images\10037.jpg
18754,Women,Apparel,Dress,Dresses,Pink,Fall,2011.0,Casual,Arrow Woman Kaya Pink Dress,Dress,top,C:\Users\LENOVO\New folder\data\raw\images\18754.jpg
41472,Women,Footwear,Shoes,Heels,Yellow,Winter,2012.0,Casual,Carlton London Women Yellow Heels,Shoes,shoes,C:\Users\LENOVO\New folder\data\raw\images\41472.jpg
11368,Women,Apparel,Topwear,Jackets,Black,Fall,2011.0,Casual,United Colors Of Benetton Women Light Winter Black Jackets,Jacket,outerwear,C:\Users\LENOVO\New folder\data\raw\images\11368.jpg
29648,Men,Apparel,Topwear,Shirts,Grey,Summer,2012.0,Formal,Indigo Nation Men Grey Striped Shirt,Shirt,top,C:\Users\LENOVO\New folder\data\raw\images\29648.jpg
49560,Women,Accessories,Bags,Clutches,White,Spring,2013.0,Casual,Spice Art Women White Clutch,Accessories,accessory,C:\Users\LENOVO\New folder\data\raw\images\49560.jpg
28328,Men,Footwear,Sandal,Sandals,Brown,Winter,2018.0,Casual,Red Tape Men Casual Brown Sandals,Shoes,shoes,C:\Users\LENOVO\New folder\data\raw\images\28328.jpg
19194,Men,Apparel,Topwear,Shirts,White,Fall,2011.0,Casual,United Colors of Benetton Men Solid White Shirt,Shirt,top,C:\Users\LENOVO\New folder\data\raw\images\19194.jpg
16522,Men,Apparel,Bottomwear,Jeans,Blue,Fall,2011.0,Casual,Locomotive Men Washed Blue Jeans,Jeans,bottom,C:\Users\LENOVO\New folder\data\raw\images\16522.jpg
3450,Unisex,Accessories,Headwear,Caps,Blue,Summer,2011.0,Sports,ADIDAS Kid's Delhi Daredevils Match Blue Cap,Accessories,accessory,C:\Users\LENOVO\New folder\data\raw\images\3450.jpg
59128,Men,Apparel,Topwear,Jackets,Olive,Summer,2012.0,Casual,Just Natural Men Olive Jacket,Jacket,outerwear,C:\Users\LENOVO\New folder\data\raw\images\59128.jpg
39725,Women,Apparel,Bottomwear,Skirts,Charcoal,Summer,2012.0,Formal,Arrow Woman Charcoal Skirt,Skirt,bottom,C:\Users\LENOVO\New folder\data\raw\images\39725.jpg
43643,Women,Apparel,Dress,Dresses,Magenta,Summer,2012.0,Party,Vero Moda Women Magenta Dress,Dress,top,C:\Users\LENOVO\New folder\data\raw\images\43643.jpg
17940,Men,Apparel,Topwear,Tshirts,Green,Fall,2011.0,Casual,Puma Men Heroes T7 Green Tshirt,T-Shirt,top,C:\Users\LENOVO\New folder\data\raw\images\17940.jpg
41346,Men,Apparel,Bottomwear,Jeans,Navy Blue,Summer,2016.0,Casual,Wrangler Men Navy Blue Texas Jeans,Jeans,bottom,C:\Users\LENOVO\New folder\data\raw\images\41346.jpg
15322,Men,Apparel,Topwear,Jackets,Black,Fall,2011.0,Casual,Nike Men Solid Black Jacket,Jacket,outerwear,C:\Users\LENOVO\New folder\data\raw\images\15322.jpg
17814,Men,Footwear,Shoes,Casual Shoes,Black,Fall,2011.0,Casual,Lee Cooper Men  Black Casual Shoe,Shoes,shoes,C:\Users\LENOVO\New folder\data\raw\images\17814.jpg
10406,Women,Apparel,Dress,Dresses,Grey,Fall,2011.0,Casual,United Colors of Benetton Women Solid Grey Dresses,Dress,top,C:\Users\LENOVO\New folder\data\raw\images\10406.jpg
10488,Men,Apparel,Bottomwear,Jeans,Blue,Fall,2011.0,Casual,Flying Machine Blue Jeans,Jeans,bottom,C:\Users\LENOVO\New folder\data\raw\images\10488.jpg
26974,Women,Apparel,Dress,Dresses,Pink,Summer,2012.0,Casual,Jealous 21 Women Pink Printed Dress,Dress,top,C:\Users\LENOVO\New folder\data\raw\images\26974.jpg
29676,Men,Apparel,Bottomwear,Trousers,Grey,Summer,2012.0,Casual,Indigo Nation Men Grey Check Trousers,Trousers,bottom,C:\Users\LENOVO\New folder\data\raw\images\29676.jpg
8845,Men,Apparel,Bottomwear,Trousers,Grey,Summer,2011.0,Casual,Scullers Men Scul Grey Trousers,Trousers,bottom,C:\Users\LENOVO\New folder\data\raw\images\8845.jpg
25036,Women,Apparel,Bottomwear,Leggings,Grey,Fall,2011.0,Casual,Nike Women Depth Long Grey Leggings,Trousers,bottom,C:\Users\LENOVO\New folder\data\raw\images\25036.jpg
46032,Women,Accessories,Jewellery,Jewellery Set,Gold,Winter,2016.0,Casual,Estelle Women Gold Earring & Pendant Set,Accessories,accessory,C:\Users\LENOVO\New folder\data\raw\images\46032.jpg
41962,Boys,Apparel,Bottomwear,Jeans,Navy Blue,Summer,2012.0,Casual,Gini and Jony Raw Wash Navy Blue Jeans,Jeans,bottom,C:\Users\LENOVO\New folder\data\raw\images\41962.jpg
26944,Women,Apparel,Topwear,Tshirts,Red,Summer,2012.0,Casual,Jealous 21 Women Printed Red T-shirt,T-Shirt,top,C:\Users\LENOVO\New folder\data\raw\images\26944.jpg
25411,Men,Footwear,Shoes,Sports Shoes,White,Summer,2012.0,Sports,Nike Men 2.04 White Sports Shoes,Sneakers,shoes,C:\Users\LENOVO\New folder\data\raw\images\25411.jpg
7253,Men,Footwear,Sandal,Sandals,Black,Fall,2011.0,Casual,Rockport Men Middle Field Black Floater,Shoes,shoes,C:\Users\LENOVO\New folder\data\raw\images\7253.jpg
32250,Women,Apparel,Bottomwear,Skirts,Blue,Summer,2012.0,Ethnic,Fabindia Women Blue Skirts,Skirt,bottom,C:\Users\LENOVO\New folder\data\raw\images\32250.jpg
59893,Women,Apparel,Topwear,Shirts,Blue,Fall,2012.0,Casual,Femella Women Blue Shirt,Shirt,top,C:\Users\LENOVO\New folder\data\raw\images\59893.jpg
26255,Men,Apparel,Bottomwear,Track Pants,Navy Blue,Summer,2012.0,Casual,Proline Men Navy Track Pants,Trousers,bottom,C:\Users\LENOVO\New folder\data\raw\images\26255.jpg
36185,Men,Apparel,Topwear,Tshirts,Red,Summer,2012.0,Casual,Reid & Taylor Men Red Polo T-shirt,T-Shirt,top,C:\Users\LENOVO\New folder\data\raw\images\36185.jpg
39311,Men,Footwear,Flip Flops,Flip Flops,Multi,Summer,2012.0,Casual,Converse Men Multi Coloured Flip Flop,Shoes,shoes,C:\Users\LENOVO\New folder\data\raw\images\39311.jpg
18512,Men,Apparel,Topwear,Jackets,Red,Fall,2011.0,Casual,C Vox Men Red Jacket,Jacket,outerwear,C:\Users\LENOVO\New folder\data\raw\images\18512.jpg
38579,Men,Apparel,Topwear,Tshirts,Blue,Summer,2012.0,Casual,Nike Men Blue RF Blue T-shirt,T-Shirt,top,C:\Users\LENOVO\New folder\data\raw\images\38579.jpg
28885,Women,Apparel,Innerwear,Briefs,Brown,Summer,2012.0,Casual,Enamor Women Brown Low-Rise Bikini Brief,Accessories,accessory,C:\Users\LENOVO\New folder\data\raw\images\28885.jpg
11274,Men,Apparel,Bottomwear,Track Pants,Black,Fall,2011.0,Sports,Nike Men Crickt Black Track Pants,Trousers,bottom,C:\Users\LENOVO\New folder\data\raw\images\11274.jpg
42429,Women,Apparel,Topwear,Kurtas,Orange,Summer,2012.0,Ethnic,Aurelia  Women Orange Kurta,Shirt,top,C:\Users\LENOVO\New folder\data\raw\images\42429.jpg
4484,Men,Footwear,Shoes,Sports Shoes,White,Summer,2011.0,Sports,Puma Men Kraftek White Silver Shoe,Sneakers,shoes,C:\Users\LENOVO\New folder\data\raw\images\4484.jpg
20752,Women,Footwear,Shoes,Heels,Gold,Winter,2012.0,Casual,Carlton London Women Classy Gold Stilettos,Shoes,shoes,C:\Users\LENOVO\New folder\data\raw\images\20752.jpg
11976,Men,Footwear,Shoes,Casual Shoes,Black,Summer,2013.0,Casual,Fila Men Paramount Plus Black Shoes,Shoes,shoes,C:\Users\LENOVO\New folder\data\raw\images\11976.jpg
10078,Men,Footwear,Shoes,Sports Shoes,White,Fall,2011.0,Sports,Reebok Men Speed Mode White Sports Shoes,Sneakers,shoes,C:\Users\LENOVO\New folder\data\raw\images\10078.jpg
35875,Boys,Apparel,Topwear,Tshirts,Blue,Summer,2012.0,Casual,Marvel Boys Comics Blue T-shirt,T-Shirt,top,C:\Users\LENOVO\New folder\data\raw\images\35875.jpg
34060,Boys,Apparel,Bottomwear,Shorts,Grey,Summer,2012.0,Casual,Gini and Jony Boys Grey Shorts,Trousers,bottom,C:\Users\LENOVO\New folder\data\raw\images\34060.jpg
34114,Girls,Apparel,Dress,Dresses,Blue,Summer,2012.0,Casual,Doodle Girls Printed Blue Dress,Dress,top,C:\Users\LENOVO\New folder\data\raw\images\34114.jpg
8498,Women,Apparel,Bottomwear,Skirts,Grey,Fall,2011.0,Casual,Forever New Women Coral Check Grey Skirts,Skirt,bottom,C:\Users\LENOVO\New folder\data\raw\images\8498.jpg
32591,Women,Apparel,Bottomwear,Skirts,Pink,Summer,2012.0,Casual,ONLY Women Pink Skirt,Skirt,bottom,C:\Users\LENOVO\New folder\data\raw\images\32591.jpg
23721,Men,Accessories,Eyewear,Sunglasses,Gold,Winter,2016.0,Casual,Ray-Ban Men High Street Sunglasses,Accessories,accessory,C:\Users\LENOVO\New folder\data\raw\images\23721.jpg
8853,Men,Apparel,Topwear,Shirts,White,Fall,2011.0,Casual,Mark Taylor Men White Striped Shirt,Shirt,top,C:\Users\LENOVO\New folder\data\raw\images\8853.jpg
56828,Men,Apparel,Bottomwear,Jeans,Blue,Fall,2013.0,Casual,John Players Men Blue Slim Fit Jeans,Jeans,bottom,C:\Users\LENOVO\New folder\data\raw\images\56828.jpg
2640,Men,Footwear,Shoes,Formal Shoes,Brown,Winter,2012.0,Formal,Carlton London Men Brown Formal Shoes,Shoes,shoes,C:\Users\LENOVO\New folder\data\raw\images\2640.jpg
18292,Women,Apparel,Topwear,Kurtas,Brown,Fall,2011.0,Ethnic,Aneri Women Chandani Brown Kurta,Shirt,top,C:\Users\LENOVO\New folder\data\raw\images\18292.jpg
18412,Men,Footwear,Shoes,Sports Shoes,White,Fall,2011.0,Sports,Skechers MenShape-Ups White Shoe,Sneakers,shoes,C:\Users\LENOVO\New folder\data\raw\images\18412.jpg
40431,Women,Apparel,Dress,Dresses,Navy Blue,Summer,2012.0,Casual,Tonga Women Navy Blue Dress,Dress,top,C:\Users\LENOVO\New folder\data\raw\images\40431.jpg
6864,Women,Apparel,Bottomwear,Skirts,White,Summer,2011.0,Casual,Forever New Women's Printed White Skirt,Skirt,bottom,C:\Users\LENOVO\New folder\data\raw\images\6864.jpg
16395,Men,Apparel,Topwear,Shirts,Black,Fall,2011.0,Casual,Levis Men Check Black Shirts,Shirt,top,C:\Users\LENOVO\New folder\data\raw\images\16395.jpg
59965,Women,Apparel,Dress,Dresses,Black,Fall,2012.0,Casual,Avirate Black Dress,Dress,top,C:\Users\LENOVO\New folder\data\raw\images\59965.jpg
56210,Women,Accessories,Jewellery,Pendant,Gold,Winter,2015.0,Casual,Estelle Women Gold Pendant,Accessories,accessory,C:\Users\LENOVO\New folder\data\raw\images\56210.jpg
12909,Men,Apparel,Topwear,Shirts,Red,Fall,2011.0,Casual,Spykar Men Check Red Shirts,Shirt,top,C:\Users\LENOVO\New folder\data\raw\images\12909.jpg
13510,Men,Apparel,Topwear,Tshirts,Green,Fall,2011.0,Casual,Chimp Men Say Cheese Green Tshirts,T-Shirt,top,C:\Users\LENOVO\New folder\data\raw\images\13510.jpg
9877,Men,Apparel,Bottomwear,Trousers,Black,Fall,2011.0,Casual,Indigo Nation Men Pv Plan Mix & Max Black Trousers,Trousers,bottom,C:\Users\LENOVO\New folder\data\raw\images\9877.jpg
15109,Men,Apparel,Bottomwear,Trousers,Black,Fall,2011.0,Formal,Arrow Men Autoflex Black Trousers,Trousers,bottom,C:\Users\LENOVO\New folder\data\raw\images\15109.jpg
44545,Men,Footwear,Sandal,Sandals,Brown,Summer,2012.0,Casual,Coolers Men Brown Sandals,Shoes,shoes,C:\Users\LENOVO\New folder\data\raw\images\44545.jpg
50993,Women,Apparel,Loungewear and Nightwear,Nightdress,Taupe,Summer,2017.0,Casual,Enamor Women Taupe Nightdress,Accessories,accessory,C:\Users\LENOVO\New folder\data\raw\images\50993.jpg
34410,Men,Apparel,Topwear,Tshirts,Black,Summer,2012.0,Casual,Myntra Men Freak Show Black T-shirt,T-Shirt,top,C:\Users\LENOVO\New folder\data\raw\images\34410.jpg
39248,Men,Footwear,Shoes,Casual Shoes,Olive,Winter,2018.0,Casual,Red Chief Men Olive Shoes,Shoes,shoes,C:\Users\LENOVO\New folder\data\raw\images\39248.jpg
47005,Women,Apparel,Topwear,Kurtas,Lavender,Fall,2012.0,Ethnic,Shree Women Lavender Kurta,Shirt,top,C:\Users\LENOVO\New folder\data\raw\images\47005.jpg
34831,Men,Footwear,Shoes,Sports Shoes,White,Summer,2012.0,Sports,ADIDAS Men Bolt White Sports Shoes,Sneakers,shoes,C:\Users\LENOVO\New folder\data\raw\images\34831.jpg
12959,Men,Footwear,Shoes,Sports Shoes,Black,Fall,2011.0,Sports,ADIDAS Men Sports Black Sports Shoes,Sneakers,shoes,C:\Users\LENOVO\New folder\data\raw\images\12959.jpg
4562,Women,Footwear,Shoes,Sports Shoes,White,Summer,2011.0,Sports,Nike Women Capri White Shoe,Sneakers,shoes,C:\Users\LENOVO\New folder\data\raw\images\4562.jpg
13241,Men,Apparel,Topwear,Jackets,White,Fall,2011.0,Casual,Palm Tree Kids Boys Solid White Jackets,Jacket,outerwear,C:\Users\LENOVO\New folder\data\raw\images\13241.jpg
56284,Women,Apparel,Innerwear,Bra,White,Summer,2017.0,Casual,Biara White Everyday Support Bra,Accessories,accessory,C:\Users\LENOVO\New folder\data\raw\images\56284.jpg
5868,Unisex,Footwear,Shoes,Casual Shoes,Black,Fall,2012.0,Casual,Converse Unisex Black Shoes,Shoes,shoes,C:\Users\LENOVO\New folder\data\raw\images\5868.jpg
8714,Unisex,Accessories,Eyewear,Sunglasses,Black,Winter,2016.0,Casual,Fastrack Unisex Fastrack Black sunglass with Black frame Black Sunglasses,Accessories,accessory,C:\Users\LENOVO\New folder\data\raw\images\8714.jpg
22542,Men,Footwear,Shoes,Sports Shoes,White,Fall,2009.0,Sports,Lotto  Kids-Boy Jumper  White Sports Shoes,Sneakers,shoes,C:\Users\LENOVO\New folder\data\raw\images\22542.jpg
11260,Women,Apparel,Bottomwear,Skirts,Green,Summer,2011.0,Casual,Palm Tree Kids Girl Sp Jace Sko Green Skirts,Skirt,bottom,C:\Users\LENOVO\New folder\data\raw\images\11260.jpg
17685,Women,Footwear,Shoes,Heels,Multi,Winter,2015.0,Casual,Catwalk Women Assorted Multi Heels,Shoes,shoes,C:\Users\LENOVO\New folder\data\raw\images\17685.jpg
19342,Women,Apparel,Topwear,Jackets,Black,Fall,2011.0,Casual,United Colors of Benetton Women Solid Black Jacket,Jacket,outerwear,C:\Users\LENOVO\New folder\data\raw\images\19342.jpg
26863,Women,Apparel,Bottomwear,Skirts,Navy Blue,Summer,2012.0,Casual,Jealous 21 Women Navy Blue Skirts,Skirt,bottom,C:\Users\LENOVO\New folder\data\raw\images\26863.jpg
59119,Men,Apparel,Topwear,Jackets,Black,Summer,2012.0,Casual,Just Natural Men Black Jacket,Jacket,outerwear,C:\Users\LENOVO\New folder\data\raw\images\59119.jpg
56852,Men,Apparel,Bottomwear,Jeans,Blue,Fall,2012.0,Casual,John Players Men Blue Jeans,Jeans,bottom,C:\Users\LENOVO\New folder\data\raw\images\56852.jpg
2980,Men,Apparel,Topwear,Tshirts,White,Fall,2010.0,Casual,Puma Men's Tee2 White T-shirt,T-Shirt,top,C:\Users\LENOVO\New folder\data\raw\images\2980.jpg
47989,Men,Accessories,Watches,Watches,Black,Winter,2016.0,Casual,Helix Men Black Dial watch,Accessories,accessory,C:\Users\LENOVO\New folder\data\raw\images\47989.jpg
3660,Men,Footwear,Shoes,Sports Shoes,White,Summer,2011.0,Sports,Fila Men's Racer White Roy Shoe,Sneakers,shoes,C:\Users\LENOVO\New folder\data\raw\images\3660.jpg
48469,Women,Apparel,Dress,Dresses,Black,Summer,2012.0,Casual,French Connection Black Dress,Dress,top,C:\Users\LENOVO\New folder\data\raw\images\48469.jpg
12751,Men,Apparel,Bottomwear,Jeans,Blue,Fall,2011.0,Casual,Spykar Men Ep Jeans Blue Jeans,Jeans,bottom,C:\Users\LENOVO\New folder\data\raw\images\12751.jpg
7193,Women,Apparel,Bottomwear,Jeans,Black,Fall,2011.0,Casual,Jealous 21 Women Black Jegging,Jeans,bottom,C:\Users\LENOVO\New folder\data\raw\images\7193.jpg
34495,Women,Apparel,Bottomwear,Skirts,Grey,Fall,2012.0,Formal,Van Heusen Woman Grey Skirt,Skirt,bottom,C:\Users\LENOVO\New folder\data\raw\images\34495.jpg
48457,Men,Apparel,Bottomwear,Shorts,Multi,Summer,2012.0,Casual,French Connection Men Multi Coloured Cargo Shorts,Trousers,bottom,C:\Users\LENOVO\New folder\data\raw\images\48457.jpg
28102,Men,Apparel,Innerwear,Briefs,Grey,Summer,2016.0,Casual,Jockey COMFPLUS Men Grey Y Front Briefs 8004,Accessories,accessory,C:\Users\LENOVO\New folder\data\raw\images\28102.jpg
39910,Men,Footwear,Shoes,Sports Shoes,Blue,Summer,2012.0,Sports,ADIDAS Men Blue & Red F10 Sports Shoes,Sneakers,shoes,C:\Users\LENOVO\New folder\data\raw\images\39910.jpg
47676,Women,Apparel,Dress,Dresses,Black,Summer,2012.0,Casual,Femella Women Black Animal Print Dress,Dress,top,C:\Users\LENOVO\New folder\data\raw\images\47676.jpg
12660,Men,Apparel,Topwear,Shirts,Pink,Fall,2011.0,Casual,Probase Men Stripes Pink Shirts,Shirt,top,C:\Users\LENOVO\New folder\data\raw\images\12660.jpg
20377,Women,Apparel,Topwear,Jackets,Pink,Fall,2011.0,Casual,Urban Yoga Women Solid Pink Jacket,Jacket,outerwear,C:\Users\LENOVO\New folder\data\raw\images\20377.jpg
59651,Women,Apparel,Saree,Sarees,Cream,Fall,2012.0,Ethnic,FNF Cream & Pink Evening Wear Sari,Accessories,accessory,C:\Users\LENOVO\New folder\data\raw\images\59651.jpg
7658,Men,Apparel,Topwear,Tshirts,Purple,Fall,2011.0,Sports,Puma Men's Toe Crusher Club Purple T-shirt,T-Shirt,top,C:\Users\LENOVO\New folder\data\raw\images\7658.jpg
39113,Men,Apparel,Topwear,Tshirts,Red,Summer,2012.0,Casual,Angry Birds Men Red Printed T-shirt,T-Shirt,top,C:\Users\LENOVO\New folder\data\raw\images\39113.jpg
19794,Men,Apparel,Topwear,Tshirts,Green,Fall,2011.0,Casual,U.S. Polo Assn. Men Solid Green T-shirt,T-Shirt,top,C:\Users\LENOVO\New folder\data\raw\images\19794.jpg
37327,Women,Accessories,Watches,Watches,Red,Winter,2016.0,Casual,CASIO Sheen Women Red Dial Chronograph Watch SX039 SHE-5022D-4ADR,Accessories,accessory,C:\Users\LENOVO\New folder\data\raw\images\37327.jpg
34967,Women,Accessories,Stoles,Stoles,Off White,Summer,2012.0,Casual,Fabindia Women Off White Printed Stole,Accessories,accessory,C:\Users\LENOVO\New folder\data\raw\images\34967.jpg
4523,Men,Footwear,Shoes,Sports Shoes,Blue,Summer,2011.0,Sports,Puma Men's Faas Blue White Silver Red Shoe,Sneakers,shoes,C:\Users\LENOVO\New folder\data\raw\images\4523.jpg
34649,Women,Footwear,Shoes,Sports Shoes,Grey,Fall,2012.0,Sports,Fila Women Artifice Grey Sports Shoes,Sneakers,shoes,C:\Users\LENOVO\New folder\data\raw\images\34649.jpg
4657,Women,Footwear,Shoes,Sports Shoes,White,Summer,2011.0,Sports,ADIDAS Women Sprint Speed Low White Blue Shoe,Sneakers,shoes,C:\Users\LENOVO\New folder\data\raw\images\4657.jpg
9020,Men,Footwear,Flip Flops,Flip Flops,Brown,Winter,2011.0,Casual,Buckaroo Men Dios Brown Flip Flops,Shoes,shoes,C:\Users\LENOVO\New folder\data\raw\images\9020.jpg
19338,Men,Apparel,Topwear,Jackets,Black,Fall,2011.0,Casual,United Colors of Benetton Men Solid Black Jacket,Jacket,outerwear,C:\Users\LENOVO\New folder\data\raw\images\19338.jpg
57075,Women,Apparel,Bottomwear,Jeans,Blue,Summer,2012.0,Casual,Elle Blue Jeans,Jeans,bottom,C:\Users\LENOVO\New folder\data\raw\images\57075.jpg
59908,Women,Apparel,Dress,Dresses,Peach,Fall,2012.0,Casual,Femella Women Peach Dress,Dress,top,C:\Users\LENOVO\New folder\data\raw\images\59908.jpg
33132,Women,Footwear,Shoes,Heels,Beige,Winter,2015.0,Casual,Catwalk Women Beige Heels,Shoes,shoes,C:\Users\LENOVO\New folder\data\raw\images\33132.jpg
45133,Men,Accessories,Watches,Watches,Silver,Winter,2016.0,Casual,Casio Enticer Men Silver Analogue Watches (A358) MTP-1235D-7ADF,Accessories,accessory,C:\Users\LENOVO\New folder\data\raw\images\45133.jpg
20256,Men,Apparel,Topwear,Tshirts,Green,Fall,2011.0,Casual,Wrangler Men Wing Green T-shirt,T-Shirt,top,C:\Users\LENOVO\New folder\data\raw\images\20256.jpg
52031,Unisex,Apparel,Topwear,Rain Jacket,Black,Summer,2012.0,,Just Natural Unisex Black Rain Jacket,Jacket,outerwear,C:\Users\LENOVO\New folder\data\raw\images\52031.jpg
18758,Women,Apparel,Dress,Dresses,Black,Fall,2011.0,Casual,Arrow Woman Bling Black Dress,Dress,top,C:\Users\LENOVO\New folder\data\raw\images\18758.jpg
17628,Men,Apparel,Topwear,Jackets,Charcoal,Fall,2011.0,Casual,ADIDAS Men Solid Grey Jacket,Jacket,outerwear,C:\Users\LENOVO\New folder\data\raw\images\17628.jpg
35699,Men,Footwear,Sandal,Sandals,Black,Summer,2012.0,Casual,Nike Men Air Deschutz Black Sandals,Shoes,shoes,C:\Users\LENOVO\New folder\data\raw\images\35699.jpg
13167,Men,Footwear,Shoes,Sports Shoes,Black,Fall,2011.0,Sports,Skechers Men Prospeed Black Sports Shoes,Sneakers,shoes,C:\Users\LENOVO\New folder\data\raw\images\13167.jpg
33544,Women,Apparel,Topwear,Tops,Yellow,Summer,2012.0,Casual,Wrangler Women Bella Yellow Top,T-Shirt,top,C:\Users\LENOVO\New folder\data\raw\images\33544.jpg
11356,Women,Apparel,Topwear,Tshirts,Peach,Fall,2011.0,Casual,United Colors Of Benetton Women Light Winter Peach Peach T-Shirt,T-Shirt,top,C:\Users\LENOVO\New folder\data\raw\images\11356.jpg
34581,Women,Apparel,Dress,Dresses,Maroon,Summer,2012.0,Casual,Tonga Women Maroon Dress,Dress,top,C:\Users\LENOVO\New folder\data\raw\images\34581.jpg
34733,Women,Footwear,Shoes,Sports Shoes,Blue,Summer,2012.0,Sports,Puma Women Faas 300 Blue & Pink Sports Shoes,Sneakers,shoes,C:\Users\LENOVO\New folder\data\raw\images\34733.jpg
26156,Men,Apparel,Bottomwear,Trousers,Brown,Summer,2012.0,Formal,John Miller Men Striped Brown Trousers,Trousers,bottom,C:\Users\LENOVO\New folder\data\raw\images\26156.jpg
4834,Men,Apparel,Bottomwear,Track Pants,Brown,Summer,2011.0,Sports,ADIDAS Men's Woven Sand Track Pant,Trousers,bottom,C:\Users\LENOVO\New folder\data\raw\images\4834.jpg
15943,Men,Accessories,Wallets,Wallets,Black,Fall,2011.0,Casual,Turtle Men Leather Black Wallets,Accessories,accessory,C:\Users\LENOVO\New folder\data\raw\images\15943.jpg
17898,Men,Apparel,Topwear,Jackets,Grey,Fall,2011.0,Casual,Nike Men Casual Grey Jacket,Jacket,outerwear,C:\Users\LENOVO\New folder\data\raw\images\17898.jpg
22315,Men,Apparel,Topwear,Jackets,Black,Summer,2012.0,Casual,Wildcraft Men Light Quilt Black Jacket,Jacket,outerwear,C:\Users\LENOVO\New folder\data\raw\images\22315.jpg
24819,Women,Footwear,Shoes,Casual Shoes,Peach,Summer,2011.0,Casual,Carlton London Women Peach Casual Shoes,Shoes,shoes,C:\Users\LENOVO\New folder\data\raw\images\24819.jpg
49790,Men,Accessories,Headwear,Caps,Black,Summer,2012.0,Casual,Flying Machine Men Black Cap,Accessories,accessory,C:\Users\LENOVO\New folder\data\raw\images\49790.jpg
42181,Men,Footwear,Shoes,Sports Shoes,Silver,Summer,2012.0,Sports,Lotto Men Silver & Green Sports Shoes,Sneakers,shoes,C:\Users\LENOVO\New folder\data\raw\images\42181.jpg
16512,Men,Apparel,Bottomwear,Jeans,Blue,Fall,2011.0,Casual,Locomotive Men Washed Blue Jeans,Jeans,bottom,C:\Users\LENOVO\New folder\data\raw\images\16512.jpg
49655,Women,Apparel,Bottomwear,Skirts,Pink,Summer,2012.0,Casual,Mineral Pink & Green Skirt,Skirt,bottom,C:\Users\LENOVO\New folder\data\raw\images\49655.jpg
37200,Men,Apparel,Bottomwear,Jeans,Blue,Summer,2012.0,Casual,United Colors of Benetton Men Washed Blue Jeans,Jeans,bottom,C:\Users\LENOVO\New folder\data\raw\images\37200.jpg
24083,Women,Footwear,Shoes,Heels,Black,Winter,2015.0,Casual,Catwalk Women Black Wedges,Shoes,shoes,C:\Users\LENOVO\New folder\data\raw\images\24083.jpg
24848,Men,Apparel,Bottomwear,Jeans,Blue,Fall,2011.0,Casual,Flying Machine Men Washed Blue Jeans,Jeans,bottom,C:\Users\LENOVO\New folder\data\raw\images\24848.jpg
50908,Women,Apparel,Saree,Sarees,Navy Blue,Fall,2012.0,Ethnic,Prafful Navy Blue Crepe Printed Sari,Accessories,accessory,C:\Users\LENOVO\New folder\data\raw\images\50908.jpg
5575,Girls,Apparel,Bottomwear,Skirts,Green,Summer,2011.0,Casual,Ant Kids Girl's Green Kidswear,Skirt,bottom,C:\Users\LENOVO\New folder\data\raw\images\5575.jpg
34493,Women,Apparel,Bottomwear,Skirts,Grey,Summer,2012.0,Formal,Van Heusen Woman Grey Skirt,Skirt,bottom,C:\Users\LENOVO\New folder\data\raw\images\34493.jpg
48386,Men,Apparel,Bottomwear,Jeans,Black,Summer,2012.0,Casual,French Connection Men Black Jeans,Jeans,bottom,C:\Users\LENOVO\New folder\data\raw\images\48386.jpg
4576,Men,Footwear,Shoes,Sports Shoes,Grey,Summer,2011.0,Sports,Nike Men's Incinera Grey Shoe,Sneakers,shoes,C:\Users\LENOVO\New folder\data\raw\images\4576.jpg
17151,Men,Apparel,Topwear,Jackets,Navy Blue,Winter,2016.0,Casual,U.S. Polo Assn. Men Solid Navy Blue Jacket,Jacket,outerwear,C:\Users\LENOVO\New folder\data\raw\images\17151.jpg
49767,Women,Apparel,Topwear,Kurtas,Blue,Summer,2012.0,Ethnic,Alma Women Blue Printed Kurta,Shirt,top,C:\Users\LENOVO\New folder\data\raw\images\49767.jpg
11098,Women,Apparel,Bottomwear,Leggings,Purple,Fall,2011.0,Ethnic,Scullers Women Solid Purple Leggings,Trousers,bottom,C:\Users\LENOVO\New folder\data\raw\images\11098.jpg
28100,Men,Apparel,Innerwear,Briefs,Black,Summer,2016.0,Casual,Jockey COMFPLUS Men Black Y Front Briefs 8004,Accessories,accessory,C:\Users\LENOVO\New folder\data\raw\images\28100.jpg
25931,Women,Apparel,Bottomwear,Skirts,Red,Summer,2012.0,Casual,Femella Women Red Skirt,Skirt,bottom,C:\Users\LENOVO\New folder\data\raw\images\25931.jpg
18710,Women,Apparel,Bottomwear,Skirts,Tan,Fall,2011.0,Casual,Arrow Woman Printed Tan Skirt,Skirt,bottom,C:\Users\LENOVO\New folder\data\raw\images\18710.jpg
58560,Women,Apparel,Bottomwear,Jeans,Navy Blue,Fall,2012.0,Casual,Puma Women Navy Blue Jeans,Jeans,bottom,C:\Users\LENOVO\New folder\data\raw\images\58560.jpg
47430,Women,Accessories,Bags,Handbags,Brown,Summer,2012.0,Casual,Baggit Women Brown Handbag,Accessories,accessory,C:\Users\LENOVO\New folder\data\raw\images\47430.jpg
17712,Women,Footwear,Shoes,Casual Shoes,Grey,Fall,2011.0,Casual,Vans Women E-Street Grey Casual Shoes,Shoes,shoes,C:\Users\LENOVO\New folder\data\raw\images\17712.jpg
24687,Men,Footwear,Sandal,Sandals,Tan,Spring,2012.0,Casual,Lee Cooper Men Classic Tan Sandals,Shoes,shoes,C:\Users\LENOVO\New folder\data\raw\images\24687.jpg
39716,Women,Apparel,Dress,Dresses,Blue,Summer,2012.0,Casual,Arrow Woman Women Blue Dress,Dress,top,C:\Users\LENOVO\New folder\data\raw\images\39716.jpg
23887,Men,Footwear,Shoes,Sports Shoes,Black,Summer,2012.0,Sports,Fila Men Clutch Black Sports Shoes,Sneakers,shoes,C:\Users\LENOVO\New folder\data\raw\images\23887.jpg
16170,Men,Footwear,Shoes,Formal Shoes,Tan,Fall,2011.0,Formal,Enroute Men Leather Tan Formal Shoes,Shoes,shoes,C:\Users\LENOVO\New folder\data\raw\images\16170.jpg
39189,Women,Footwear,Shoes,Heels,Red,Winter,2015.0,Casual,Catwalk Women Red Sandals,Shoes,shoes,C:\Users\LENOVO\New folder\data\raw\images\39189.jpg
21163,Women,Apparel,Topwear,Shrug,Grey,Fall,2011.0,Casual,s.Oliver Women Solid Grey Shrug,Jacket,outerwear,C:\Users\LENOVO\New folder\data\raw\images\21163.jpg
46394,Men,Apparel,Topwear,Shirts,Blue,Summer,2012.0,Casual,ADIDAS Men Blue & Black Check Shirt,Shirt,top,C:\Users\LENOVO\New folder\data\raw\images\46394.jpg
14345,Men,Footwear,Shoes,Sports Shoes,Grey,Fall,2011.0,Sports,Nike Men Free Run +2 Grey Sports Shoes,Sneakers,shoes,C:\Users\LENOVO\New folder\data\raw\images\14345.jpg
34028,Boys,Apparel,Topwear,Shirts,Black,Summer,2012.0,Casual,Gini and Jony Boys Check White & Black Shirt,Shirt,top,C:\Users\LENOVO\New folder\data\raw\images\34028.jpg
7057,Unisex,Accessories,Bags,Backpacks,Navy Blue,Summer,2011.0,Sports,Nike Unisex Barcelona Navy Backpack,Accessories,accessory,C:\Users\LENOVO\New folder\data\raw\images\7057.jpg
39503,Unisex,Accessories,Bags,Duffel Bag,Brown,Summer,2012.0,Casual,Peter England Unisex Brown Duffle Bag,Accessories,accessory,C:\Users\LENOVO\New folder\data\raw\images\39503.jpg
17550,Men,Apparel,Topwear,Shirts,Red,Fall,2011.0,Formal,Mark Taylor Men Red & White Striped Shirt,Shirt,top,C:\Users\LENOVO\New folder\data\raw\images\17550.jpg
23005,Men,Apparel,Topwear,Tshirts,White,Summer,2016.0,Sports,2go Active Gear USA Men Pack of Two White Jordan T-shirts,T-Shirt,top,C:\Users\LENOVO\New folder\data\raw\images\23005.jpg
13920,Men,Footwear,Shoes,Casual Shoes,Black,Fall,2011.0,Casual,Nike Men Court Resonate Black Casual Shoes,Shoes,shoes,C:\Users\LENOVO\New folder\data\raw\images\13920.jpg
31110,Boys,Apparel,Bottomwear,Jeans,Grey,Summer,2012.0,Casual,Gini and Jony Boys Washed Grey Jeans,Jeans,bottom,C:\Users\LENOVO\New folder\data\raw\images\31110.jpg
45341,Women,Footwear,Shoes,Heels,Beige,Summer,2016.0,Casual,Cobblerz Women Beige & Green Sandals,Shoes,shoes,C:\Users\LENOVO\New folder\data\raw\images\45341.jpg
34570,Women,Apparel,Dress,Dresses,Black,Summer,2012.0,Casual,Tonga Women Printed Black Dress,Dress,top,C:\Users\LENOVO\New folder\data\raw\images\34570.jpg
16794,Men,Apparel,Topwear,Shirts,Navy Blue,Fall,2011.0,Casual,Highlander Men Stripes Navy Blue Shirt,Shirt,top,C:\Users\LENOVO\New folder\data\raw\images\16794.jpg
4936,Women,Apparel,Dress,Dresses,Black,Summer,2011.0,Casual,Gini and Jony Girl's Veata White Black Pink Infants Kidswear,Dress,top,C:\Users\LENOVO\New folder\data\raw\images\4936.jpg
11336,Men,Apparel,Bottomwear,Jeans,Blue,Fall,2011.0,Casual,United Colors of Benetton Men Washed Blue Jeans,Jeans,bottom,C:\Users\LENOVO\New folder\data\raw\images\11336.jpg
8192,Men,Apparel,Topwear,Shirts,Navy Blue,Summer,2011.0,Casual,Locomotive Men Solid Poplin Laman Navy Blue Shirts,Shirt,top,C:\Users\LENOVO\New folder\data\raw\images\8192.jpg
13251,Men,Apparel,Bottomwear,Trousers,Beige,Fall,2011.0,Casual,Palm Tree Kids Boy Solid Beige Trousers,Trousers,bottom,C:\Users\LENOVO\New folder\data\raw\images\13251.jpg
12532,Women,Apparel,Topwear,Jackets,Black,Fall,2011.0,Casual,Puma Women Solid Black Jackets,Jacket,outerwear,C:\Users\LENOVO\New folder\data\raw\images\12532.jpg
7001,Women,Apparel,Topwear,Tops,Purple,Summer,2011.0,Casual,s.Oliver Women's Purple Blouse Top,T-Shirt,top,C:\Users\LENOVO\New folder\data\raw\images\7001.jpg
34397,Men,Apparel,Topwear,Tshirts,Black,Fall,2012.0,Casual,Myntra Men Black Printed T-shirt,T-Shirt,top,C:\Users\LENOVO\New folder\data\raw\images\34397.jpg
46544,Men,Accessories,Watches,Watches,Black,Winter,2016.0,Casual,Timex Men Black Dial Watch T2N516,Accessories,accessory,C:\Users\LENOVO\New folder\data\raw\images\46544.jpg
18840,Men,Accessories,Belts,Belts,Brown,Fall,2011.0,Formal,Peter England Men Formal Brown Belt,Accessories,accessory,C:\Users\LENOVO\New folder\data\raw\images\18840.jpg
59123,Men,Apparel,Topwear,Jackets,Black,Summer,2012.0,Casual,Just Natural Men Black Jacket,Jacket,outerwear,C:\Users\LENOVO\New folder\data\raw\images\59123.jpg
18180,Boys,Apparel,Bottomwear,Jeans,Blue,Fall,2011.0,Casual,Doodle Boys-Boys Acid Wash Blue Jeans,Jeans,bottom,C:\Users\LENOVO\New folder\data\raw\images\18180.jpg
28672,Men,Apparel,Topwear,Tshirts,Black,Summer,2012.0,Casual,Proline Men Black Polo T-Shirt,T-Shirt,top,C:\Users\LENOVO\New folder\data\raw\images\28672.jpg
28315,Men,Footwear,Shoes,Casual Shoes,Grey,Winter,2018.0,Casual,Red Tape Men Grey Shoes,Shoes,shoes,C:\Users\LENOVO\New folder\data\raw\images\28315.jpg
28637,Men,Footwear,Shoes,Sports Shoes,Black,Summer,2012.0,Sports,Nike Men Air Relentless Black Sports Shoes,Sneakers,shoes,C:\Users\LENOVO\New folder\data\raw\images\28637.jpg
43879,Men,Footwear,Shoes,Casual Shoes,Beige,Summer,2012.0,Casual,Puma Men Beige Terrae Mid Africa Shoes,Shoes,shoes,C:\Users\LENOVO\New folder\data\raw\images\43879.jpg
26383,Men,Apparel,Bottomwear,Trousers,Black,Summer,2012.0,Formal,Turtle Men Check Black Trousers,Trousers,bottom,C:\Users\LENOVO\New folder\data\raw\images\26383.jpg
43653,Women,Apparel,Dress,Dresses,Peach,Summer,2012.0,Casual,ONLY Women Peach Dress,Dress,top,C:\Users\LENOVO\New folder\data\raw\images\43653.jpg
52128,Girls,Apparel,Dress,Dresses,Blue,Summer,2012.0,Casual,Doodle Girls Blue Washed Dress,Dress,top,C:\Users\LENOVO\New folder\data\raw\images\52128.jpg
57041,Women,Apparel,Dress,Dresses,Black,Summer,2012.0,Party,Elle Black Sheath Dress,Dress,top,C:\Users\LENOVO\New folder\data\raw\images\57041.jpg
18524,Women,Apparel,Topwear,Jackets,Black,Fall,2011.0,Casual,C Vox Women Solid 1351 Black Jacket,Jacket,outerwear,C:\Users\LENOVO\New folder\data\raw\images\18524.jpg
1622,Men,Apparel,Topwear,Jackets,Navy Blue,Summer,2016.0,Casual,Reebok Navy Knit Rib Jacket,Jacket,outerwear,C:\Users\LENOVO\New folder\data\raw\images\1622.jpg
52032,Unisex,Apparel,Topwear,Rain Jacket,Red,Summer,2012.0,,Just Natural Unisex Red Rain Jacket,Jacket,outerwear,C:\Users\LENOVO\New folder\data\raw\images\52032.jpg
16804,Girls,Apparel,Dress,Dresses,White,Fall,2011.0,Casual,ANT Kids Girls Printed White Dress,Dress,top,C:\Users\LENOVO\New folder\data\raw\images\16804.jpg
9195,Men,Apparel,Bottomwear,Jeans,Blue,Fall,2011.0,Casual,Spykar Men Style Essentials Kns 0542 Blue Jeans,Jeans,bottom,C:\Users\LENOVO\New folder\data\raw\images\9195.jpg
55509,Women,Personal Care,Lips,Lip Gloss,Brown,Spring,2017.0,Casual,Revlon Coffee Gleam Super Lustrous Lip Gloss 06,Accessories,accessory,C:\Users\LENOVO\New folder\data\raw\images\55509.jpg
6574,Men,Apparel,Bottomwear,Shorts,White,Summer,2011.0,Sports,Nike Men's Woven Dri Fit White Short,Trousers,bottom,C:\Users\LENOVO\New folder\data\raw\images\6574.jpg
1806,Men,Footwear,Sandal,Sandals,Brown,Spring,2011.0,Casual,Quechua Men Arpenaz Brown Sandal,Shoes,shoes,C:\Users\LENOVO\New folder\data\raw\images\1806.jpg
17845,Men,Footwear,Shoes,Sports Shoes,White,Fall,2011.0,Sports,Nike Men T90 Shoot I\/ HG-B White Sports Shoe,Sneakers,shoes,C:\Users\LENOVO\New folder\data\raw\images\17845.jpg
5570,Girls,Apparel,Dress,Dresses,Grey,Summer,2011.0,Casual,Ant Kids Girl's Sleeveless With Flower Print Kidswear,Dress,top,C:\Users\LENOVO\New folder\data\raw\images\5570.jpg
19727,Women,Apparel,Topwear,Shirts,White,Summer,2011.0,Casual,United Colors of Benetton Women Solid White Shirt,Shirt,top,C:\Users\LENOVO\New folder\data\raw\images\19727.jpg
31684,Men,Footwear,Shoes,Sports Shoes,White,Summer,2012.0,Sports,Nike Men Multicourt White Sports Shoes,Sneakers,shoes,C:\Users\LENOVO\New folder\data\raw\images\31684.jpg
44665,Women,Apparel,Bottomwear,Trousers,Brown,Summer,2012.0,Casual,Wills Lifestyle Women Brown Trousers,Trousers,bottom,C:\Users\LENOVO\New folder\data\raw\images\44665.jpg
14545,Women,Apparel,Topwear,Kurtas,Blue,Fall,2011.0,Ethnic,Vishudh Women Circle Print Blue Kurtas,Shirt,top,C:\Users\LENOVO\New folder\data\raw\images\14545.jpg
5019,Women,Apparel,Bottomwear,Skirts,Navy Blue,Summer,2011.0,Casual,Levis Kids Girl's Betsy Navy Kidswear,Skirt,bottom,C:\Users\LENOVO\New folder\data\raw\images\5019.jpg
43479,Men,Footwear,Shoes,Casual Shoes,Olive,Summer,2012.0,Casual,Woodland Men Olive Green Shoes,Shoes,shoes,C:\Users\LENOVO\New folder\data\raw\images\43479.jpg
53480,Women,Apparel,Innerwear,Bra,Mushroom Brown,Summer,2017.0,Casual,Amante Mushroom Brown Full-Coverage Bra BCSB02,Accessories,accessory,C:\Users\LENOVO\New folder\data\raw\images\53480.jpg
25930,Women,Apparel,Bottomwear,Skirts,Black,Summer,2012.0,Casual,Femella Women Black Skirt,Skirt,bottom,C:\Users\LENOVO\New folder\data\raw\images\25930.jpg
37790,Men,Apparel,Topwear,Shirts,Grey,Summer,2012.0,Formal,John Players Men Striped Grey Green Shirt,Shirt,top,C:\Users\LENOVO\New folder\data\raw\images\37790.jpg
18522,Men,Apparel,Topwear,Jackets,Black,Summer,2015.0,Casual,C Vox Men Solid 1349 Black Jacket,Jacket,outerwear,C:\Users\LENOVO\New folder\data\raw\images\18522.jpg
27910,Women,Apparel,Bottomwear,Trousers,Black,Summer,2012.0,Casual,Scullers For Her Women Black Trousers,Trousers,bottom,C:\Users\LENOVO\New folder\data\raw\images\27910.jpg
28505,Men,Apparel,Bottomwear,Shorts,Grey,Summer,2012.0,Sports,Nike Men Tempo Grey Shorts,Trousers,bottom,C:\Users\LENOVO\New folder\data\raw\images\28505.jpg
11328,Men,Apparel,Bottomwear,Jeans,Blue,Fall,2011.0,Casual,United Colors of Benetton Men Washed Blue Jeans,Jeans,bottom,C:\Users\LENOVO\New folder\data\raw\images\11328.jpg
13889,Women,Apparel,Topwear,Shirts,Blue,Fall,2011.0,Casual,Scullers Women Check Blue Shirts,Shirt,top,C:\Users\LENOVO\New folder\data\raw\images\13889.jpg
13504,Men,Apparel,Topwear,Tshirts,White,Fall,2011.0,Casual,Chimp Men Kutta Pyjama White Tshirts,T-Shirt,top,C:\Users\LENOVO\New folder\data\raw\images\13504.jpg
24412,Men,Footwear,Shoes,Sports Shoes,Black,Summer,2012.0,Sports,ADIDAS  Men Smoove Black Sports Shoes,Sneakers,shoes,C:\Users\LENOVO\New folder\data\raw\images\24412.jpg
15577,Boys,Apparel,Topwear,Tshirts,Blue,Fall,2011.0,Casual,Chhota Bheem Kids Boys Warrior Bheem TShirt,T-Shirt,top,C:\Users\LENOVO\New folder\data\raw\images\15577.jpg
22073,Women,Apparel,Topwear,Kurtas,Green,Fall,2011.0,Ethnic,Vishudh Women Printed Green Kurta,Shirt,top,C:\Users\LENOVO\New folder\data\raw\images\22073.jpg
33509,Women,Apparel,Bottomwear,Shorts,Pink,Summer,2012.0,Casual,Doodle Kids Girl Check Pink Shorts,Trousers,bottom,C:\Users\LENOVO\New folder\data\raw\images\33509.jpg
35075,Men,Accessories,Belts,Belts,Brown,Summer,2012.0,Casual,Allen Solly Men Leather Brown Belt,Accessories,accessory,C:\Users\LENOVO\New folder\data\raw\images\35075.jpg
9531,Men,Apparel,Topwear,Jackets,Purple,Fall,2011.0,Sports,Nike Men Summerized Wind Runner White Jackets,Jacket,outerwear,C:\Users\LENOVO\New folder\data\raw\images\9531.jpg
9452,Men,Apparel,Topwear,Shirts,Red,Fall,2011.0,Formal,John Miller Men Stripes White Red Shirts,Shirt,top,C:\Users\LENOVO\New folder\data\raw\images\9452.jpg
54041,Women,Accessories,Bags,Handbags,Grey,Summer,2012.0,Casual,Kiara Women Grey Handbag,Accessories,accessory,C:\Users\LENOVO\New folder\data\raw\images\54041.jpg
44762,Men,Footwear,Shoes,Sports Shoes,Black,Summer,2012.0,Sports,Globalite Men Black Startech Shoes,Sneakers,shoes,C:\Users\LENOVO\New folder\data\raw\images\44762.jpg
7186,Women,Apparel,Bottomwear,Jeans,Blue,Fall,2011.0,Casual,Jealous 21 Women Supper Skinny Zipped Blue Jeans,Jeans,bottom,C:\Users\LENOVO\New folder\data\raw\images\7186.jpg
6887,Women,Apparel,Topwear,Jackets,Blue,Summer,2011.0,Casual,Forever New Women Indigo Wash Blue Jacket,Jacket,outerwear,C:\Users\LENOVO\New folder\data\raw\images\6887.jpg
47142,Women,Accessories,Bags,Handbags,White,Summer,2015.0,Casual,Be For Bag Women White and Pink Combo pack Tote Bags,Accessories,accessory,C:\Users\LENOVO\New folder\data\raw\images\47142.jpg
53435,Men,Apparel,Topwear,Jackets,Black,Summer,2012.0,Sports,ADIDAS Men Black Jacket,Jacket,outerwear,C:\Users\LENOVO\New folder\data\raw\images\53435.jpg
10082,Women,Footwear,Shoes,Sports Shoes,Grey,Fall,2011.0,Sports,Reebok Women Aviator Grey Sports Shoes,Sneakers,shoes,C:\Users\LENOVO\New folder\data\raw\images\10082.jpg
44631,Men,Apparel,Bottomwear,Track Pants,Black,Summer,2012.0,Sports,Nike Men Black Track Pants,Trousers,bottom,C:\Users\LENOVO\New folder\data\raw\images\44631.jpg
5128,Women,Apparel,Topwear,Shirts,White,Summer,2011.0,Casual,Wrangler Women Rose Bouquet White Orange Shirt,Shirt,top,C:\Users\LENOVO\New folder\data\raw\images\5128.jpg
9858,Men,Apparel,Topwear,Tshirts,Blue,Fall,2011.0,Casual,Status Quo Men Blue Polo Tshirts,T-Shirt,top,C:\Users\LENOVO\New folder\data\raw\images\9858.jpg
26149,Men,Apparel,Bottomwear,Trousers,Charcoal,Summer,2012.0,Formal,John Miller Men Charcoal Trousers,Trousers,bottom,C:\Users\LENOVO\New folder\data\raw\images\26149.jpg
40955,Boys,Apparel,Topwear,Tshirts,Red,Summer,2012.0,Casual,Gini and Jony Boys Rodeo Red T-shirt,T-Shirt,top,C:\Users\LENOVO\New folder\data\raw\images\40955.jpg
9160,Men,Apparel,Bottomwear,Jeans,Grey,Fall,2011.0,Casual,Locomotive Men Cal Grey Jeans,Jeans,bottom,C:\Users\LENOVO\New folder\data\raw\images\9160.jpg
2267,Women,Apparel,Topwear,Tshirts,Pink,Fall,2010.0,Sports,Nike Pink Women T-shirt,T-Shirt,top,C:\Users\LENOVO\New folder\data\raw\images\2267.jpg
39381,Men,Apparel,Bottomwear,Jeans,Black,Summer,2012.0,Casual,Peter England Men Party Black Jeans,Jeans,bottom,C:\Users\LENOVO\New folder\data\raw\images\39381.jpg
31184,Men,Accessories,Accessories,Accessory Gift Set,Black,Summer,2015.0,Casual,Cabarelli Men Accessory Gift Set,Accessories,accessory,C:\Users\LENOVO\New folder\data\raw\images\31184.jpg
35535,Girls,Footwear,Sandal,Sandals,Orange,Summer,2012.0,Casual,Enroute Teens Orange Sandals,Shoes,shoes,C:\Users\LENOVO\New folder\data\raw\images\35535.jpg
40126,Boys,Apparel,Bottomwear,Shorts,White,Summer,2012.0,Casual,Gini and Jony Boys Boxer White Shorts,Trousers,bottom,C:\Users\LENOVO\New folder\data\raw\images\40126.jpg
15323,Men,Apparel,Topwear,Jackets,Grey,Fall,2011.0,Casual,Nike Men Solid Grey Jacket,Jacket,outerwear,C:\Users\LENOVO\New folder\data\raw\images\15323.jpg
2219,Men,Footwear,Shoes,Casual Shoes,Black,Fall,2010.0,Casual,ADIDAS Men's Black Shoe,Shoes,shoes,C:\Users\LENOVO\New folder\data\raw\images\2219.jpg
42263,Men,Apparel,Bottomwear,Jeans,Blue,Summer,2012.0,Casual,John Players Men Blue Jeans,Jeans,bottom,C:\Users\LENOVO\New folder\data\raw\images\42263.jpg
40276,Men,Apparel,Bottomwear,Trousers,Brown,Summer,2012.0,Casual,Scullers Men Brown Trousers,Trousers,bottom,C:\Users\LENOVO\New folder\data\raw\images\40276.jpg
14722,Women,Apparel,Topwear,Shirts,Black,Fall,2011.0,Casual,Scullers For Her Women Casual Shirt Black Shirts,Shirt,top,C:\Users\LENOVO\New folder\data\raw\images\14722.jpg
5401,Women,Footwear,Shoes,Sports Shoes,Blue,,2011.0,Sports,Kalenji Ekiden 100  Lady Blue 2011,Sneakers,shoes,C:\Users\LENOVO\New folder\data\raw\images\5401.jpg
13349,Women,Apparel,Bottomwear,Jeans,Blue,Fall,2011.0,Casual,Spykar Women Washed Blue Jeans,Jeans,bottom,C:\Users\LENOVO\New folder\data\raw\images\13349.jpg
30886,Women,Apparel,Topwear,Kurtas,Red,Summer,2012.0,Ethnic,Fabindia Women Printed Red Kurta,Shirt,top,C:\Users\LENOVO\New folder\data\raw\images\30886.jpg
33195,Women,Apparel,Topwear,Tunics,Pink,Summer,2012.0,Casual,Sepia Women Pink Tunic,Shirt,top,C:\Users\LENOVO\New folder\data\raw\images\33195.jpg
57600,Women,Free Items,Free Gifts,Free Gifts,Purple,Spring,2017.0,Casual,Lotus Herbals Moistpetals Royal Plum Lipstick 116,Accessories,accessory,C:\Users\LENOVO\New folder\data\raw\images\57600.jpg
11104,Men,Apparel,Topwear,Shirts,Black,Fall,2011.0,Formal,Indigo Nation Men Stripes Black Shirts,Shirt,top,C:\Users\LENOVO\New folder\data\raw\images\11104.jpg
7782,Men,Apparel,Bottomwear,Track Pants,Black,Fall,2011.0,Casual,Urban Yoga Men's Abhayas Black Track Pant,Trousers,bottom,C:\Users\LENOVO\New folder\data\raw\images\7782.jpg
26612,Men,Footwear,Shoes,Sports Shoes,Black,Summer,2012.0,Sports,Puma Men Cell Turin Perf 2 Black Sports Shoes,Sneakers,shoes,C:\Users\LENOVO\New folder\data\raw\images\26612.jpg
15314,Men,Footwear,Shoes,Sports Shoes,White,Fall,2011.0,Sports,ADIDAS Men Ranger White Sports Shoes,Sneakers,shoes,C:\Users\LENOVO\New folder\data\raw\images\15314.jpg
15009,Men,Apparel,Topwear,Jackets,Blue,Fall,2011.0,Sports,ADIDAS Men Blue Jacket,Jacket,outerwear,C:\Users\LENOVO\New folder\data\raw\images\15009.jpg
22699,Men,Footwear,Shoes,Sports Shoes,Black,Summer,2011.0,Sports,Nike Men Ballista Black Sports Shoes,Sneakers,shoes,C:\Users\LENOVO\New folder\data\raw\images\22699.jpg
39221,Women,Apparel,Dress,Dresses,Purple,Summer,2012.0,Casual,Femella Women Purple Dress,Dress,top,C:\Users\LENOVO\New folder\data\raw\images\39221.jpg
22680,Unisex,Accessories,Bags,Backpacks,Black,Winter,2015.0,Casual,Wildcraft Unisex Gear for Life Black Backpack,Accessories,accessory,C:\Users\LENOVO\New folder\data\raw\images\22680.jpg
59983,Women,Apparel,Dress,Dresses,Cream,Fall,2012.0,Casual,Avirate Cream & Olive Green Printed Dress,Dress,top,C:\Users\LENOVO\New folder\data\raw\images\59983.jpg
6777,Men,Apparel,Topwear,Shirts,Brown,Summer,2011.0,Casual,Timberland Men Claremont Popl Brown Shirt,Shirt,top,C:\Users\LENOVO\New folder\data\raw\images\6777.jpg
1727,Unisex,Footwear,Shoes,Casual Shoes,Black,Winter,2015.0,Casual,Newfeel Unisex Black Lightweight Shoes,Shoes,shoes,C:\Users\LENOVO\New folder\data\raw\images\1727.jpg
57044,Women,Apparel,Dress,Dresses,Black,Summer,2012.0,Party,Elle Women Black Dress,Dress,top,C:\Users\LENOVO\New folder\data\raw\images\57044.jpg
34238,Men,Apparel,Topwear,Tshirts,Grey,Summer,2013.0,Casual,Proline Men Grey Polo T-Shirt,T-Shirt,top,C:\Users\LENOVO\New folder\data\raw\images\34238.jpg
6745,Men,Footwear,Shoes,Sports Shoes,White,Summer,2011.0,Sports,Nike Men's Zoom Vomero White Shoe,Sneakers,shoes,C:\Users\LENOVO\New folder\data\raw\images\6745.jpg
6868,Women,Apparel,Dress,Dresses,Black,Summer,2011.0,Casual,Forever New Women's Waterfall Sleeve Shift Black Dress,Dress,top,C:\Users\LENOVO\New folder\data\raw\images\6868.jpg
48625,Women,Accessories,Jewellery,Earrings,Silver,Summer,2013.0,Casual,Lucera Women Silver Earrings,Accessories,accessory,C:\Users\LENOVO\New folder\data\raw\images\48625.jpg
11293,Men,Apparel,Bottomwear,Jeans,,Fall,2016.0,Casual,Wrangler Men Blue Texas Jeans,Jeans,bottom,C:\Users\LENOVO\New folder\data\raw\images\11293.jpg
31978,Men,Footwear,Shoes,Sports Shoes,Grey,Summer,2012.0,Sports,Nike Men Lunarswift +3 Grey Sports Shoes,Sneakers,shoes,C:\Users\LENOVO\New folder\data\raw\images\31978.jpg
47319,Women,Accessories,Bags,Clutches,Black,Summer,2012.0,Casual,Baggit Women Black Bunny Rosy Purse,Accessories,accessory,C:\Users\LENOVO\New folder\data\raw\images\47319.jpg
49836,Women,Footwear,Flip Flops,Flip Flops,Gold,Winter,2012.0,Casual,iPanema Women Gold Flip Flops,Shoes,shoes,C:\Users\LENOVO\New folder\data\raw\images\49836.jpg
41637,Men,Apparel,Topwear,Shirts,Brown,Summer,2012.0,Formal,Mark Taylor Men Brown Striped Shirt,Shirt,top,C:\Users\LENOVO\New folder\data\raw\images\41637.jpg
15465,Men,Apparel,Topwear,Jackets,Green,Fall,2011.0,Casual,Puma Men Rime Down Vest Green Jackets,Jacket,outerwear,C:\Users\LENOVO\New folder\data\raw\images\15465.jpg
40085,Men,Apparel,Bottomwear,Shorts,White,Winter,2014.0,Casual,ADIDAS Men White Chelsea Shorts,Trousers,bottom,C:\Users\LENOVO\New folder\data\raw\images\40085.jpg
53874,Men,Footwear,Shoes,Sports Shoes,White,Fall,2012.0,Sports,Puma MenSpeeder Ind White Sports Shoes,Sneakers,shoes,C:\Users\LENOVO\New folder\data\raw\images\53874.jpg
40352,Women,Apparel,Bottomwear,Jeans,Navy Blue,Summer,2012.0,Casual,Tokyo Talkies Women Navy Blue Slim Fit Jeans,Jeans,bottom,C:\Users\LENOVO\New folder\data\raw\images\40352.jpg
4490,Men,Footwear,Shoes,Sports Shoes,Silver,Summer,2011.0,Sports,Lotto Men Vienna Silver Shoe,Sneakers,shoes,C:\Users\LENOVO\New folder\data\raw\images\4490.jpg
11868,Men,Footwear,Sandal,Sandals,Black,Fall,2011.0,Casual,Franco Leone Men Casual Black Sandals,Shoes,shoes,C:\Users\LENOVO\New folder\data\raw\images\11868.jpg
59122,Men,Apparel,Topwear,Jackets,Grey,Summer,2012.0,Casual,Just Natural Men Grey Jacket,Jacket,outerwear,C:\Users\LENOVO\New folder\data\raw\images\59122.jpg
31352,Men,Apparel,Bottomwear,Jeans,Navy Blue,Summer,2012.0,Casual,Locomotive Men Navy Blue Jeans,Jeans,bottom,C:\Users\LENOVO\New folder\data\raw\images\31352.jpg
53659,Women,Accessories,Bags,Handbags,Grey,Summer,2012.0,Casual,Kiara Women Grey & Brown Handbag,Accessories,accessory,C:\Users\LENOVO\New folder\data\raw\images\53659.jpg
34492,Women,Apparel,Bottomwear,Skirts,Black,Summer,2012.0,Formal,Van Heusen Woman Black Skirt,Skirt,bottom,C:\Users\LENOVO\New folder\data\raw\images\34492.jpg
42984,Men,Footwear,Shoes,Sports Shoes,White,Summer,2012.0,Sports,Nike Men White Sports Shoes,Sneakers,shoes,C:\Users\LENOVO\New folder\data\raw\images\42984.jpg
27937,Women,Apparel,Bottomwear,Jeans,Blue,Summer,2012.0,Casual,Jealous 21 Women Blue Magic Colour Jeans,Jeans,bottom,C:\Users\LENOVO\New folder\data\raw\images\27937.jpg
22010,Women,Accessories,Bags,Handbags,Black,Winter,2015.0,Casual,Murcia Women Casual Black Handbag,Accessories,accessory,C:\Users\LENOVO\New folder\data\raw\images\22010.jpg
15679,Men,Apparel,Bottomwear,Trousers,Khaki,Fall,2011.0,Casual,Highlander Men Classic Chinos Khaki Trousers,Trousers,bottom,C:\Users\LENOVO\New folder\data\raw\images\15679.jpg
48499,Women,Apparel,Bottomwear,Jeans,Grey,Winter,2011.0,Casual,French Connection Women Black Jeans,Jeans,bottom,C:\Users\LENOVO\New folder\data\raw\images\48499.jpg
49072,Women,Personal Care,Nails,Nail Polish,Pink,Spring,2017.0,,Deborah 7 Days Long Nail Polish 836,Accessories,accessory,C:\Users\LENOVO\New folder\data\raw\images\49072.jpg
57268,Men,Apparel,Topwear,Tshirts,Teal,Summer,2012.0,Casual,The Amazing Spiderman Men Teal Printed T-shirt,T-Shirt,top,C:\Users\LENOVO\New folder\data\raw\images\57268.jpg
28741,Women,Apparel,Topwear,Kurtas,Off White,Summer,2012.0,Ethnic,W Women Printed Off White Kurta,Shirt,top,C:\Users\LENOVO\New folder\data\raw\images\28741.jpg
5726,Men,Footwear,Shoes,Sports Shoes,Black,Summer,2011.0,Sports,Reebok Men's Zigfuel Black Yellow Shoe,Sneakers,shoes,C:\Users\LENOVO\New folder\data\raw\images\5726.jpg
12212,Men,Apparel,Bottomwear,Trousers,Brown,Summer,2013.0,Formal,Basics Men Brown Trousers,Trousers,bottom,C:\Users\LENOVO\New folder\data\raw\images\12212.jpg
45782,Women,Apparel,Topwear,Tshirts,Yellow,Summer,2012.0,Casual,Remanika Women Yellow T-shirt,T-Shirt,top,C:\Users\LENOVO\New folder\data\raw\images\45782.jpg
6451,Women,Footwear,Flip Flops,Flip Flops,Black,Summer,2011.0,Casual,Lotto Women's Sunsets Black Purple Flip Flop,Shoes,shoes,C:\Users\LENOVO\New folder\data\raw\images\6451.jpg
6035,Women,Apparel,Topwear,Tshirts,White,Summer,2011.0,Casual,UCB Women's Pleat White T-shirt,T-Shirt,top,C:\Users\LENOVO\New folder\data\raw\images\6035.jpg
22314,Women,Apparel,Topwear,Jackets,Black,Fall,2011.0,Casual,Wildcraft Women Solid Black Jacket,Jacket,outerwear,C:\Users\LENOVO\New folder\data\raw\images\22314.jpg
32252,Women,Apparel,Bottomwear,Skirts,Red,Summer,2012.0,Ethnic,Fabindia Women Red Skirts,Skirt,bottom,C:\Users\LENOVO\New folder\data\raw\images\32252.jpg
19572,Men,Apparel,Topwear,Tshirts,Red,Summer,2011.0,Casual,United Colors of Benetton Men Printed Red T-shirt,T-Shirt,top,C:\Users\LENOVO\New folder\data\raw\images\19572.jpg
32828,Women,Footwear,Shoes,Heels,Gold,Winter,2012.0,Casual,iPanema Women Gold Premium Flats,Shoes,shoes,C:\Users\LENOVO\New folder\data\raw\images\32828.jpg
52548,Men,Apparel,Bottomwear,Jeans,Blue,Summer,2012.0,Casual,Pepe Jeans Men Blue Jeans,Jeans,bottom,C:\Users\LENOVO\New folder\data\raw\images\52548.jpg
34371,Men,Apparel,Topwear,Tshirts,Black,Summer,2012.0,Casual,Myntra Men Black JJ & Sons T-shirt,T-Shirt,top,C:\Users\LENOVO\New folder\data\raw\images\34371.jpg
54166,Women,Accessories,Jewellery,Necklace and Chains,Turquoise Blue,Fall,2012.0,Casual,Femella Turquoise Blue Necklace,Accessories,accessory,C:\Users\LENOVO\New folder\data\raw\images\54166.jpg
29257,Men,Footwear,Shoes,Sports Shoes,Grey,Summer,2012.0,Sports,ADIDAS Men Duramo 4M Grey Sports Shoes,Sneakers,shoes,C:\Users\LENOVO\New folder\data\raw\images\29257.jpg
6377,Men,Footwear,Shoes,Casual Shoes,Brown,Summer,2011.0,Casual,Numero Uno Men's Brown Canvas Shoe,Shoes,shoes,C:\Users\LENOVO\New folder\data\raw\images\6377.jpg
9900,Men,Apparel,Bottomwear,Jeans,Blue,Fall,2011.0,Casual,Spykar Men Actif Fit Low Waist Blue Jeans,Jeans,bottom,C:\Users\LENOVO\New folder\data\raw\images\9900.jpg
38938,Boys,Apparel,Bottomwear,Shorts,Blue,Summer,2012.0,Casual,Gini and Jony Boys Blue Shorts,Trousers,bottom,C:\Users\LENOVO\New folder\data\raw\images\38938.jpg
36294,Women,Footwear,Shoes,Flats,Black,Winter,2012.0,Casual,Inc 5 Women Black & Tan Sandals,Shoes,shoes,C:\Users\LENOVO\New folder\data\raw\images\36294.jpg
26084,Men,Apparel,Topwear,Shirts,Yellow,Summer,2012.0,Formal,John Miller Men Check Yellow Shirt,Shirt,top,C:\Users\LENOVO\New folder\data\raw\images\26084.jpg
22029,Women,Apparel,Topwear,Kurtas,Green,Fall,2011.0,Ethnic,Vishudh Women Printed Green Kurta,Shirt,top,C:\Users\LENOVO\New folder\data\raw\images\22029.jpg
21283,Unisex,Accessories,Eyewear,Sunglasses,Grey,Winter,2016.0,Casual,Allen Solly Unisex Sunglasses,Accessories,accessory,C:\Users\LENOVO\New folder\data\raw\images\21283.jpg
13089,Men,Apparel,Topwear,Sweatshirts,Grey,Fall,2011.0,Sports,ADIDAS Men Lfc Auth Hood Grey Sweatshirts,T-Shirt,top,C:\Users\LENOVO\New folder\data\raw\images\13089.jpg
28804,Men,Apparel,Bottomwear,Jeans,Blue,Summer,2012.0,Casual,Denizen Men Blue Jeans,Jeans,bottom,C:\Users\LENOVO\New folder\data\raw\images\28804.jpg
50722,Girls,Apparel,Dress,Dresses,Pink,Summer,2012.0,Casual,Doodle Girls Pink Printed Dress,Dress,top,C:\Users\LENOVO\New folder\data\raw\images\50722.jpg
2255,Men,Apparel,Bottomwear,Track Pants,Brown,Fall,2010.0,Sports,ADIDAS Men Brown Track Pant,Trousers,bottom,C:\Users\LENOVO\New folder\data\raw\images\2255.jpg
18937,Men,Apparel,Topwear,Tshirts,Purple,Fall,2011.0,Casual,Levi's Men Graphic Print Purple Tshirt,T-Shirt,top,C:\Users\LENOVO\New folder\data\raw\images\18937.jpg
10360,Women,Apparel,Dress,Dresses,Black,Fall,2011.0,Casual,United Colors of Benetton Women Black Dress,Dress,top,C:\Users\LENOVO\New folder\data\raw\images\10360.jpg
21587,Men,Apparel,Bottomwear,Jeans,Blue,Fall,2011.0,Casual,Spykar Men Washed Blue Jeans,Jeans,bottom,C:\Users\LENOVO\New folder\data\raw\images\21587.jpg
57067,Women,Apparel,Topwear,Jackets,Green,Summer,2012.0,Casual,Elle Women Green Retro Jacket,Jacket,outerwear,C:\Users\LENOVO\New folder\data\raw\images\57067.jpg
12190,Men,Apparel,Topwear,Shirts,Blue,Fall,2011.0,Casual,Basics Men Blue Slim Fit Checked Shirt,Shirt,top,C:\Users\LENOVO\New folder\data\raw\images\12190.jpg
29110,Men,Accessories,Socks,Socks,White,Summer,2012.0,Sports,Puma Men Pack of 3 White Sports Socks,Accessories,accessory,C:\Users\LENOVO\New folder\data\raw\images\29110.jpg
44227,Men,Footwear,Shoes,Sports Shoes,Silver,Winter,2012.0,Sports,Nike Men Silver and Black Sports Shoes,Sneakers,shoes,C:\Users\LENOVO\New folder\data\raw\images\44227.jpg
38842,Women,Apparel,Dress,Dresses,Purple,Fall,2012.0,Casual,Latin Quarters Women Purple Dress,Dress,top,C:\Users\LENOVO\New folder\data\raw\images\38842.jpg
31743,Men,Apparel,Topwear,Blazers,Olive,Summer,2012.0,Formal,Reid & Taylor Men Semi Formal Olive Blazer,Jacket,outerwear,C:\Users\LENOVO\New folder\data\raw\images\31743.jpg
32832,Women,Footwear,Shoes,Heels,Black,Winter,2012.0,Casual,iPanema Women Kirey Black Flats,Shoes,shoes,C:\Users\LENOVO\New folder\data\raw\images\32832.jpg
31209,Men,Footwear,Shoes,Sports Shoes,Black,Summer,2012.0,Sports,Nike Men Lunarglide Black Sports Shoes,Sneakers,shoes,C:\Users\LENOVO\New folder\data\raw\images\31209.jpg
44646,Women,Apparel,Bottomwear,Skirts,Black,Summer,2012.0,Formal,Arrow Woman Black Skirt,Skirt,bottom,C:\Users\LENOVO\New folder\data\raw\images\44646.jpg
12217,Men,Apparel,Bottomwear,Trousers,Beige,Fall,2011.0,Formal,Basics Men Beige New Improved Fit Trousers,Trousers,bottom,C:\Users\LENOVO\New folder\data\raw\images\12217.jpg
57991,Women,Apparel,Dress,Dresses,Blue,Fall,2012.0,Casual,Latin Quarters Women Blue Dress,Dress,top,C:\Users\LENOVO\New folder\data\raw\images\57991.jpg
8340,Boys,Apparel,Topwear,Tshirts,Black,Fall,2011.0,Casual,Doodle Boy's Volleyball Champion Black White Kidswear,T-Shirt,top,C:\Users\LENOVO\New folder\data\raw\images\8340.jpg
38987,Boys,Apparel,Topwear,Tshirts,Green,Summer,2012.0,Casual,Gini and Jony Boys Wild West T-shirt,T-Shirt,top,C:\Users\LENOVO\New folder\data\raw\images\38987.jpg
32201,Men,Apparel,Topwear,Kurtas,Blue,Summer,2012.0,Ethnic,Fabindia Men Printed Blue Kurta,Shirt,top,C:\Users\LENOVO\New folder\data\raw\images\32201.jpg
7306,Women,Apparel,Dress,Dresses,White,Summer,2011.0,Casual,UCB Women's Sleeveless Off White Dress,Dress,top,C:\Users\LENOVO\New folder\data\raw\images\7306.jpg
15620,Men,Apparel,Topwear,Jackets,Grey,Fall,2011.0,Sports,Nike Men AS Thermal Grey Jackets,Jacket,outerwear,C:\Users\LENOVO\New folder\data\raw\images\15620.jpg
10597,Men,Apparel,Bottomwear,Jeans,Blue,Fall,2011.0,Casual,Flying Machine Men Skinny Jack Blue Jeans,Jeans,bottom,C:\Users\LENOVO\New folder\data\raw\images\10597.jpg
26726,Men,Apparel,Topwear,Tshirts,Black,Summer,2012.0,Casual,Puma Men Graphic Black T-shirt,T-Shirt,top,C:\Users\LENOVO\New folder\data\raw\images\26726.jpg
3688,Men,Footwear,Shoes,Sports Shoes,Navy Blue,Summer,2011.0,Sports,Lotto Men's Bristol II Navy White Shoe,Sneakers,shoes,C:\Users\LENOVO\New folder\data\raw\images\3688.jpg
33280,Unisex,Apparel,Bottomwear,Jeans,Blue,Summer,2012.0,Casual,Gini and Jony Kids Unisex Blue Jeans,Jeans,bottom,C:\Users\LENOVO\New folder\data\raw\images\33280.jpg
7902,Men,Apparel,Bottomwear,Shorts,Brown,Fall,2011.0,Casual,Proline Men Brown & Blue Checked Shorts,Trousers,bottom,C:\Users\LENOVO\New folder\data\raw\images\7902.jpg
43912,Women,Apparel,Bottomwear,Trousers,Black,Summer,2012.0,Casual,Femella Women Black Trousers,Trousers,bottom,C:\Users\LENOVO\New folder\data\raw\images\43912.jpg
12803,Women,Apparel,Topwear,Tshirts,Pink,Fall,2011.0,Casual,Nike Women Polka Dot Grafitti Pink T-shirt,T-Shirt,top,C:\Users\LENOVO\New folder\data\raw\images\12803.jpg
19616,Women,Apparel,Topwear,Tops,Yellow,Summer,2011.0,Casual,United Colors of Benetton Women Solid Yellow Top,T-Shirt,top,C:\Users\LENOVO\New folder\data\raw\images\19616.jpg
36826,Women,Apparel,Topwear,Kurtas,Brown,Summer,2012.0,Ethnic,Vishudh Women Brown Kurta,Shirt,top,C:\Users\LENOVO\New folder\data\raw\images\36826.jpg
8980,Men,Footwear,Shoes,Casual Shoes,Black,Fall,2011.0,Casual,Puma Men Evo Ducati Mid Black Casual Shoes,Shoes,shoes,C:\Users\LENOVO\New folder\data\raw\images\8980.jpg
11235,Women,Apparel,Bottomwear,Jeans,Blue,Fall,2011.0,Casual,Flying Machine Women Midrise Blue Jeans,Jeans,bottom,C:\Users\LENOVO\New folder\data\raw\images\11235.jpg
13012,Women,Footwear,Shoes,Heels,Black,Winter,2012.0,Casual,Inc 5 Women Casual Black Flats,Shoes,shoes,C:\Users\LENOVO\New folder\data\raw\images\13012.jpg
3217,Men,Apparel,Topwear,Tshirts,Blue,Summer,2011.0,Casual,Inkfruit Men's Peace Blue T-shirt,T-Shirt,top,C:\Users\LENOVO\New folder\data\raw\images\3217.jpg
3017,Men,Apparel,Topwear,Tshirts,Blue,Summer,2011.0,Casual,Lee Men's Salina Light Blue T-shirt,T-Shirt,top,C:\Users\LENOVO\New folder\data\raw\images\3017.jpg
30928,Women,Apparel,Bottomwear,Skirts,Blue,Summer,2012.0,Ethnic,Fabindia Women Printed Blue Skirt,Skirt,bottom,C:\Users\LENOVO\New folder\data\raw\images\30928.jpg
21166,Women,Apparel,Topwear,Tops,Black,Fall,2011.0,Casual,s.Oliver Women Solid Black Top,T-Shirt,top,C:\Users\LENOVO\New folder\data\raw\images\21166.jpg
34330,Men,Apparel,Topwear,Tshirts,Purple,Summer,2012.0,Casual,Myntra Men  Killer Move Purple T-shirt,T-Shirt,top,C:\Users\LENOVO\New folder\data\raw\images\34330.jpg
6522,Men,Apparel,Bottomwear,Shorts,White,Summer,2011.0,Sports,Nike Men's Fit White Short,Trousers,bottom,C:\Users\LENOVO\New folder\data\raw\images\6522.jpg
50945,Women,Apparel,Bottomwear,Jeans,Blue,Summer,2013.0,Casual,Lee Womens Blue Maxi Fit Jeans,Jeans,bottom,C:\Users\LENOVO\New folder\data\raw\images\50945.jpg
48486,Women,Apparel,Dress,Dresses,Green,Winter,2011.0,Casual,French Connection Women Green Dress,Dress,top,C:\Users\LENOVO\New folder\data\raw\images\48486.jpg
9396,Women,Footwear,Shoes,Sports Shoes,Black,Fall,2011.0,Sports,Nike Women Wmns Lun Black Sports Shoes,Sneakers,shoes,C:\Users\LENOVO\New folder\data\raw\images\9396.jpg
53395,Women,Apparel,Topwear,Kurtas,White,Fall,2012.0,Ethnic,Alma Women White Printed Kurta,Shirt,top,C:\Users\LENOVO\New folder\data\raw\images\53395.jpg
24178,Men,Footwear,Flip Flops,Flip Flops,Black,Fall,2011.0,Casual,Converse Men Arrow  Black Flip Flops,Shoes,shoes,C:\Users\LENOVO\New folder\data\raw\images\24178.jpg
52122,Boys,Apparel,Topwear,Tshirts,White,Summer,2012.0,Casual,Doodle Boys white Printed T-Shirt,T-Shirt,top,C:\Users\LENOVO\New folder\data\raw\images\52122.jpg
37918,Women,Apparel,Topwear,Tops,Multi,Summer,2012.0,Casual,Mineral Women Floral Multi Coloured Top,T-Shirt,top,C:\Users\LENOVO\New folder\data\raw\images\37918.jpg
40034,Men,Apparel,Bottomwear,Track Pants,Black,Summer,2012.0,Casual,ADIDAS Men Black Track Pants,Trousers,bottom,C:\Users\LENOVO\New folder\data\raw\images\40034.jpg
48768,Women,Accessories,Jewellery,Jewellery Set,White,Summer,2012.0,Casual,Miki Pearl Women Ivory Jewellery Set,Accessories,accessory,C:\Users\LENOVO\New folder\data\raw\images\48768.jpg
25031,Men,Apparel,Topwear,Jackets,Black,Fall,2011.0,Sports,Nike Men Black Puffer Jacket,Jacket,outerwear,C:\Users\LENOVO\New folder\data\raw\images\25031.jpg
34578,Women,Apparel,Dress,Dresses,Red,Summer,2012.0,Casual,Tonga Women Printed Red Dress,Dress,top,C:\Users\LENOVO\New folder\data\raw\images\34578.jpg
38022,Women,Accessories,Watches,Watches,Pink,Winter,2016.0,Casual,Q&Q Women Pink Watch,Accessories,accessory,C:\Users\LENOVO\New folder\data\raw\images\38022.jpg
46287,Women,Apparel,Topwear,Tunics,Black,Summer,2012.0,Casual,109F Women Black & Cream-Coloured Colourblocked Printed Tunic,Shirt,top,C:\Users\LENOVO\New folder\data\raw\images\46287.jpg
47651,Women,Apparel,Dress,Dresses,Grey,Summer,2012.0,Casual,Femella Women Grey Lace Dress,Dress,top,C:\Users\LENOVO\New folder\data\raw\images\47651.jpg
24949,Women,Apparel,Topwear,Tshirts,Peach,Summer,2012.0,Casual,United Colors of Benetton Women Peach T-shirt,T-Shirt,top,C:\Users\LENOVO\New folder\data\raw\images\24949.jpg
28075,Men,Apparel,Innerwear,Trunk,Blue,Summer,2016.0,Casual,Jockey MC Men Blue Midway Classic Trunks 1101,Accessories,accessory,C:\Users\LENOVO\New folder\data\raw\images\28075.jpg
31050,Men,Apparel,Topwear,Shirts,Navy Blue,Summer,2012.0,Casual,Arrow Sport Men Check Navy Blue Shirt,Shirt,top,C:\Users\LENOVO\New folder\data\raw\images\31050.jpg
29572,Men,Footwear,Shoes,Casual Shoes,Grey,Summer,2012.0,Casual,Vans Men Classic Slip-On Grey Shoes,Shoes,shoes,C:\Users\LENOVO\New folder\data\raw\images\29572.jpg
19009,Women,Apparel,Topwear,Jackets,White,Summer,2011.0,Casual,ADIDAS Originals Women F Night Logo TT White Jacket,Jacket,outerwear,C:\Users\LENOVO\New folder\data\raw\images\19009.jpg
13852,Men,Apparel,Topwear,Shirts,Blue,Fall,2011.0,Casual,Indigo Nation Men Check Blue Shirts,Shirt,top,C:\Users\LENOVO\New folder\data\raw\images\13852.jpg
47502,Men,Apparel,Innerwear,Innerwear Vests,Navy Blue,Summer,2016.0,Casual,Facit Men Navy Blue Innerwear Vest,Accessories,accessory,C:\Users\LENOVO\New folder\data\raw\images\47502.jpg
30925,Women,Apparel,Bottomwear,Skirts,Black,Summer,2012.0,Ethnic,Fabindia Women Printed Black Ghera Skirt,Skirt,bottom,C:\Users\LENOVO\New folder\data\raw\images\30925.jpg
14839,Men,Accessories,Wallets,Wallets,Black,Summer,2011.0,Casual,United Colors of Benetton Men Solid Black Wallets,Accessories,accessory,C:\Users\LENOVO\New folder\data\raw\images\14839.jpg
10000,Women,Apparel,Bottomwear,Skirts,White,Summer,2011.0,Casual,Palm Tree Girls Sp Jace Sko White Skirts,Skirt,bottom,C:\Users\LENOVO\New folder\data\raw\images\10000.jpg
16373,Men,Apparel,Bottomwear,Trousers,Charcoal,Fall,2011.0,Formal,Peter England Men Solid Charcoal Trouser,Trousers,bottom,C:\Users\LENOVO\New folder\data\raw\images\16373.jpg
19744,Men,Apparel,Topwear,Jackets,Green,Fall,2011.0,Casual,ADIDAS Originals Men Solid Green Jacket,Jacket,outerwear,C:\Users\LENOVO\New folder\data\raw\images\19744.jpg
10001,Women,Apparel,Bottomwear,Skirts,Blue,Summer,2011.0,Casual,Palm Tree Kids Girls Sp Jema Skt Blue Skirts,Skirt,bottom,C:\Users\LENOVO\New folder\data\raw\images\10001.jpg
25415,Men,Footwear,Shoes,Sports Shoes,White,Summer,2012.0,Sports,Nike Men Air Impetus White Sports Shoes,Sneakers,shoes,C:\Users\LENOVO\New folder\data\raw\images\25415.jpg
56287,Women,Apparel,Innerwear,Bra,White,Summer,2017.0,Casual,Biara Women White Bra,Accessories,accessory,C:\Users\LENOVO\New folder\data\raw\images\56287.jpg
23600,Women,Personal Care,Fragrance,Fragrance Gift Set,Pink,Spring,2017.0,Casual,Nike Fragrances Women Trendy Deo and Perfume,Accessories,accessory,C:\Users\LENOVO\New folder\data\raw\images\23600.jpg
31141,Men,Apparel,Topwear,Shirts,Blue,Summer,2012.0,Formal,John Miller Men Striped Blue Shirt,Shirt,top,C:\Users\LENOVO\New folder\data\raw\images\31141.jpg
48399,Men,Apparel,Bottomwear,Jeans,Blue,Summer,2012.0,Casual,French Connection Men Blue Jeans,Jeans,bottom,C:\Users\LENOVO\New folder\data\raw\images\48399.jpg
52941,Women,Apparel,Saree,Sarees,Multi,Summer,2012.0,Ethnic,FNF Multi Coloured Sari,Accessories,accessory,C:\Users\LENOVO\New folder\data\raw\images\52941.jpg
10017,Women,Apparel,Topwear,Jackets,Blue,Fall,2011.0,Sports,Nike Women As The Windru Blue Jackets,Jacket,outerwear,C:\Users\LENOVO\New folder\data\raw\images\10017.jpg
32581,Women,Apparel,Dress,Dresses,Pink,Summer,2012.0,Casual,ONLY Women Pink Dotted Print Dress,Dress,top,C:\Users\LENOVO\New folder\data\raw\images\32581.jpg
5248,Women,Footwear,Shoes,Sports Shoes,White,Summer,2011.0,Sports,Reebok Women Easytone Reenew White Red Shoe,Sneakers,shoes,C:\Users\LENOVO\New folder\data\raw\images\5248.jpg
51465,Women,Apparel,Dress,Dresses,Teal,Summer,2012.0,Casual,Tonga Women Teal Dress,Dress,top,C:\Users\LENOVO\New folder\data\raw\images\51465.jpg
12420,Men,Footwear,Shoes,Casual Shoes,Black,Fall,2011.0,Casual,Timberland Men Casual Black Casual Shoes,Shoes,shoes,C:\Users\LENOVO\New folder\data\raw\images\12420.jpg
8387,Men,Apparel,Topwear,Tshirts,Navy Blue,Spring,2013.0,Sports,ADIDAS Men  Navy Blue Polo T-shirt,T-Shirt,top,C:\Users\LENOVO\New folder\data\raw\images\8387.jpg
57091,Women,Apparel,Bottomwear,Skirts,Black,Summer,2012.0,Casual,Elle Women Black Skirt,Skirt,bottom,C:\Users\LENOVO\New folder\data\raw\images\57091.jpg
11023,Women,Apparel,Topwear,Tshirts,Black,Fall,2011.0,Casual,Wrangler Women Black T-shirt,T-Shirt,top,C:\Users\LENOVO\New folder\data\raw\images\11023.jpg
20886,Men,Footwear,Shoes,Sports Shoes,Black,Fall,2011.0,Sports,Reebok Men Speed mode Running Black Shoes,Sneakers,shoes,C:\Users\LENOVO\New folder\data\raw\images\20886.jpg
14697,Men,Apparel,Bottomwear,Trousers,Beige,Fall,2011.0,Casual,Basics Men Beige Trousers,Trousers,bottom,C:\Users\LENOVO\New folder\data\raw\images\14697.jpg
9876,Men,Apparel,Topwear,Shirts,Purple,Fall,2011.0,Casual,Indigo Nation Men Purple Striped Shirt,Shirt,top,C:\Users\LENOVO\New folder\data\raw\images\9876.jpg
22317,Men,Apparel,Topwear,Jackets,Khaki,Fall,2011.0,Casual,Wildcraft Men Solid Khaki Jacket,Jacket,outerwear,C:\Users\LENOVO\New folder\data\raw\images\22317.jpg
31443,Women,Apparel,Topwear,Jackets,Red,Summer,2012.0,Sports,Nike Women Football Red Jacket,Jacket,outerwear,C:\Users\LENOVO\New folder\data\raw\images\31443.jpg
1539,Men,Apparel,Topwear,Tshirts,Grey,Fall,2010.0,Casual,Puma Men Ferrari Grey T-shirt,T-Shirt,top,C:\Users\LENOVO\New folder\data\raw\images\1539.jpg
25590,Women,Apparel,Apparel Set,Kurta Sets,Beige,Fall,2011.0,Ethnic,Vishudh Women Beige & Green Printed Churidar Kurta with Dupatta,Accessories,accessory,C:\Users\LENOVO\New folder\data\raw\images\25590.jpg
46742,Women,Apparel,Bottomwear,Track Pants,Grey,Summer,2012.0,Sports,Nike Women Grey Track Pants,Trousers,bottom,C:\Users\LENOVO\New folder\data\raw\images\46742.jpg
14960,Men,Apparel,Topwear,Jackets,Blue,Fall,2011.0,Casual,Status Quo Men Printed Blue Jackets,Jacket,outerwear,C:\Users\LENOVO\New folder\data\raw\images\14960.jpg
3917,Men,Apparel,Bottomwear,Track Pants,Grey,Summer,2011.0,Casual,Urban Yoga Men's Yoga Grey Track Pant,Trousers,bottom,C:\Users\LENOVO\New folder\data\raw\images\3917.jpg
15004,Men,Apparel,Topwear,Jackets,Grey,Fall,2011.0,Sports,ADIDAS Men Solid Grey Jackets,Jacket,outerwear,C:\Users\LENOVO\New folder\data\raw\images\15004.jpg
33960,Women,Apparel,Bottomwear,Leggings,Pink,Summer,2012.0,Casual,Femella Women Pink Leggings,Trousers,bottom,C:\Users\LENOVO\New folder\data\raw\images\33960.jpg
15676,Men,Apparel,Bottomwear,Jeans,Blue,Fall,2011.0,Casual,Highlander Men High Original Blue Jeans,Jeans,bottom,C:\Users\LENOVO\New folder\data\raw\images\15676.jpg
34379,Men,Apparel,Topwear,Tshirts,Orange,Summer,2012.0,Casual,Myntra Men Orange Life Is My Right T-shirt,T-Shirt,top,C:\Users\LENOVO\New folder\data\raw\images\34379.jpg
34637,Men,Footwear,Shoes,Sports Shoes,White,Summer,2012.0,Sports,Lotto Men Vienna III White Sports Shoes,Sneakers,shoes,C:\Users\LENOVO\New folder\data\raw\images\34637.jpg
28455,Women,Apparel,Bottomwear,Skirts,Black,Summer,2012.0,Sports,Urban Yoga Women Black Skirt With Leggings,Skirt,bottom,C:\Users\LENOVO\New folder\data\raw\images\28455.jpg
11690,Men,Apparel,Topwear,Shirts,Yellow,Fall,2011.0,Casual,Lee Men Check Yellow Shirts,Shirt,top,C:\Users\LENOVO\New folder\data\raw\images\11690.jpg
26044,Men,Apparel,Topwear,Shirts,Pink,Summer,2012.0,Formal,John Miller Men Pink Shirt,Shirt,top,C:\Users\LENOVO\New folder\data\raw\images\26044.jpg
12839,Women,Apparel,Bottomwear,Skirts,Black,Fall,2011.0,Casual,Ant Kids Pleated Black Skirts,Skirt,bottom,C:\Users\LENOVO\New folder\data\raw\images\12839.jpg
2953,Women,Apparel,Bottomwear,Capris,Yellow,Fall,2010.0,Casual,DUSG Women Rishikesh Organic Wheat Capri,Trousers,bottom,C:\Users\LENOVO\New folder\data\raw\images\2953.jpg
33063,Men,Apparel,Topwear,Shirts,Khaki,Summer,2012.0,Casual,U.S. Polo Assn. Denim Co. Men Checked Khaki Shirts,Shirt,top,C:\Users\LENOVO\New folder\data\raw\images\33063.jpg
24071,Women,Footwear,Shoes,Heels,Grey,Winter,2015.0,Casual,Catwalk Women Grey Heels,Shoes,shoes,C:\Users\LENOVO\New folder\data\raw\images\24071.jpg
45784,Women,Footwear,Shoes,Heels,Black,Fall,2012.0,Casual,Senorita Women Black Sandals,Shoes,shoes,C:\Users\LENOVO\New folder\data\raw\images\45784.jpg
25452,Men,Footwear,Shoes,Casual Shoes,White,Summer,2012.0,Casual,Nike Men Prowl White Casual Shoes,Shoes,shoes,C:\Users\LENOVO\New folder\data\raw\images\25452.jpg
37208,Women,Apparel,Bottomwear,Skirts,Black,Fall,2012.0,Casual,United Colors of Benetton Women Black Skirt,Skirt,bottom,C:\Users\LENOVO\New folder\data\raw\images\37208.jpg
17739,Women,Footwear,Shoes,Sports Shoes,White,Fall,2011.0,Sports,Puma Women Body Train White Sports Shoe,Sneakers,shoes,C:\Users\LENOVO\New folder\data\raw\images\17739.jpg
15007,Men,Apparel,Topwear,Jackets,Black,Fall,2011.0,Sports,ADIDAS Originals Men Solid Black Jackets,Jacket,outerwear,C:\Users\LENOVO\New folder\data\raw\images\15007.jpg
8829,Men,Apparel,Topwear,Shirts,White,Fall,2011.0,Casual,Spykar Men Ranger Purple-Black Stripe White Shirts,Shirt,top,C:\Users\LENOVO\New folder\data\raw\images\8829.jpg
26382,Men,Apparel,Bottomwear,Trousers,Brown,Summer,2012.0,Formal,Turtle Men Check Brown Trousers,Trousers,bottom,C:\Users\LENOVO\New folder\data\raw\images\26382.jpg
24204,Men,Apparel,Bottomwear,Jeans,Blue,Summer,2012.0,Casual,Deni Yo Men Skinny Fit Blue Jeans,Jeans,bottom,C:\Users\LENOVO\New folder\data\raw\images\24204.jpg
34817,Men,Footwear,Shoes,Sports Shoes,Black,Summer,2012.0,Sports,ADIDAS Men Adizero Black Sports Shoes,Sneakers,shoes,C:\Users\LENOVO\New folder\data\raw\images\34817.jpg
18978,Men,Apparel,Topwear,Jackets,White,Summer,2011.0,Casual,ADIDAS Originals Men CR WB PS White Jacket,Jacket,outerwear,C:\Users\LENOVO\New folder\data\raw\images\18978.jpg
13516,Women,Apparel,Bottomwear,Skirts,Blue,Fall,2011.0,Casual,Palm Tree Kids Girl Washed Blue Skirts,Skirt,bottom,C:\Users\LENOVO\New folder\data\raw\images\13516.jpg
25908,Women,Apparel,Dress,Dresses,Red,Summer,2012.0,Casual,Femella Women Red Dress,Dress,top,C:\Users\LENOVO\New folder\data\raw\images\25908.jpg
38665,Men,Footwear,Shoes,Sports Shoes,Black,Summer,2012.0,Sports,Nike Men Lunarfly Black Sports Shoes,Sneakers,shoes,C:\Users\LENOVO\New folder\data\raw\images\38665.jpg
54055,Women,Apparel,Bottomwear,Leggings,Rust,Summer,2012.0,Casual,Myntra Women Rust Leggings,Trousers,bottom,C:\Users\LENOVO\New folder\data\raw\images\54055.jpg
3573,Women,Apparel,Topwear,Tshirts,Purple,Summer,2011.0,Casual,ADIDAS Women's Royal Lavender T-shirt,T-Shirt,top,C:\Users\LENOVO\New folder\data\raw\images\3573.jpg
48066,Men,Apparel,Bottomwear,Jeans,Black,Summer,2012.0,Casual,French Connection Men Black Jeans,Jeans,bottom,C:\Users\LENOVO\New folder\data\raw\images\48066.jpg
24694,Men,Apparel,Topwear,Tshirts,White,Summer,2012.0,Casual,Locomotive Men Striped White T-shirt,T-Shirt,top,C:\Users\LENOVO\New folder\data\raw\images\24694.jpg
28258,Men,Personal Care,Fragrance,Deodorant,Red,Spring,2017.0,Casual,Fogg Men Napoleon Deo,Accessories,accessory,C:\Users\LENOVO\New folder\data\raw\images\28258.jpg
2229,Men,Apparel,Topwear,Tshirts,White,Fall,2010.0,Sports,ADIDAS Men Sunset White Polo T-shirt,T-Shirt,top,C:\Users\LENOVO\New folder\data\raw\images\2229.jpg
10455,Men,Apparel,Topwear,Tshirts,Pink,Fall,2011.0,Casual,Flying Machine Men Mauvemist Purple Tshirts,T-Shirt,top,C:\Users\LENOVO\New folder\data\raw\images\10455.jpg
41153,Women,Apparel,Bottomwear,Skirts,Charcoal,Summer,2012.0,Casual,Allen Solly Woman Charcoal Skirt,Skirt,bottom,C:\Users\LENOVO\New folder\data\raw\images\41153.jpg
15047,Men,Apparel,Topwear,Jackets,Navy Blue,Fall,2011.0,Sports,ADIDAS Kids Boys Solid Navy Blue Jackets,Jacket,outerwear,C:\Users\LENOVO\New folder\data\raw\images\15047.jpg
59124,Men,Apparel,Topwear,Jackets,Olive,Summer,2012.0,Casual,Just Natural Men Olive Jacket,Jacket,outerwear,C:\Users\LENOVO\New folder\data\raw\images\59124.jpg
44234,Men,Footwear,Shoes,Sports Shoes,Black,Summer,2012.0,Sports,Nike Men Air Max+ 2012 Black Sports Shoes,Sneakers,shoes,C:\Users\LENOVO\New folder\data\raw\images\44234.jpg
41004,Girls,Apparel,Bottomwear,Skirts,Navy Blue,Summer,2012.0,Casual,Gini and Jony Girls Woven Navy Blue Skirts,Skirt,bottom,C:\Users\LENOVO\New folder\data\raw\images\41004.jpg
19828,Men,Apparel,Topwear,Shirts,Navy Blue,Fall,2011.0,Casual,U.S. Polo Assn. Men Check Navy Blue Shirt,Shirt,top,C:\Users\LENOVO\New folder\data\raw\images\19828.jpg
8523,Unisex,Accessories,Bags,Backpacks,Black,Summer,2011.0,Casual,Nike Unisex Nike Black graphic Blue  Backpacks,Accessories,accessory,C:\Users\LENOVO\New folder\data\raw\images\8523.jpg
41359,Men,Apparel,Bottomwear,Jeans,Blue,Summer,2016.0,Casual,Wrangler Men Blue Skanders Jeans,Jeans,bottom,C:\Users\LENOVO\New folder\data\raw\images\41359.jpg
4507,Men,Footwear,Shoes,Sports Shoes,White,Summer,2011.0,Sports,Lotto Men's Zurigo White Blue Shoe,Sneakers,shoes,C:\Users\LENOVO\New folder\data\raw\images\4507.jpg
56846,Men,Apparel,Bottomwear,Jeans,Blue,Fall,2012.0,Casual,John Players Men Blue Jeans,Jeans,bottom,C:\Users\LENOVO\New folder\data\raw\images\56846.jpg
19041,Women,Footwear,Shoes,Heels,Black,Winter,2015.0,Casual,Catwalk Women Moccasin Black Casual Shoes,Shoes,shoes,C:\Users\LENOVO\New folder\data\raw\images\19041.jpg
58492,Women,Apparel,Dress,Dresses,Olive,Fall,2012.0,Casual,Tonga Women Olive Dress,Dress,top,C:\Users\LENOVO\New folder\data\raw\images\58492.jpg
17626,Men,Apparel,Topwear,Jackets,White,Fall,2011.0,Sports,ADIDAS Men Solid White Jacket,Jacket,outerwear,C:\Users\LENOVO\New folder\data\raw\images\17626.jpg
40972,Girls,Apparel,Topwear,Tops,White,Summer,2012.0,Casual,Palm Tree Girls Knits White Tops,T-Shirt,top,C:\Users\LENOVO\New folder\data\raw\images\40972.jpg
21728,Men,Footwear,Shoes,Casual Shoes,Brown,Fall,2011.0,Formal,Hush Puppies Men Casual Brown Shoes,Shoes,shoes,C:\Users\LENOVO\New folder\data\raw\images\21728.jpg
41680,Women,Footwear,Shoes,Heels,Bronze,Winter,2012.0,Casual,Catwalk Women Bronze Heels,Shoes,shoes,C:\Users\LENOVO\New folder\data\raw\images\41680.jpg
10002,Women,Apparel,Bottomwear,Skirts,Blue,Summer,2011.0,Casual,Palm Tree Kids Sp Jema Skt Blue Skirts,Skirt,bottom,C:\Users\LENOVO\New folder\data\raw\images\10002.jpg
28430,Women,Accessories,Watches,Watches,Beige,Winter,2016.0,Formal,DKNY Women Beige Chronograph Watch NY8330,Accessories,accessory,C:\Users\LENOVO\New folder\data\raw\images\28430.jpg
32251,Women,Apparel,Bottomwear,Skirts,Purple,Summer,2012.0,Ethnic,Fabindia Women Purple Skirt,Skirt,bottom,C:\Users\LENOVO\New folder\data\raw\images\32251.jpg
33747,Women,Apparel,Topwear,Tops,Grey,Summer,2012.0,Casual,Vero Moda Women Multi Coloured Top,T-Shirt,top,C:\Users\LENOVO\New folder\data\raw\images\33747.jpg
12126,Women,Apparel,Topwear,Kurtas,Maroon,Fall,2011.0,Ethnic,Aurelia Women Solid Maroon Kurtas,Shirt,top,C:\Users\LENOVO\New folder\data\raw\images\12126.jpg
7377,Men,Footwear,Shoes,Casual Shoes,Brown,Winter,2018.0,Casual,Red Tape Men's Brown Casual Shoe,Shoes,shoes,C:\Users\LENOVO\New folder\data\raw\images\7377.jpg
40928,Boys,Apparel,Bottomwear,Jeans,Blue,Summer,2012.0,Casual,Gini and Jony Boys Rodeo Blue Jeans,Jeans,bottom,C:\Users\LENOVO\New folder\data\raw\images\40928.jpg
43001,Men,Footwear,Shoes,Sports Shoes,White,Summer,2012.0,Sports,Nike Men White Lunarswift Sports Shoes,Sneakers,shoes,C:\Users\LENOVO\New folder\data\raw\images\43001.jpg
11243,Women,Apparel,Bottomwear,Jeans,Blue,Fall,2011.0,Casual,Flying Machine Women Lowrise Blue Jeans,Jeans,bottom,C:\Users\LENOVO\New folder\data\raw\images\11243.jpg
31167,Girls,Apparel,Dress,Dresses,Blue,Summer,2012.0,Casual,Gini and Jony Girls Blue Dress,Dress,top,C:\Users\LENOVO\New folder\data\raw\images\31167.jpg
28661,Men,Footwear,Shoes,Sports Shoes,Black,Summer,2012.0,Casual,Nike Men Air Max Full Court 2 Black Shoes,Sneakers,shoes,C:\Users\LENOVO\New folder\data\raw\images\28661.jpg
43919,Women,Apparel,Dress,Dresses,Navy Blue,Summer,2012.0,Casual,Femella Women Navy Blue Printed Dress,Dress,top,C:\Users\LENOVO\New folder\data\raw\images\43919.jpg
17727,Men,Apparel,Topwear,Shirts,Blue,Fall,2011.0,Casual,Reid & Taylor Men Stripes Navy Blue Shirt,Shirt,top,C:\Users\LENOVO\New folder\data\raw\images\17727.jpg
42678,Women,Apparel,Topwear,Kurtas,Navy Blue,Summer,2012.0,Ethnic,Alma Women Navy Blue Printed Kurta,Shirt,top,C:\Users\LENOVO\New folder\data\raw\images\42678.jpg
13264,Women,Apparel,Bottomwear,Skirts,Pink,Fall,2011.0,Casual,Palm Tree Kids Girls Solid Pink Skirts,Skirt,bottom,C:\Users\LENOVO\New folder\data\raw\images\13264.jpg
10188,Men,Apparel,Topwear,Shirts,Blue,Fall,2011.0,Casual,Indigo Nation Men   Blue & White Stripe Shirt,Shirt,top,C:\Users\LENOVO\New folder\data\raw\images\10188.jpg
27923,Women,Apparel,Bottomwear,Trousers,Black,Summer,2012.0,Casual,Scullers Women Black Trousers,Trousers,bottom,C:\Users\LENOVO\New folder\data\raw\images\27923.jpg
56988,Women,Footwear,Shoes,Flats,Brown,Winter,2012.0,Casual,HM Women Brown Sandals,Shoes,shoes,C:\Users\LENOVO\New folder\data\raw\images\56988.jpg
31164,Boys,Apparel,Bottomwear,Jeans,Blue,Summer,2012.0,Casual,Gini and Jony Boys Blue Jeans,Jeans,bottom,C:\Users\LENOVO\New folder\data\raw\images\31164.jpg
9395,Men,Footwear,Shoes,Sports Shoes,Black,Fall,2011.0,Sports,Nike Men Nike Lunareli +2 Black Sports Shoes,Sneakers,shoes,C:\Users\LENOVO\New folder\data\raw\images\9395.jpg
15464,Men,Apparel,Topwear,Jackets,Black,Fall,2011.0,Casual,Puma Men Frost HD Black Jackets,Jacket,outerwear,C:\Users\LENOVO\New folder\data\raw\images\15464.jpg
3881,Men,Apparel,Topwear,Tshirts,Navy Blue,Summer,2011.0,Casual,Wrangler Men's Wrangler Flag Navy T-shirt,T-Shirt,top,C:\Users\LENOVO\New folder\data\raw\images\3881.jpg
26153,Men,Apparel,Bottomwear,Trousers,Black,Summer,2012.0,Formal,John Miller Men Striped Black Trousers,Trousers,bottom,C:\Users\LENOVO\New folder\data\raw\images\26153.jpg
18488,Men,Apparel,Bottomwear,Jeans,Blue,Fall,2011.0,Casual,Puma Men Stetchable Blue Jeans,Jeans,bottom,C:\Users\LENOVO\New folder\data\raw\images\18488.jpg
44690,Women,Apparel,Topwear,Tops,White,Summer,2012.0,Casual,Wills Lifestyle Women Multi Coloured Top,T-Shirt,top,C:\Users\LENOVO\New folder\data\raw\images\44690.jpg
20238,Women,Apparel,Topwear,Tshirts,Blue,Fall,2011.0,Casual,Wrangler Women Dreams Blue Tshirt,T-Shirt,top,C:\Users\LENOVO\New folder\data\raw\images\20238.jpg
54974,Women,Apparel,Dress,Dresses,Black,Fall,2012.0,Casual,Femella Women Black Dress,Dress,top,C:\Users\LENOVO\New folder\data\raw\images\54974.jpg
59059,Women,Apparel,Topwear,Kurtas,Green,Summer,2012.0,Ethnic,Global Desi Women Green Kurta,Shirt,top,C:\Users\LENOVO\New folder\data\raw\images\59059.jpg
48240,Boys,Apparel,Topwear,Tshirts,Yellow,Summer,2012.0,Casual,Avengers Boys Yellow Printed T-shirt,T-Shirt,top,C:\Users\LENOVO\New folder\data\raw\images\48240.jpg
5005,Women,Apparel,Bottomwear,Skirts,Red,Summer,2011.0,Casual,Gini and Jony Girl's Glinda Red Kidswear,Skirt,bottom,C:\Users\LENOVO\New folder\data\raw\images\5005.jpg
11134,Men,Accessories,Watches,Watches,Black,Winter,2016.0,Casual,Puma Men Dial With Steel finish frame Black Watches,Accessories,accessory,C:\Users\LENOVO\New folder\data\raw\images\11134.jpg
9168,Men,Apparel,Bottomwear,Jeans,Blue,Fall,2011.0,Casual,Locomotive Men Radley Blue Jeans,Jeans,bottom,C:\Users\LENOVO\New folder\data\raw\images\9168.jpg
14961,Men,Apparel,Topwear,Jackets,Red,Fall,2011.0,Casual,Status Quo Men Printed Red Jackets,Jacket,outerwear,C:\Users\LENOVO\New folder\data\raw\images\14961.jpg
41003,Girls,Apparel,Bottomwear,Skirts,Blue,Summer,2012.0,Casual,Gini and Jony Girls Woven Blue Skirt,Skirt,bottom,C:\Users\LENOVO\New folder\data\raw\images\41003.jpg
13172,Men,Footwear,Sandal,Sandals,Brown,Fall,2012.0,Casual,Skechers Men Summers Brown Sandals,Shoes,shoes,C:\Users\LENOVO\New folder\data\raw\images\13172.jpg
25225,Women,Accessories,Bags,Handbags,Blue,Winter,2015.0,Casual,Lino Perros Women Blue Handbag,Accessories,accessory,C:\Users\LENOVO\New folder\data\raw\images\25225.jpg
31935,Women,Apparel,Topwear,Tunics,Green,Summer,2012.0,Ethnic,Mumbai Slang Women Printed Green Tunic,Shirt,top,C:\Users\LENOVO\New folder\data\raw\images\31935.jpg
32576,Women,Apparel,Dress,Dresses,Orange,Summer,2012.0,Casual,ONLY Women Orange Party Dress,Dress,top,C:\Users\LENOVO\New folder\data\raw\images\32576.jpg
47397,Women,Accessories,Bags,Handbags,Green,Summer,2012.0,Casual,Baggit Women Green Sling Bag,Accessories,accessory,C:\Users\LENOVO\New folder\data\raw\images\47397.jpg
18185,Men,Apparel,Bottomwear,Jeans,Blue,Fall,2011.0,Casual,Deni Yo Men Washed Blue Slim Fit Jeans,Jeans,bottom,C:\Users\LENOVO\New folder\data\raw\images\18185.jpg
15610,Men,Apparel,Bottomwear,Shorts,Black,Fall,2011.0,Sports,Nike Men Trainng Black Shorts,Trousers,bottom,C:\Users\LENOVO\New folder\data\raw\images\15610.jpg
17993,Women,Apparel,Bottomwear,Track Pants,Grey,Fall,2009.0,Sports,Puma Women Essential Skinny Grey Track Pant,Trousers,bottom,C:\Users\LENOVO\New folder\data\raw\images\17993.jpg
58000,Women,Apparel,Dress,Dresses,Black,Fall,2012.0,Casual,Latin Quarters Women Black Printed Dress,Dress,top,C:\Users\LENOVO\New folder\data\raw\images\58000.jpg
51759,Women,Footwear,Shoes,Heels,Beige,Winter,2015.0,Casual,Catwalk Women Beige Peep Toes,Shoes,shoes,C:\Users\LENOVO\New folder\data\raw\images\51759.jpg
47405,Women,Accessories,Wallets,Wallets,Blue,Summer,2012.0,Casual,Baggit Women Blue Wallet,Accessories,accessory,C:\Users\LENOVO\New folder\data\raw\images\47405.jpg
15675,Men,Apparel,Bottomwear,Jeans,Blue,Fall,2011.0,Casual,Highlander Men High Original Blue Jeans,Jeans,bottom,C:\Users\LENOVO\New folder\data\raw\images\15675.jpg
37912,Women,Apparel,Dress,Dresses,Orange,Summer,2012.0,Casual,Mineral Women Floral Orange Dress,Dress,top,C:\Users\LENOVO\New folder\data\raw\images\37912.jpg
16511,Men,Apparel,Bottomwear,Jeans,Blue,Fall,2011.0,Casual,Locomotive Men Washed Blue Jeans,Jeans,bottom,C:\Users\LENOVO\New folder\data\raw\images\16511.jpg
2967,Men,Footwear,Shoes,Sports Shoes,Black,Fall,2010.0,Sports,Puma Men's Mid Pixel Black & Silver Canvas Shoe,Sneakers,shoes,C:\Users\LENOVO\New folder\data\raw\images\2967.jpg
19716,Men,Apparel,Topwear,Shirts,Blue,Fall,2011.0,Casual,United Colors of Benetton Men Solid Blue Shirt,Shirt,top,C:\Users\LENOVO\New folder\data\raw\images\19716.jpg
56640,Women,Apparel,Topwear,Tunics,Blue,Summer,2012.0,Casual,Mumbai Slang Women Multi Coloured Tunic,Shirt,top,C:\Users\LENOVO\New folder\data\raw\images\56640.jpg
33508,Women,Apparel,Bottomwear,Skirts,Blue,Summer,2012.0,Casual,Doodle Kids Girl Washed Blue Skirt,Skirt,bottom,C:\Users\LENOVO\New folder\data\raw\images\33508.jpg
43224,Women,Apparel,Bottomwear,Trousers,Black,Fall,2012.0,Formal,United Colors of Benetton Women Black Trouser,Trousers,bottom,C:\Users\LENOVO\New folder\data\raw\images\43224.jpg
22863,Men,Footwear,Shoes,Casual Shoes,Khaki,Summer,2012.0,Casual,Woodland Men Khaki Casual Shoes,Shoes,shoes,C:\Users\LENOVO\New folder\data\raw\images\22863.jpg
28959,Women,Apparel,Topwear,Kurtas,White,Summer,2012.0,Ethnic,BIBA Women Ethnic White Kurta,Shirt,top,C:\Users\LENOVO\New folder\data\raw\images\28959.jpg
15752,Men,Apparel,Innerwear,Innerwear Vests,Navy Blue,Summer,2016.0,Casual,Facit Men Bicep Tee Navy Blue Innerwear Vest,Accessories,accessory,C:\Users\LENOVO\New folder\data\raw\images\15752.jpg
37060,Women,Accessories,Belts,Belts,Brown,Summer,2012.0,Casual,Lino Perros Women Brown Belt,Accessories,accessory,C:\Users\LENOVO\New folder\data\raw\images\37060.jpg
5134,Women,Apparel,Topwear,Tshirts,Peach,Summer,2011.0,Casual,Wrangler Women's Folk Side Print Peach T-shirt,T-Shirt,top,C:\Users\LENOVO\New folder\data\raw\images\5134.jpg
6662,Women,Apparel,Topwear,Tshirts,Yellow,Summer,2011.0,Casual,Jealous 21 Women Yellow Basic Top,T-Shirt,top,C:\Users\LENOVO\New folder\data\raw\images\6662.jpg
29407,Men,Accessories,Watches,Watches,Blue,Winter,2016.0,Casual,Giordano Men Blue Dial Watch,Accessories,accessory,C:\Users\LENOVO\New folder\data\raw\images\29407.jpg
9773,Men,Apparel,Bottomwear,Shorts,Blue,Fall,2011.0,Casual,ADIDAS Men Gfx Re V 2L Sho Blue Shorts,Trousers,bottom,C:\Users\LENOVO\New folder\data\raw\images\9773.jpg
52125,Girls,Apparel,Dress,Dresses,Pink,Summer,2012.0,Casual,Doodle Girls Pink Printed Dress,Dress,top,C:\Users\LENOVO\New folder\data\raw\images\52125.jpg
59942,Men,Footwear,Shoes,Casual Shoes,Black,Fall,2012.0,Casual,Vans Men Black Casual Shoes,Shoes,shoes,C:\Users\LENOVO\New folder\data\raw\images\59942.jpg
58425,Women,Apparel,Dress,Dresses,Grey,Summer,2012.0,Casual,AND by Anita Dongre Women Grey Dress,Dress,top,C:\Users\LENOVO\New folder\data\raw\images\58425.jpg
7697,Women,Apparel,Topwear,Tops,Grey,Fall,2011.0,Casual,Jealous 21 Women Chic Melange Grey Top,T-Shirt,top,C:\Users\LENOVO\New folder\data\raw\images\7697.jpg
13313,Men,Apparel,Topwear,Shirts,Red,Fall,2011.0,Casual,Gini and Jony Kids Boys Check Red Shirts,Shirt,top,C:\Users\LENOVO\New folder\data\raw\images\13313.jpg
1541,Men,Footwear,Shoes,Sports Shoes,White,Fall,2010.0,Sports,Puma Men's Ballistic Spike White Green Shoe,Sneakers,shoes,C:\Users\LENOVO\New folder\data\raw\images\1541.jpg
9109,Unisex,Footwear,Shoes,Sports Shoes,Black,Summer,2012.0,Sports,Puma Unisex Faas 300 Black Sports Shoes,Sneakers,shoes,C:\Users\LENOVO\New folder\data\raw\images\9109.jpg
55218,Women,Personal Care,Lips,Lip Liner,Black,Spring,2017.0,Casual,Lakme Absolute Forever Silk Expresso Lip Liner 06,Accessories,accessory,C:\Users\LENOVO\New folder\data\raw\images\55218.jpg
41353,Women,Apparel,Bottomwear,Jeans,Black,Summer,2012.0,Casual,Wrangler Women Black Giselle Jeans,Jeans,bottom,C:\Users\LENOVO\New folder\data\raw\images\41353.jpg
40632,Women,Apparel,Topwear,Kurtas,Magenta,Summer,2012.0,Ethnic,Span Women Magenta Kurta,Shirt,top,C:\Users\LENOVO\New folder\data\raw\images\40632.jpg
27021,Women,Apparel,Bottomwear,Jeans,Blue,Summer,2012.0,Casual,Jealous 21 Women Blue Jeans,Jeans,bottom,C:\Users\LENOVO\New folder\data\raw\images\27021.jpg
35712,Men,Footwear,Shoes,Sports Shoes,Grey,Summer,2012.0,Sports,Nike Men Dual Fusion TR III Grey Sports Shoes,Sneakers,shoes,C:\Users\LENOVO\New folder\data\raw\images\35712.jpg
53673,Women,Accessories,Bags,Handbags,Green,Summer,2012.0,Casual,Kiara Women Green Handbag,Accessories,accessory,C:\Users\LENOVO\New folder\data\raw\images\53673.jpg
33283,Boys,Apparel,Bottomwear,Jeans,Black,Summer,2012.0,Casual,Gini and Jony Boys Black Jeans,Jeans,bottom,C:\Users\LENOVO\New folder\data\raw\images\33283.jpg
54699,Women,Apparel,Topwear,Kurtas,White,Fall,2012.0,Ethnic,Shree Women Blue and White Printed Kurta,Shirt,top,C:\Users\LENOVO\New folder\data\raw\images\54699.jpg
30904,Women,Apparel,Bottomwear,Salwar,Mustard,Summer,2012.0,Ethnic,Fabindia Women Mustard Salwar,Accessories,accessory,C:\Users\LENOVO\New folder\data\raw\images\30904.jpg
9187,Men,Apparel,Bottomwear,Jeans,Blue,Fall,2011.0,Casual,Spykar Men Style Essentials Spykar Basic Attire Series 0428 Blue Jeans,Jeans,bottom,C:\Users\LENOVO\New folder\data\raw\images\9187.jpg
43647,Women,Apparel,Topwear,Tops,Blue,Summer,2012.0,Casual,ONLY Women Blue Top,T-Shirt,top,C:\Users\LENOVO\New folder\data\raw\images\43647.jpg
33091,Women,Footwear,Shoes,Heels,Gold,Winter,2015.0,Casual,Catwalk Women Gold Flats,Shoes,shoes,C:\Users\LENOVO\New folder\data\raw\images\33091.jpg
19012,Women,Apparel,Topwear,Jackets,Pink,Summer,2011.0,Casual,ADIDAS Originals Women Supergirl TT Pink Jacket,Jacket,outerwear,C:\Users\LENOVO\New folder\data\raw\images\19012.jpg
41152,Women,Apparel,Bottomwear,Skirts,Grey,Summer,2012.0,Casual,Allen Solly Woman Grey Skirt,Skirt,bottom,C:\Users\LENOVO\New folder\data\raw\images\41152.jpg
17255,Men,Apparel,Topwear,Tshirts,Black,Fall,2011.0,Casual,U.S. Polo Assn. Men Printed Black Tshirt,T-Shirt,top,C:\Users\LENOVO\New folder\data\raw\images\17255.jpg
19245,Men,Apparel,Topwear,Jackets,Blue,Fall,2011.0,Casual,Puma Men Tech Graphic Hooded Jacket,Jacket,outerwear,C:\Users\LENOVO\New folder\data\raw\images\19245.jpg
48085,Women,Apparel,Dress,Dresses,Purple,Summer,2012.0,Casual,French Connection Women Purple Dress,Dress,top,C:\Users\LENOVO\New folder\data\raw\images\48085.jpg
19750,Men,Apparel,Topwear,Tshirts,Black,Summer,2011.0,Casual,Levi's Men Solid Black Tshirt,T-Shirt,top,C:\Users\LENOVO\New folder\data\raw\images\19750.jpg
9343,Men,Apparel,Bottomwear,Shorts,Brown,Fall,2011.0,Casual,Puma Men Chino Brown Shorts,Trousers,bottom,C:\Users\LENOVO\New folder\data\raw\images\9343.jpg
25564,Men,Footwear,Shoes,Sports Shoes,White,Summer,2012.0,Sports,Fila Men Swift White Sports Shoes,Sneakers,shoes,C:\Users\LENOVO\New folder\data\raw\images\25564.jpg
9901,Men,Apparel,Bottomwear,Jeans,Blue,Fall,2011.0,Casual,Spykar Men Actif Low Waist Narrow Fit Blue Jeans,Jeans,bottom,C:\Users\LENOVO\New folder\data\raw\images\9901.jpg
22589,Men,Apparel,Bottomwear,Shorts,Navy Blue,Fall,2011.0,Sports,Nike Men Solid Navy Blue Shorts,Trousers,bottom,C:\Users\LENOVO\New folder\data\raw\images\22589.jpg
18205,Men,Apparel,Topwear,Jackets,Navy Blue,Fall,2011.0,Casual,Probase Men Solid Navy Blue Jacket,Jacket,outerwear,C:\Users\LENOVO\New folder\data\raw\images\18205.jpg
47266,Men,Apparel,Innerwear,Briefs,White,Summer,2016.0,Casual,FCUK Underwear Men White Striped Brief,Accessories,accessory,C:\Users\LENOVO\New folder\data\raw\images\47266.jpg
25168,Women,Accessories,Bags,Handbags,Black,Winter,2015.0,Casual,Lino Perros Women Leatherette Black Handbag,Accessories,accessory,C:\Users\LENOVO\New folder\data\raw\images\25168.jpg
51258,Men,Accessories,Belts,Belts,Black,Winter,2012.0,Formal,Park Avenue Men Black & Brown Reversible Belt,Accessories,accessory,C:\Users\LENOVO\New folder\data\raw\images\51258.jpg
15622,Men,Apparel,Bottomwear,Track Pants,Black,Summer,2012.0,Casual,Nike Men AD Breakline OH Black Track Pants,Trousers,bottom,C:\Users\LENOVO\New folder\data\raw\images\15622.jpg
2208,Men,Footwear,Flip Flops,Flip Flops,Black,Fall,2011.0,Casual,Puma Mens Drifter Black Flip Flop,Shoes,shoes,C:\Users\LENOVO\New folder\data\raw\images\2208.jpg
22980,Men,Footwear,Shoes,Casual Shoes,Brown,Fall,2012.0,Casual,Fila Men Light Brown New Percoso II Casual Shoes,Shoes,shoes,C:\Users\LENOVO\New folder\data\raw\images\22980.jpg
21584,Men,Apparel,Bottomwear,Jeans,Blue,Summer,2011.0,Casual,Locomotive Men Washed Blue Jeans,Jeans,bottom,C:\Users\LENOVO\New folder\data\raw\images\21584.jpg
23808,Men,Footwear,Shoes,Casual Shoes,Black,Summer,2011.0,Casual,Clarks Men Black Stroll Over Casual Shoes,Shoes,shoes,C:\Users\LENOVO\New folder\data\raw\images\23808.jpg
5577,Men,Footwear,Shoes,Sports Shoes,Grey,Summer,2011.0,Sports,Nike Men's Field Trainer Textile Grey Black White Shoe,Sneakers,shoes,C:\Users\LENOVO\New folder\data\raw\images\5577.jpg
5406,Women,Footwear,Shoes,Sports Shoes,Blue,,2011.0,Sports,Kalenji Ekiden Blue Scratch 2011,Sneakers,shoes,C:\Users\LENOVO\New folder\data\raw\images\5406.jpg
10818,Men,Apparel,Topwear,Shirts,Red,Fall,2011.0,Casual,Wrangler Men Urban Raiser Red Shirts,Shirt,top,C:\Users\LENOVO\New folder\data\raw\images\10818.jpg
44588,Men,Apparel,Topwear,Shirts,White,Summer,2012.0,Casual,Scullers Men White & Navy Blue Check Shirt,Shirt,top,C:\Users\LENOVO\New folder\data\raw\images\44588.jpg
27298,Women,Apparel,Topwear,Kurtas,Green,Fall,2011.0,Ethnic,Mother Earth Women Printed Green Kurta,Shirt,top,C:\Users\LENOVO\New folder\data\raw\images\27298.jpg
34978,Women,Accessories,Stoles,Stoles,Black,Summer,2012.0,Casual,Fabindia Women Black Stole,Accessories,accessory,C:\Users\LENOVO\New folder\data\raw\images\34978.jpg
26906,Women,Apparel,Topwear,Tops,Pink,Summer,2012.0,Casual,Jealous 21 Women  Pink Top,T-Shirt,top,C:\Users\LENOVO\New folder\data\raw\images\26906.jpg
57068,Women,Apparel,Topwear,Jackets,Blue,Summer,2012.0,Casual,Elle Women Navy Blue Jacket,Jacket,outerwear,C:\Users\LENOVO\New folder\data\raw\images\57068.jpg
15915,Men,Apparel,Topwear,Shirts,Purple,Fall,2011.0,Formal,Black Coffee Men Check Purple Slim Fit Shirt,Shirt,top,C:\Users\LENOVO\New folder\data\raw\images\15915.jpg
58504,Women,Apparel,Dress,Dresses,Black,Fall,2012.0,Casual,Tonga Women Black Dress,Dress,top,C:\Users\LENOVO\New folder\data\raw\images\58504.jpg
34115,Girls,Apparel,Dress,Dresses,Blue,Summer,2012.0,Casual,Doodle Girls Printed Blue Dress,Dress,top,C:\Users\LENOVO\New folder\data\raw\images\34115.jpg
40433,Women,Apparel,Bottomwear,Skirts,Multi,Summer,2012.0,Casual,Tonga Women Multi Colored Skirt,Skirt,bottom,C:\Users\LENOVO\New folder\data\raw\images\40433.jpg
5586,Girls,Apparel,Bottomwear,Skirts,Brown,Summer,2011.0,Casual,Ant Kids Girl's Tiger Print Kidswear,Skirt,bottom,C:\Users\LENOVO\New folder\data\raw\images\5586.jpg
16220,Men,Apparel,Topwear,Jackets,Black,Fall,2011.0,Sports,Puma Men Heroes Black Jackets,Jacket,outerwear,C:\Users\LENOVO\New folder\data\raw\images\16220.jpg
5911,Women,Footwear,Shoes,Casual Shoes,White,Summer,2011.0,Casual,ADIDAS Women's Daily Vulc White Shoe,Shoes,shoes,C:\Users\LENOVO\New folder\data\raw\images\5911.jpg
43249,Women,Apparel,Bottomwear,Jeans,Blue,Summer,2012.0,Casual,Denizen Women Blue Skinny Thunder Jeans,Jeans,bottom,C:\Users\LENOVO\New folder\data\raw\images\43249.jpg
40148,Girls,Apparel,Dress,Dresses,Blue,Summer,2012.0,Casual,Gini and Jony Girls Play Suit Blue Dress,Dress,top,C:\Users\LENOVO\New folder\data\raw\images\40148.jpg
46814,Girls,Apparel,Bottomwear,Skirts,Pink,Summer,2012.0,Casual,Gini and Jony Girls Pink Skirt,Skirt,bottom,C:\Users\LENOVO\New folder\data\raw\images\46814.jpg
5341,Women,Footwear,Shoes,Flats,Silver,Summer,2011.0,Casual,Carlton London Women Silver Floral Print Sandals,Shoes,shoes,C:\Users\LENOVO\New folder\data\raw\images\5341.jpg
56885,Women,Footwear,Shoes,Heels,Red,Winter,2012.0,Casual,HM Women Red Heels,Shoes,shoes,C:\Users\LENOVO\New folder\data\raw\images\56885.jpg
9105,Men,Footwear,Shoes,Sports Shoes,Black,Winter,2011.0,Sports,Puma Men Complete Vectana 2 Black Sports Shoes,Sneakers,shoes,C:\Users\LENOVO\New folder\data\raw\images\9105.jpg
4151,Men,Footwear,Shoes,Sports Shoes,Black,Summer,2011.0,Sports,Nike Men's Air Max Black Green Black Shoe,Sneakers,shoes,C:\Users\LENOVO\New folder\data\raw\images\4151.jpg
52130,Girls,Apparel,Dress,Dresses,Blue,Summer,2012.0,Casual,Doodle Girls Blue Printed Dress,Dress,top,C:\Users\LENOVO\New folder\data\raw\images\52130.jpg
49843,Boys,Apparel,Bottomwear,Shorts,Khaki,Summer,2012.0,Casual,Gini and Jony Boys Khaki Bermuda Shorts,Trousers,bottom,C:\Users\LENOVO\New folder\data\raw\images\49843.jpg
46893,Men,Apparel,Bottomwear,Jeans,Blue,Summer,2012.0,Casual,Locomotive Men Blue Jeans,Jeans,bottom,C:\Users\LENOVO\New folder\data\raw\images\46893.jpg
8780,Men,Apparel,Topwear,Shirts,Purple,Fall,2011.0,Casual,Indigo Nation Men Club Satin Hot Stepper Purple Shirts,Shirt,top,C:\Users\LENOVO\New folder\data\raw\images\8780.jpg
12257,Men,Apparel,Topwear,Shirts,Red,Winter,2011.0,Formal,Genesis Red Striped Formal Shirt,Shirt,top,C:\Users\LENOVO\New folder\data\raw\images\12257.jpg
1610,Women,Apparel,Topwear,Jackets,Navy Blue,Summer,2011.0,Casual,Reebok Navy Jacket,Jacket,outerwear,C:\Users\LENOVO\New folder\data\raw\images\1610.jpg
22646,Unisex,Accessories,Bags,Duffel Bag,Grey,Winter,2015.0,Casual,Wildcraft Unisex Grey & Blue Duffle Bag,Accessories,accessory,C:\Users\LENOVO\New folder\data\raw\images\22646.jpg
41005,Girls,Apparel,Bottomwear,Skirts,Navy Blue,Summer,2012.0,Casual,Gini and Jony Girls Woven Navy Blue Skirts,Skirt,bottom,C:\Users\LENOVO\New folder\data\raw\images\41005.jpg
39171,Women,Apparel,Topwear,Kurtas,Pink,Summer,2012.0,Ethnic,Aneri Women Pink & White Kurta,Shirt,top,C:\Users\LENOVO\New folder\data\raw\images\39171.jpg
9673,Men,Apparel,Bottomwear,Shorts,Navy Blue,Fall,2011.0,Casual,ADIDAS Men Ess 3s Hsj Navy Blue Shorts,Trousers,bottom,C:\Users\LENOVO\New folder\data\raw\images\9673.jpg
31111,Boys,Apparel,Bottomwear,Jeans,Black,Summer,2012.0,Casual,Gini and Jony Boys Solid Black Jeans,Jeans,bottom,C:\Users\LENOVO\New folder\data\raw\images\31111.jpg
2226,Women,Apparel,Bottomwear,Track Pants,Black,Fall,2010.0,Sports,ADIDAS Women Black Tracksuit,Trousers,bottom,C:\Users\LENOVO\New folder\data\raw\images\2226.jpg
57824,Women,Apparel,Bottomwear,Trousers,Green,Fall,2012.0,Casual,United Colors of Benetton Green Trouser,Trousers,bottom,C:\Users\LENOVO\New folder\data\raw\images\57824.jpg
9598,Men,Apparel,Topwear,Shirts,Purple,Fall,2011.0,Casual,Scullers Men Scul Purple Shirts,Shirt,top,C:\Users\LENOVO\New folder\data\raw\images\9598.jpg
11991,Men,Apparel,Topwear,Tshirts,Grey,Fall,2011.0,Casual,Classic Polo Men Stripes Grey Tshirts,T-Shirt,top,C:\Users\LENOVO\New folder\data\raw\images\11991.jpg
56927,Women,Footwear,Shoes,Heels,Black,Winter,2012.0,Casual,HM Women Black Flats,Shoes,shoes,C:\Users\LENOVO\New folder\data\raw\images\56927.jpg
51596,Women,Apparel,Bottomwear,Jeans,Black,Summer,2012.0,Casual,Wrangler Women Black Molly Jeans,Jeans,bottom,C:\Users\LENOVO\New folder\data\raw\images\51596.jpg
25824,Women,Apparel,Topwear,Kurtas,Mustard,Summer,2012.0,Ethnic,Diva Women Printed Mustard Kurta,Shirt,top,C:\Users\LENOVO\New folder\data\raw\images\25824.jpg
48472,Women,Apparel,Dress,Dresses,Black,Summer,2012.0,Casual,French Connection Black Dress,Dress,top,C:\Users\LENOVO\New folder\data\raw\images\48472.jpg
15975,Men,Apparel,Topwear,Shirts,Black,Fall,2011.0,Casual,Turtle Solid Men Black Shirt,Shirt,top,C:\Users\LENOVO\New folder\data\raw\images\15975.jpg
39384,Men,Apparel,Bottomwear,Jeans,Blue,Summer,2012.0,Casual,Peter England Men Blue Jeans,Jeans,bottom,C:\Users\LENOVO\New folder\data\raw\images\39384.jpg
10639,Men,Footwear,Shoes,Casual Shoes,Black,Fall,2011.0,Casual,Nike Men Nike Capri II Black Casual Shoes,Shoes,shoes,C:\Users\LENOVO\New folder\data\raw\images\10639.jpg
57074,Women,Apparel,Bottomwear,Jeans,Black,Summer,2012.0,Casual,Elle Women Black Jeans,Jeans,bottom,C:\Users\LENOVO\New folder\data\raw\images\57074.jpg
23451,Men,Apparel,Bottomwear,Jeans,Black,Summer,2012.0,Casual,Deni Yo Men Black Washed Slim Fit Jeans,Jeans,bottom,C:\Users\LENOVO\New folder\data\raw\images\23451.jpg
14197,Women,Apparel,Dress,Dresses,Black,Fall,2011.0,Casual,AND Women Solid Black Dresses,Dress,top,C:\Users\LENOVO\New folder\data\raw\images\14197.jpg
57309,Women,Footwear,Shoes,Heels,Brown,Winter,2012.0,Casual,Rocia Women Brown Flats,Shoes,shoes,C:\Users\LENOVO\New folder\data\raw\images\57309.jpg
53751,Women,Apparel,Bottomwear,Track Pants,Mauve,Summer,2012.0,Casual,ADIDAS Women Mauve Track Pant,Trousers,bottom,C:\Users\LENOVO\New folder\data\raw\images\53751.jpg
7682,Men,Apparel,Topwear,Jackets,Black,Fall,2011.0,Sports,Puma Men Track Black Ferrari Jacket,Jacket,outerwear,C:\Users\LENOVO\New folder\data\raw\images\7682.jpg
9981,Men,Apparel,Topwear,Jackets,Blue,Fall,2011.0,Sports,Nike Men As Sideline J Blue Jackets,Jacket,outerwear,C:\Users\LENOVO\New folder\data\raw\images\9981.jpg
58494,Women,Apparel,Dress,Dresses,Purple,Fall,2012.0,Casual,Tonga Women Purple Dress,Dress,top,C:\Users\LENOVO\New folder\data\raw\images\58494.jpg
32335,Men,Accessories,Watches,Watches,Silver,Winter,2016.0,Casual,Q&Q Men Silver-Toned Dial Analogue Watch Q252J404Y,Accessories,accessory,C:\Users\LENOVO\New folder\data\raw\images\32335.jpg
50953,Women,Apparel,Bottomwear,Jeans,Blue,Winter,2011.0,Casual,Lee Womens Blue Maxi Fit Jeans,Jeans,bottom,C:\Users\LENOVO\New folder\data\raw\images\50953.jpg
44664,Women,Apparel,Bottomwear,Trousers,Charcoal,Summer,2012.0,Formal,Wills Lifestyle Women Charcoal Trousers,Trousers,bottom,C:\Users\LENOVO\New folder\data\raw\images\44664.jpg
20376,Women,Apparel,Topwear,Jackets,Blue,Fall,2011.0,Casual,Urban Yoga Women Solid Blue Jacket,Jacket,outerwear,C:\Users\LENOVO\New folder\data\raw\images\20376.jpg
17790,Men,Accessories,Socks,Socks,Cream,Summer,2016.0,Casual,Reid & Taylor Men Solid Cream Socks,Accessories,accessory,C:\Users\LENOVO\New folder\data\raw\images\17790.jpg
18739,Women,Apparel,Topwear,Tops,Purple,Fall,2011.0,Casual,Arrow Woman Tigi Purple Top,T-Shirt,top,C:\Users\LENOVO\New folder\data\raw\images\18739.jpg
4818,Men,Apparel,Bottomwear,Shorts,Black,Fall,2012.0,Sports,ADIDAS Men's Team Bermuda Black White Short,Trousers,bottom,C:\Users\LENOVO\New folder\data\raw\images\4818.jpg
44612,Men,Footwear,Shoes,Sports Shoes,Blue,Spring,2013.0,Sports,Salomon Men Blue RX Prime Sports Shoes,Sneakers,shoes,C:\Users\LENOVO\New folder\data\raw\images\44612.jpg
35409,Men,Footwear,Shoes,Formal Shoes,Black,Summer,2013.0,Formal,Enroute Men Black Formal Shoes,Shoes,shoes,C:\Users\LENOVO\New folder\data\raw\images\35409.jpg
54536,Men,Footwear,Shoes,Sports Shoes,Grey,Fall,2012.0,Sports,F Sports Men Grey Deen Sports Shoes,Sneakers,shoes,C:\Users\LENOVO\New folder\data\raw\images\54536.jpg
3616,Men,Apparel,Topwear,Shirts,Black,Summer,2011.0,Casual,Puma Men Deccan Chargers Woven Black Shirt,Shirt,top,C:\Users\LENOVO\New folder\data\raw\images\3616.jpg
26620,Men,Footwear,Shoes,Sports Shoes,Black,Summer,2012.0,Sports,Puma Men Kevler Runner Black Sports Shoes,Sneakers,shoes,C:\Users\LENOVO\New folder\data\raw\images\26620.jpg
56638,Women,Apparel,Topwear,Tunics,Black,Summer,2012.0,Casual,Mumbai Slang Women Multi Coloured Tunic,Shirt,top,C:\Users\LENOVO\New folder\data\raw\images\56638.jpg
15123,Men,Apparel,Bottomwear,Trousers,Grey,Fall,2011.0,Formal,Arrow Men Solid Grey Trousers,Trousers,bottom,C:\Users\LENOVO\New folder\data\raw\images\15123.jpg
9141,Women,Apparel,Bottomwear,Jeans,Blue,Summer,2013.0,Casual,Lee Women Blue Cherrie Slim Fit Jeans,Jeans,bottom,C:\Users\LENOVO\New folder\data\raw\images\9141.jpg
42749,Women,Footwear,Shoes,Heels,Black,Winter,2012.0,Casual,Rocia Women Black Heels,Shoes,shoes,C:\Users\LENOVO\New folder\data\raw\images\42749.jpg
50949,Women,Apparel,Bottomwear,Jeans,Navy Blue,Summer,2013.0,Casual,Lee Women Navy Blue Roxy Fit Jeans,Jeans,bottom,C:\Users\LENOVO\New folder\data\raw\images\50949.jpg
18473,Men,Footwear,Shoes,Casual Shoes,Black,Summer,2011.0,Casual,Puma Men Calcetto Black Casual Shoes,Shoes,shoes,C:\Users\LENOVO\New folder\data\raw\images\18473.jpg
46107,Men,Footwear,Flip Flops,Flip Flops,Red,Summer,2012.0,Casual,ADIDAS Men Red & Blue Flip Flops,Shoes,shoes,C:\Users\LENOVO\New folder\data\raw\images\46107.jpg
47285,Women,Apparel,Topwear,Tshirts,Peach,Summer,2012.0,Casual,Myntra Women Pack of 3 T-shirts,T-Shirt,top,C:\Users\LENOVO\New folder\data\raw\images\47285.jpg
59133,Men,Apparel,Topwear,Jackets,Brown,Summer,2012.0,Casual,Just Natural Men Brown Reversible Jacket,Jacket,outerwear,C:\Users\LENOVO\New folder\data\raw\images\59133.jpg
2170,Men,Apparel,Topwear,Shirts,White,Summer,2011.0,Casual,Probase Mens  Shirts,Shirt,top,C:\Users\LENOVO\New folder\data\raw\images\2170.jpg
31937,Women,Apparel,Topwear,Tunics,Red,Summer,2012.0,Ethnic,Mumbai Slang Women Printed Red Tunic,Shirt,top,C:\Users\LENOVO\New folder\data\raw\images\31937.jpg
30749,Men,Apparel,Topwear,Kurtas,White,Summer,2012.0,Ethnic,Fabindia Men White Kurta,Shirt,top,C:\Users\LENOVO\New folder\data\raw\images\30749.jpg
52235,Men,Apparel,Bottomwear,Jeans,Blue,Summer,2012.0,Casual,Pepe Jeans Men Dark Blue Jeans,Jeans,bottom,C:\Users\LENOVO\New folder\data\raw\images\52235.jpg
22754,Women,Apparel,Topwear,Kurtas,Navy Blue,Fall,2011.0,Ethnic,BIBA Women Solid Navy Blue Kurta,Shirt,top,C:\Users\LENOVO\New folder\data\raw\images\22754.jpg
56150,Women,Personal Care,Makeup,Kajal and Eyeliner,Blue,Spring,2017.0,Casual,Colorbar Mysterious Blue Eye Liner 002,Accessories,accessory,C:\Users\LENOVO\New folder\data\raw\images\56150.jpg
31028,Men,Apparel,Topwear,Shirts,Navy Blue,Summer,2012.0,Formal,Arrow New York Men Check Navy Blue Slim Fit Shirt,Shirt,top,C:\Users\LENOVO\New folder\data\raw\images\31028.jpg
48525,Women,Apparel,Dress,Dresses,White,Summer,2012.0,Casual,French Connection Women White & Blue  Striped Dress,Dress,top,C:\Users\LENOVO\New folder\data\raw\images\48525.jpg
1662,Men,Apparel,Topwear,Jackets,Navy Blue,Fall,2012.0,Sports,Nike Men Blue Windrunner Jacket,Jacket,outerwear,C:\Users\LENOVO\New folder\data\raw\images\1662.jpg
26814,Men,Apparel,Topwear,Shirts,Blue,Summer,2012.0,Formal,Arrow Men Blue Striped Shirt,Shirt,top,C:\Users\LENOVO\New folder\data\raw\images\26814.jpg
32273,Women,Apparel,Topwear,Kurtas,Green,Summer,2012.0,Ethnic,Vishudh Women Printed Green Kurta,Shirt,top,C:\Users\LENOVO\New folder\data\raw\images\32273.jpg
6025,Women,Apparel,Topwear,Tshirts,Blue,Summer,2011.0,Casual,UCB Women's Epaulettes Sleeve Blue T-shirt,T-Shirt,top,C:\Users\LENOVO\New folder\data\raw\images\6025.jpg
51369,Women,Apparel,Bottomwear,Capris,Blue,Summer,2012.0,Casual,Spykar Women Blue Capri,Trousers,bottom,C:\Users\LENOVO\New folder\data\raw\images\51369.jpg
47022,Women,Apparel,Topwear,Kurtas,Maroon,Summer,2012.0,Ethnic,Shree Women Maroon Kurta,Shirt,top,C:\Users\LENOVO\New folder\data\raw\images\47022.jpg
35038,Women,Apparel,Topwear,Kurtas,Pink,Summer,2012.0,Ethnic,Fabindia Women Printed Pink Kurta,Shirt,top,C:\Users\LENOVO\New folder\data\raw\images\35038.jpg
3819,Girls,Apparel,Topwear,Tshirts,Pink,Summer,2011.0,Casual,Disney Kids Girl's Minnie Summer Time Pink Top,T-Shirt,top,C:\Users\LENOVO\New folder\data\raw\images\3819.jpg
24136,Men,Apparel,Topwear,Jackets,Navy Blue,Fall,2011.0,Casual,ADIDAS Men Navy Blue Jacket,Jacket,outerwear,C:\Users\LENOVO\New folder\data\raw\images\24136.jpg
51330,Unisex,Accessories,Accessories,Travel Accessory,Black,Summer,2010.0,Casual,Wildcraft Unisex Black Rain Cover for Backpacks,Accessories,accessory,C:\Users\LENOVO\New folder\data\raw\images\51330.jpg
59972,Women,Apparel,Dress,Dresses,Black,Fall,2012.0,Party,Avirate Black Dress,Dress,top,C:\Users\LENOVO\New folder\data\raw\images\59972.jpg
33171,Women,Apparel,Topwear,Tops,Purple,Summer,2012.0,Casual,Sepia Women Purple Top,T-Shirt,top,C:\Users\LENOVO\New folder\data\raw\images\33171.jpg
21923,Women,Apparel,Topwear,Kurtas,Black,Fall,2011.0,Ethnic,BIBA Women Printed Black Kurta,Shirt,top,C:\Users\LENOVO\New folder\data\raw\images\21923.jpg
44586,Men,Apparel,Bottomwear,Jeans,Blue,Summer,2017.0,Casual,Lee Men Tino Blue Jeans,Jeans,bottom,C:\Users\LENOVO\New folder\data\raw\images\44586.jpg
38320,Unisex,Accessories,Bags,Backpacks,Blue,Summer,2012.0,Casual,Puma Unisex Echo Blue Backpack,Accessories,accessory,C:\Users\LENOVO\New folder\data\raw\images\38320.jpg
18961,Women,Apparel,Topwear,Jackets,Grey,Fall,2011.0,Casual,United Colors of Benetton Women Solid Grey Jacket,Jacket,outerwear,C:\Users\LENOVO\New folder\data\raw\images\18961.jpg
31143,Boys,Apparel,Topwear,Tshirts,Green,Summer,2012.0,Casual,Gini and Jony Boys Printed Green T-shirt,T-Shirt,top,C:\Users\LENOVO\New folder\data\raw\images\31143.jpg
5471,Men,Footwear,Shoes,Sports Shoes,Red,Summer,2011.0,Sports,Nike Men's Air Force Red Shoe,Sneakers,shoes,C:\Users\LENOVO\New folder\data\raw\images\5471.jpg
53211,Men,Apparel,Topwear,Shirts,Blue,Summer,2012.0,Formal,Mark Taylor Men Blue Shirt,Shirt,top,C:\Users\LENOVO\New folder\data\raw\images\53211.jpg
53105,Women,Accessories,Jewellery,Earrings,Silver,Winter,2016.0,Casual,Fabindia Silver Earrings,Accessories,accessory,C:\Users\LENOVO\New folder\data\raw\images\53105.jpg
27901,Women,Apparel,Bottomwear,Trousers,Tan,Summer,2012.0,Casual,Scullers For Her Women Tan Trousers,Trousers,bottom,C:\Users\LENOVO\New folder\data\raw\images\27901.jpg
12977,Men,Footwear,Shoes,Sports Shoes,Black,Fall,2011.0,Sports,ADIDAS Men Marathon Black Sports Shoes,Sneakers,shoes,C:\Users\LENOVO\New folder\data\raw\images\12977.jpg
20368,Men,Apparel,Topwear,Shirts,Blue,Summer,2011.0,Casual,United Colors of Benetton Men Blue Check Shirt,Shirt,top,C:\Users\LENOVO\New folder\data\raw\images\20368.jpg
42851,Women,Accessories,Bags,Handbags,Beige,Summer,2012.0,Casual,French Connection Women Beige Handbag,Accessories,accessory,C:\Users\LENOVO\New folder\data\raw\images\42851.jpg
37801,Men,Apparel,Topwear,Shirts,Black,Summer,2012.0,Formal,John Players Men Stripes Black Shirt,Shirt,top,C:\Users\LENOVO\New folder\data\raw\images\37801.jpg
33503,Women,Apparel,Dress,Dresses,White,Summer,2012.0,Casual,Doodle Kids Girl Printed White Dress,Dress,top,C:\Users\LENOVO\New folder\data\raw\images\33503.jpg
42995,Women,Footwear,Shoes,Sports Shoes,Black,Summer,2012.0,Sports,Nike Women Black Air Total Sports Shoes,Sneakers,shoes,C:\Users\LENOVO\New folder\data\raw\images\42995.jpg
44371,Men,Apparel,Topwear,Tshirts,Purple,Summer,2012.0,Casual,Classic Polo Men Purple T-shirt,T-Shirt,top,C:\Users\LENOVO\New folder\data\raw\images\44371.jpg
40442,Women,Apparel,Dress,Dresses,Grey,Summer,2012.0,Casual,La Emotio Women Grey Dress,Dress,top,C:\Users\LENOVO\New folder\data\raw\images\40442.jpg
43627,Women,Apparel,Dress,Dresses,Green,Summer,2012.0,Casual,Vero Moda Green Printed Shift Dress,Dress,top,C:\Users\LENOVO\New folder\data\raw\images\43627.jpg
43317,Women,Apparel,Dress,Jumpsuit,Black,Summer,2012.0,Casual,United Colors of Benetton Women Black Jumpsuit,Dress,top,C:\Users\LENOVO\New folder\data\raw\images\43317.jpg
16061,Men,Apparel,Bottomwear,Trousers,Olive,Fall,2011.0,Casual,Highlander Men Solid Olive Trouser,Trousers,bottom,C:\Users\LENOVO\New folder\data\raw\images\16061.jpg
18639,Men,Apparel,Topwear,Tshirts,Navy Blue,Fall,2011.0,Sports,Puma Men V.11 Cat Midnight Navy Tshirts,T-Shirt,top,C:\Users\LENOVO\New folder\data\raw\images\18639.jpg
23665,Men,Apparel,Bottomwear,Jeans,Blue,Fall,2011.0,Casual,Spykar Men Blue Washed Jeans,Jeans,bottom,C:\Users\LENOVO\New folder\data\raw\images\23665.jpg
20918,Men,Apparel,Bottomwear,Jeans,Blue,Fall,2011.0,Casual,Deni Yo Men Washed Blue Jeans,Jeans,bottom,C:\Users\LENOVO\New folder\data\raw\images\20918.jpg
25032,Men,Apparel,Topwear,Jackets,Black,Fall,2011.0,Sports,Nike Men Black Puffer Jacket,Jacket,outerwear,C:\Users\LENOVO\New folder\data\raw\images\25032.jpg
40933,Boys,Apparel,Bottomwear,Jeans,Blue,Summer,2012.0,Casual,Gini and Jony Boys Rodeo Blue Jeans,Jeans,bottom,C:\Users\LENOVO\New folder\data\raw\images\40933.jpg
33639,Men,Footwear,Flip Flops,Flip Flops,Grey,Summer,2012.0,Casual,Lotto Men Grey Sport Line Flip Flops,Shoes,shoes,C:\Users\LENOVO\New folder\data\raw\images\33639.jpg
42424,Women,Apparel,Topwear,Kurtas,Blue,Summer,2012.0,Ethnic,Aurelia Women Blue Kurta,Shirt,top,C:\Users\LENOVO\New folder\data\raw\images\42424.jpg
57997,Women,Apparel,Dress,Dresses,Blue,Fall,2012.0,Casual,Latin Quarters Women Blue Dress,Dress,top,C:\Users\LENOVO\New folder\data\raw\images\57997.jpg
2109,Women,Apparel,Bottomwear,Track Pants,Black,Fall,2010.0,Sports,ADIDAS Women's Slim Fit Lycra Track Pants,Trousers,bottom,C:\Users\LENOVO\New folder\data\raw\images\2109.jpg
51351,Women,Apparel,Bottomwear,Jeans,Blue,Summer,2012.0,Casual,Spykar Women Blue Jeans,Jeans,bottom,C:\Users\LENOVO\New folder\data\raw\images\51351.jpg
52042,Unisex,Apparel,Topwear,Rain Jacket,Black,Summer,2012.0,,Just Natural Unisex Black Rain Jacket,Jacket,outerwear,C:\Users\LENOVO\New folder\data\raw\images\52042.jpg
2753,Men,Apparel,Topwear,Tshirts,Purple,Summer,2011.0,Casual,Classic Polo Men's Bold Stripe Grey T-shirt,T-Shirt,top,C:\Users\LENOVO\New folder\data\raw\images\2753.jpg
37792,Men,Apparel,Topwear,Shirts,Blue,Summer,2012.0,Formal,John Players Men Gingham Blue Shirt,Shirt,top,C:\Users\LENOVO\New folder\data\raw\images\37792.jpg
30890,Women,Apparel,Topwear,Kurtas,Black,Summer,2012.0,Ethnic,Fabindia Women Black Kantha Kurta,Shirt,top,C:\Users\LENOVO\New folder\data\raw\images\30890.jpg
52043,Unisex,Apparel,Topwear,Rain Jacket,Navy Blue,Summer,2012.0,,Just Natural Unisex Navy Blue Jacket,Jacket,outerwear,C:\Users\LENOVO\New folder\data\raw\images\52043.jpg
2707,Girls,Apparel,Dress,Dresses,Pink,Summer,2011.0,Casual,Disney Kids Girl's Dress Pink Pooh Kidswear,Dress,top,C:\Users\LENOVO\New folder\data\raw\images\2707.jpg
49928,Women,Apparel,Saree,Sarees,Beige,Fall,2012.0,Ethnic,Fabindia Beige Hand Printed Sari,Accessories,accessory,C:\Users\LENOVO\New folder\data\raw\images\49928.jpg
7514,Women,Apparel,Bottomwear,Capris,Purple,Summer,2011.0,Sports,Nike Women Be Fast Purple Capri,Trousers,bottom,C:\Users\LENOVO\New folder\data\raw\images\7514.jpg
57089,Women,Apparel,Bottomwear,Skirts,Navy Blue,Summer,2012.0,Casual,Elle Women Blue Skirt,Skirt,bottom,C:\Users\LENOVO\New folder\data\raw\images\57089.jpg
15630,Men,Apparel,Topwear,Jackets,Black,Fall,2011.0,Sports,Nike Men AS Thermal Black Jackets,Jacket,outerwear,C:\Users\LENOVO\New folder\data\raw\images\15630.jpg
33027,Women,Apparel,Topwear,Kurtas,Blue,Summer,2012.0,Ethnic,Mother Earth Women Printed Blue Kurta,Shirt,top,C:\Users\LENOVO\New folder\data\raw\images\33027.jpg
5408,Unisex,Footwear,Shoes,Sports Shoes,Blue,Fall,2011.0,Sports,Quechua Wayta Jr Blue,Sneakers,shoes,C:\Users\LENOVO\New folder\data\raw\images\5408.jpg
35166,Men,Footwear,Sandal,Sandals,Brown,Summer,2012.0,Casual,Coolers by Liberty Men Brown Sandals,Shoes,shoes,C:\Users\LENOVO\New folder\data\raw\images\35166.jpg
17673,Women,Footwear,Shoes,Heels,Black,Winter,2015.0,Casual,Catwalk Women Black Pumps,Shoes,shoes,C:\Users\LENOVO\New folder\data\raw\images\17673.jpg
24416,Men,Footwear,Shoes,Sports Shoes,White,Summer,2012.0,Sports,ADIDAS Men Opticourt Ligra White Sports Shoes,Sneakers,shoes,C:\Users\LENOVO\New folder\data\raw\images\24416.jpg
9589,Men,Apparel,Topwear,Shirts,White,Fall,2011.0,Formal,Indigo Nation Men cotton White Shirts,Shirt,top,C:\Users\LENOVO\New folder\data\raw\images\9589.jpg
18905,Men,Footwear,Shoes,Sports Shoes,Black,Fall,2011.0,Sports,ADIDAS Men Response Cushion 20 Black Sports Shoes,Sneakers,shoes,C:\Users\LENOVO\New folder\data\raw\images\18905.jpg
11312,Men,Apparel,Bottomwear,Trousers,Beige,Fall,2011.0,Casual,Scullers Men Rugged Chinos Beige Trousers,Trousers,bottom,C:\Users\LENOVO\New folder\data\raw\images\11312.jpg
30922,Women,Apparel,Bottomwear,Skirts,Rust,Summer,2012.0,Ethnic,Fabindia Women Printed Rust Skirt,Skirt,bottom,C:\Users\LENOVO\New folder\data\raw\images\30922.jpg
41691,Women,Footwear,Shoes,Heels,Grey,Winter,2012.0,Casual,Catwalk Women Grey Heels,Shoes,shoes,C:\Users\LENOVO\New folder\data\raw\images\41691.jpg
29845,Men,Apparel,Bottomwear,Trousers,Khaki,Summer,2012.0,Casual,Basics Men Khaki Trousers,Trousers,bottom,C:\Users\LENOVO\New folder\data\raw\images\29845.jpg
52636,Women,Accessories,Bags,Handbags,Black,Summer,2012.0,Casual,Mod-acc Women Black Handbag,Accessories,accessory,C:\Users\LENOVO\New folder\data\raw\images\52636.jpg
42989,Women,Footwear,Shoes,Sports Shoes,Black,Summer,2012.0,Sports,Nike Women Black Fivekay Sports Shoes,Sneakers,shoes,C:\Users\LENOVO\New folder\data\raw\images\42989.jpg
15021,Men,Apparel,Topwear,Jackets,Black,Fall,2011.0,Sports,ADIDAS Men Solid Black Jackets,Jacket,outerwear,C:\Users\LENOVO\New folder\data\raw\images\15021.jpg
13835,Men,Apparel,Topwear,Jackets,Black,Summer,2012.0,Sports,Nike Men Solid Black Jackets,Jacket,outerwear,C:\Users\LENOVO\New folder\data\raw\images\13835.jpg
49673,Men,Accessories,Eyewear,Sunglasses,Steel,Winter,2016.0,Casual,United Colors of Benetton Men Sunglass,Accessories,accessory,C:\Users\LENOVO\New folder\data\raw\images\49673.jpg
39232,Women,Apparel,Dress,Dresses,Blue,Summer,2012.0,Casual,Femella Women Blue Polka Bow Dress Dress,Dress,top,C:\Users\LENOVO\New folder\data\raw\images\39232.jpg
5373,Women,Footwear,Shoes,Sports Shoes,Pink,Summer,2011.0,Sports,Quechua Women Forclaz 50 Jr 10 Pink Shoes,Sneakers,shoes,C:\Users\LENOVO\New folder\data\raw\images\5373.jpg
18593,Men,Footwear,Shoes,Sports Shoes,White,Fall,2011.0,Sports,Puma Men Volt White Sports Shoes,Sneakers,shoes,C:\Users\LENOVO\New folder\data\raw\images\18593.jpg
23319,Women,Apparel,Topwear,Kurtas,Brown,Fall,2011.0,Ethnic,W Women Brown Printed Kurta,Shirt,top,C:\Users\LENOVO\New folder\data\raw\images\23319.jpg
8760,Women,Apparel,Bottomwear,Track Pants,Black,Fall,2011.0,Sports,Puma  Essential Workout Track Pants,Trousers,bottom,C:\Users\LENOVO\New folder\data\raw\images\8760.jpg
5348,Men,Footwear,Shoes,Sports Shoes,Maroon,Fall,2011.0,Sports,Quechua Forclaz  800 Trek Man,Sneakers,shoes,C:\Users\LENOVO\New folder\data\raw\images\5348.jpg
20788,Men,Apparel,Topwear,Sweaters,Maroon,Fall,2011.0,Casual,Genesis Men Solid Maroon Sweater,T-Shirt,top,C:\Users\LENOVO\New folder\data\raw\images\20788.jpg
56820,Men,Apparel,Topwear,Shirts,Multi,Summer,2012.0,Casual,John Players Men Multi Coloured Shirt,Shirt,top,C:\Users\LENOVO\New folder\data\raw\images\56820.jpg
9549,Men,Apparel,Topwear,Tshirts,Green,Summer,2011.0,Casual,Nike Men Green Polo Tshirts,T-Shirt,top,C:\Users\LENOVO\New folder\data\raw\images\9549.jpg
23941,Men,Footwear,Shoes,Sports Shoes,White,Fall,2011.0,Sports,Lotto Men White Porteo Sports Shoes,Sneakers,shoes,C:\Users\LENOVO\New folder\data\raw\images\23941.jpg
9175,Men,Apparel,Bottomwear,Jeans,Blue,Fall,2011.0,Casual,Locomotive Men Banks Blue Jeans,Jeans,bottom,C:\Users\LENOVO\New folder\data\raw\images\9175.jpg
42525,Women,Apparel,Topwear,Kurtas,Purple,Summer,2012.0,Ethnic,Mother Earth Women Purple Kurta,Shirt,top,C:\Users\LENOVO\New folder\data\raw\images\42525.jpg
7804,Men,Footwear,Shoes,Casual Shoes,Black,Fall,2011.0,Casual,Puma Men's Benecio Mid Leather Black White Shoe,Shoes,shoes,C:\Users\LENOVO\New folder\data\raw\images\7804.jpg
46909,Men,Apparel,Bottomwear,Jeans,Blue,Summer,2012.0,Casual,Peter England Men Blue Jeans,Jeans,bottom,C:\Users\LENOVO\New folder\data\raw\images\46909.jpg
13092,Men,Apparel,Topwear,Jackets,White,Fall,2011.0,Casual,ADIDAS Men Bnce T-Top White Jackets,Jacket,outerwear,C:\Users\LENOVO\New folder\data\raw\images\13092.jpg
15566,Women,Footwear,Shoes,Heels,Brown,Winter,2015.0,Casual,Catwalk Women Brown Heels,Shoes,shoes,C:\Users\LENOVO\New folder\data\raw\images\15566.jpg
41002,Girls,Apparel,Bottomwear,Skirts,Blue,Summer,2012.0,Casual,Gini and Jony Girls Woven Blue Skirt,Skirt,bottom,C:\Users\LENOVO\New folder\data\raw\images\41002.jpg
15005,Men,Apparel,Topwear,Jackets,Grey,Fall,2011.0,Sports,ADIDAS Men Solid Grey Jackets,Jacket,outerwear,C:\Users\LENOVO\New folder\data\raw\images\15005.jpg
59996,Women,Apparel,Dress,Dresses,Purple,Summer,2014.0,Casual,Avirate Black & Purple Dress,Dress,top,C:\Users\LENOVO\New folder\data\raw\images\59996.jpg
4642,Women,Footwear,Shoes,Sports Shoes,White,Summer,2011.0,Sports,ADIDAS Women Adi Monter Low White Green Shoe,Sneakers,shoes,C:\Users\LENOVO\New folder\data\raw\images\4642.jpg
29184,Men,Apparel,Topwear,Shirts,Blue,Summer,2012.0,Casual,United Colors of Benetton Men Blue Shirt,Shirt,top,C:\Users\LENOVO\New folder\data\raw\images\29184.jpg
21968,Women,Accessories,Bags,Handbags,Brown,Winter,2015.0,Casual,Murcia Women Stylish Brown Handbag,Accessories,accessory,C:\Users\LENOVO\New folder\data\raw\images\21968.jpg
19438,Men,Apparel,Bottomwear,Shorts,Blue,Summer,2012.0,Casual,Quiksilver Men Printed Blue Shorts,Trousers,bottom,C:\Users\LENOVO\New folder\data\raw\images\19438.jpg
14123,Men,Apparel,Bottomwear,Jeans,Blue,Fall,2011.0,Casual,Flying Machine Men Washed Blue Jeans,Jeans,bottom,C:\Users\LENOVO\New folder\data\raw\images\14123.jpg
3820,Girls,Apparel,Topwear,Tops,White,Summer,2011.0,Casual,Disney Kids Girl's Minnie Summer Time White Top,T-Shirt,top,C:\Users\LENOVO\New folder\data\raw\images\3820.jpg
57070,Women,Apparel,Bottomwear,Jeans,Blue,Summer,2012.0,Casual,Elle Women Blue Jeans,Jeans,bottom,C:\Users\LENOVO\New folder\data\raw\images\57070.jpg
22393,Women,Apparel,Topwear,Tshirts,Grey,Fall,2011.0,Casual,ADIDAS Women Verve Tee Grey T-shirt,T-Shirt,top,C:\Users\LENOVO\New folder\data\raw\images\22393.jpg
42108,Men,Apparel,Topwear,Tshirts,Blue,Summer,2012.0,Casual,ADIDAS Men Blue T-shirt,T-Shirt,top,C:\Users\LENOVO\New folder\data\raw\images\42108.jpg
29158,Women,Apparel,Dress,Dresses,Green,Summer,2012.0,Casual,United Colors of Benetton Women Green Dress,Dress,top,C:\Users\LENOVO\New folder\data\raw\images\29158.jpg
24419,Men,Footwear,Shoes,Sports Shoes,White,Summer,2012.0,Sports,ADIDAS Men Barracks Premier White Sports Shoes,Sneakers,shoes,C:\Users\LENOVO\New folder\data\raw\images\24419.jpg
17450,Men,Accessories,Watches,Watches,Steel,Winter,2016.0,Casual,CASIO Enticer Men Silver-Toned Analogue Watch BS014,Accessories,accessory,C:\Users\LENOVO\New folder\data\raw\images\17450.jpg
40480,Men,Footwear,Shoes,Sports Shoes,White,Summer,2012.0,Sports,Fila Men Blue Ultralite Sports Shoes,Sneakers,shoes,C:\Users\LENOVO\New folder\data\raw\images\40480.jpg
12837,Women,Apparel,Dress,Dresses,Pink,Fall,2011.0,Casual,Ant Kids Button Bow Pink Dresses,Dress,top,C:\Users\LENOVO\New folder\data\raw\images\12837.jpg
57466,Unisex,Footwear,Flip Flops,Flip Flops,Blue,Summer,2012.0,Casual,Puma Unisex Blue Flip Flops,Shoes,shoes,C:\Users\LENOVO\New folder\data\raw\images\57466.jpg
21444,Women,Apparel,Topwear,Tshirts,Cream,Winter,2012.0,Casual,Roxy Women CreamT-shirt,T-Shirt,top,C:\Users\LENOVO\New folder\data\raw\images\21444.jpg
28981,Women,Apparel,Apparel Set,Kurta Sets,Cream,Summer,2012.0,Ethnic,Biba Outlet Women Cream-Coloured Printed  Churidar Kurta with Dupatta,Accessories,accessory,C:\Users\LENOVO\New folder\data\raw\images\28981.jpg
39123,Women,Apparel,Bottomwear,Leggings,White,Fall,2012.0,Casual,Aneri Women White Leggings,Trousers,bottom,C:\Users\LENOVO\New folder\data\raw\images\39123.jpg
18711,Women,Apparel,Bottomwear,Skirts,Brown,Fall,2011.0,Casual,Arrow Woman Printed Brown Skirt,Skirt,bottom,C:\Users\LENOVO\New folder\data\raw\images\18711.jpg
6983,Men,Apparel,Topwear,Tshirts,Purple,Summer,2011.0,Casual,s.Oliver Men's Polo Purple T-shirt,T-Shirt,top,C:\Users\LENOVO\New folder\data\raw\images\6983.jpg
23072,Men,Apparel,Bottomwear,Trousers,Navy Blue,Winter,2014.0,Formal,Arrow Men Navy Blue Solid Trousers,Trousers,bottom,C:\Users\LENOVO\New folder\data\raw\images\23072.jpg
25199,Women,Accessories,Bags,Handbags,Beige,Winter,2015.0,Casual,Lino Perros Women Leatherette Beige Handbag,Accessories,accessory,C:\Users\LENOVO\New folder\data\raw\images\25199.jpg
24455,Women,Footwear,Shoes,Sports Shoes,White,Summer,2012.0,Casual,Nike Women Court Majestic White Shoes,Sneakers,shoes,C:\Users\LENOVO\New folder\data\raw\images\24455.jpg
27929,Women,Apparel,Bottomwear,Trousers,Brown,Summer,2012.0,Casual,Scullers For Her Brown Trousers,Trousers,bottom,C:\Users\LENOVO\New folder\data\raw\images\27929.jpg
8974,Men,Footwear,Shoes,Sports Shoes,Black,Fall,2011.0,Sports,Puma Men Drift Cat III NM Black Sports Shoes,Sneakers,shoes,C:\Users\LENOVO\New folder\data\raw\images\8974.jpg
4267,Men,Footwear,Shoes,Sports Shoes,White,Summer,2011.0,Sports,Nike Men's Mercurial White Shoe,Sneakers,shoes,C:\Users\LENOVO\New folder\data\raw\images\4267.jpg
5287,Men,Footwear,Shoes,Casual Shoes,Brown,Summer,2011.0,Casual,Lee Cooper Men's Brown Semi Formal Shoe,Shoes,shoes,C:\Users\LENOVO\New folder\data\raw\images\5287.jpg
45415,Women,Footwear,Shoes,Flats,White,Winter,2012.0,Casual,Rocia Women White & Brown Sandals,Shoes,shoes,C:\Users\LENOVO\New folder\data\raw\images\45415.jpg
27025,Women,Apparel,Bottomwear,Jeans,Pink,Summer,2012.0,Casual,Jealous 21 Women Pink Jeans,Jeans,bottom,C:\Users\LENOVO\New folder\data\raw\images\27025.jpg
26258,Men,Apparel,Bottomwear,Track Pants,Charcoal,Summer,2012.0,Sports,Proline Men Charcoal Grey Track Pants,Trousers,bottom,C:\Users\LENOVO\New folder\data\raw\images\26258.jpg
8478,Women,Apparel,Topwear,Jackets,Blue,Fall,2011.0,Casual,Forever New Women Vintage Blue Jackets,Jacket,outerwear,C:\Users\LENOVO\New folder\data\raw\images\8478.jpg
41357,Men,Apparel,Bottomwear,Jeans,,Fall,2016.0,Casual,Wrangler Men Blue Millard Jeans,Jeans,bottom,C:\Users\LENOVO\New folder\data\raw\images\41357.jpg
34393,Men,Apparel,Topwear,Tshirts,Red,Summer,2012.0,Casual,Myntra Men Red Skull Gambling T-shirt,T-Shirt,top,C:\Users\LENOVO\New folder\data\raw\images\34393.jpg
27607,Men,Apparel,Bottomwear,Trousers,Cream,Summer,2012.0,Casual,Scullers Men Cream Trousers,Trousers,bottom,C:\Users\LENOVO\New folder\data\raw\images\27607.jpg
27913,Women,Apparel,Bottomwear,Trousers,Grey,Summer,2012.0,Formal,Scullers For Her Women Grey Trousers,Trousers,bottom,C:\Users\LENOVO\New folder\data\raw\images\27913.jpg
34854,Men,Footwear,Shoes,Casual Shoes,Black,Summer,2012.0,Casual,Vans Men Wylle Black Shoes,Shoes,shoes,C:\Users\LENOVO\New folder\data\raw\images\34854.jpg
19013,Women,Apparel,Topwear,Tshirts,Black,Summer,2011.0,Casual,ADIDAS Originals Women G Couple Black Tshirt,T-Shirt,top,C:\Users\LENOVO\New folder\data\raw\images\19013.jpg
59130,Men,Apparel,Topwear,Jackets,Black,Summer,2012.0,Casual,Just Natural Men Black Jacket,Jacket,outerwear,C:\Users\LENOVO\New folder\data\raw\images\59130.jpg
6884,Women,Apparel,Topwear,Jackets,Cream,Summer,2011.0,Casual,Forever New Women Ivory Cream Jacket,Jacket,outerwear,C:\Users\LENOVO\New folder\data\raw\images\6884.jpg
15013,Men,Apparel,Topwear,Jackets,Black,Fall,2011.0,Sports,ADIDAS Men Solid Black Jackets,Jacket,outerwear,C:\Users\LENOVO\New folder\data\raw\images\15013.jpg
59105,Men,Apparel,Topwear,Rain Jacket,Blue,Fall,2012.0,Casual,Just Natural Men Navy Blue Rain Jacket,Jacket,outerwear,C:\Users\LENOVO\New folder\data\raw\images\59105.jpg
44694,Women,Apparel,Dress,Dresses,White,Summer,2012.0,Casual,Wills Lifestyle Women Multi Coloured Dress,Dress,top,C:\Users\LENOVO\New folder\data\raw\images\44694.jpg
35777,Men,Footwear,Shoes,Sports Shoes,Black,Summer,2012.0,Sports,Force 10 Men Black & Green Sports Shoes,Sneakers,shoes,C:\Users\LENOVO\New folder\data\raw\images\35777.jpg
34598,Women,Apparel,Dress,Dresses,Black,Summer,2012.0,Casual,Tonga Women Printed Black Dress,Dress,top,C:\Users\LENOVO\New folder\data\raw\images\34598.jpg
13472,Women,Apparel,Dress,Dresses,White,Summer,2011.0,Casual,United Colors of Benetton Women Solid White Dress,Dress,top,C:\Users\LENOVO\New folder\data\raw\images\13472.jpg
22713,Women,Footwear,Shoes,Sports Shoes,Grey,Fall,2011.0,Sports,Nike Women Grey Air Max +2011 Sports Shoes,Sneakers,shoes,C:\Users\LENOVO\New folder\data\raw\images\22713.jpg
4937,Men,Apparel,Topwear,Tshirts,Grey,Summer,2011.0,Casual,Gini and Jony Boy's Kaden Grey Blue Kidswear,T-Shirt,top,C:\Users\LENOVO\New folder\data\raw\images\4937.jpg
18761,Women,Apparel,Topwear,Shirts,White,Fall,2011.0,Casual,Arrow Woman Aiyanna White Shirt,Shirt,top,C:\Users\LENOVO\New folder\data\raw\images\18761.jpg
31332,Men,Footwear,Shoes,Casual Shoes,Blue,Summer,2012.0,Casual,Franco Leone Men Blue Shoes,Shoes,shoes,C:\Users\LENOVO\New folder\data\raw\images\31332.jpg
52081,Men,Apparel,Topwear,Tshirts,Grey,Summer,2012.0,Casual,Myntra Men Grey & Red T-shirt,T-Shirt,top,C:\Users\LENOVO\New folder\data\raw\images\52081.jpg
8344,Men,Footwear,Shoes,Sports Shoes,White,Fall,2011.0,Sports,ADIDAS Men Derby II White Sports Shoes,Sneakers,shoes,C:\Users\LENOVO\New folder\data\raw\images\8344.jpg
46744,Women,Apparel,Bottomwear,Capris,Black,Summer,2012.0,Sports,Nike Women Black Capris,Trousers,bottom,C:\Users\LENOVO\New folder\data\raw\images\46744.jpg
19477,Men,Apparel,Topwear,Jackets,Blue,Summer,2012.0,Casual,Quiksilver Men Casual Blue Jacket,Jacket,outerwear,C:\Users\LENOVO\New folder\data\raw\images\19477.jpg
14766,Men,Apparel,Topwear,Shirts,Blue,Fall,2011.0,Formal,Arrow Men Stripes Blue Shirts,Shirt,top,C:\Users\LENOVO\New folder\data\raw\images\14766.jpg
43582,Boys,Apparel,Topwear,Shirts,White,Summer,2012.0,Casual,Gini and Jony Boys White Check Shirt,Shirt,top,C:\Users\LENOVO\New folder\data\raw\images\43582.jpg
47570,Women,Footwear,Shoes,Heels,Purple,Winter,2012.0,Casual,Portia Women Purple Flats,Shoes,shoes,C:\Users\LENOVO\New folder\data\raw\images\47570.jpg
19559,Men,Apparel,Topwear,Tshirts,Blue,Summer,2011.0,Casual,United Colors Of Benetton Men Blue T-shirt,T-Shirt,top,C:\Users\LENOVO\New folder\data\raw\images\19559.jpg
49631,Women,Apparel,Dress,Dresses,Cream,Summer,2012.0,Casual,Mineral Cream Dress,Dress,top,C:\Users\LENOVO\New folder\data\raw\images\49631.jpg
20230,Women,Apparel,Topwear,Sweaters,Grey,Fall,2011.0,Casual,Wrangler Women Fluro Grey Sweater,T-Shirt,top,C:\Users\LENOVO\New folder\data\raw\images\20230.jpg
7741,Men,Footwear,Shoes,Sports Shoes,Black,Fall,2011.0,Sports,Fila Men's Dna Lite Black Blue Shoe,Sneakers,shoes,C:\Users\LENOVO\New folder\data\raw\images\7741.jpg
52915,Women,Apparel,Saree,Sarees,White,Summer,2012.0,Ethnic,FNF Women Printed White Sari,Accessories,accessory,C:\Users\LENOVO\New folder\data\raw\images\52915.jpg
59992,Women,Apparel,Dress,Dresses,Black,Fall,2012.0,Casual,Avirate Black & White Dress,Dress,top,C:\Users\LENOVO\New folder\data\raw\images\59992.jpg
9902,Men,Apparel,Bottomwear,Jeans,Navy Blue,Fall,2011.0,Casual,Spykar Men Skinny Low Waist Tight Fit Blue Jeans,Jeans,bottom,C:\Users\LENOVO\New folder\data\raw\images\9902.jpg
18193,Men,Apparel,Bottomwear,Jeans,Blue,Fall,2011.0,Casual,Deni Yo Men Washed Blue Slim Fit Jeans,Jeans,bottom,C:\Users\LENOVO\New folder\data\raw\images\18193.jpg
35541,Girls,Footwear,Sandal,Sandals,Blue,Summer,2012.0,Casual,Enroute Kids Girls Blue Sandals,Shoes,shoes,C:\Users\LENOVO\New folder\data\raw\images\35541.jpg
57443,Women,Apparel,Topwear,Tshirts,Blue,Summer,2015.0,Casual,Angry Birds Women Blue T-shirt,T-Shirt,top,C:\Users\LENOVO\New folder\data\raw\images\57443.jpg
21113,Women,Apparel,Topwear,Tops,Blue,Fall,2011.0,Casual,s.Oliver Women Blue Top,T-Shirt,top,C:\Users\LENOVO\New folder\data\raw\images\21113.jpg
49635,Women,Apparel,Bottomwear,Skirts,Pink,Summer,2010.0,Casual,Mineral Women Pink Skirt,Skirt,bottom,C:\Users\LENOVO\New folder\data\raw\images\49635.jpg
46660,Men,Personal Care,Fragrance,Deodorant,Grey,Spring,2017.0,Casual,Rasasi Men Deo,Accessories,accessory,C:\Users\LENOVO\New folder\data\raw\images\46660.jpg
52045,Unisex,Apparel,Topwear,Rain Jacket,Black,Summer,2012.0,,Just Natural Unisex Black and Grey Reversible Rain Jacket,Jacket,outerwear,C:\Users\LENOVO\New folder\data\raw\images\52045.jpg
14000,Men,Apparel,Topwear,Jackets,Blue,Fall,2011.0,Sports,Nike Men Printed Blue Jackets,Jacket,outerwear,C:\Users\LENOVO\New folder\data\raw\images\14000.jpg
52044,Unisex,Apparel,Topwear,Rain Jacket,Black,Summer,2012.0,,Just Natural Unisex Black and Olive Reversible Rain Jacket,Jacket,outerwear,C:\Users\LENOVO\New folder\data\raw\images\52044.jpg
3920,Men,Apparel,Bottomwear,Track Pants,Beige,Summer,2011.0,Casual,Urban Yoga Men's Yoga Beige Track Pant,Trousers,bottom,C:\Users\LENOVO\New folder\data\raw\images\3920.jpg
20033,Women,Apparel,Topwear,Shirts,Lavender,Summer,2011.0,Casual,United Colors of Benetton Women Solid Lavender Shirt,Shirt,top,C:\Users\LENOVO\New folder\data\raw\images\20033.jpg
14466,Women,Footwear,Shoes,Heels,Taupe,Summer,2012.0,Casual,Enroute Women Casual Taupe Heels,Shoes,shoes,C:\Users\LENOVO\New folder\data\raw\images\14466.jpg
11791,Women,Apparel,Topwear,Kurtas,Navy Blue,Fall,2011.0,Ethnic,Vishudh Women Pigment Print Navy Blue Kurtas,Shirt,top,C:\Users\LENOVO\New folder\data\raw\images\11791.jpg
16225,Women,Apparel,Bottomwear,Capris,Black,Fall,2011.0,Ethnic,Puma Women Capri Sweat Black Capris,Trousers,bottom,C:\Users\LENOVO\New folder\data\raw\images\16225.jpg
2165,Men,Apparel,Topwear,Shirts,Blue,Summer,2011.0,Casual,Probase Men Check Blue Shirt,Shirt,top,C:\Users\LENOVO\New folder\data\raw\images\2165.jpg
7783,Men,Apparel,Bottomwear,Track Pants,Black,Fall,2011.0,Casual,Urban Yoga Men Dhauti Black Track Pant,Trousers,bottom,C:\Users\LENOVO\New folder\data\raw\images\7783.jpg
42091,Women,Footwear,Shoes,Sports Shoes,Black,Summer,2012.0,Sports,ADIDAS Women Black Adi LS Move Shoes,Sneakers,shoes,C:\Users\LENOVO\New folder\data\raw\images\42091.jpg
35970,Men,Apparel,Topwear,Tshirts,Black,Summer,2012.0,Casual,Flying Machine Men Tee Black T-shirt,T-Shirt,top,C:\Users\LENOVO\New folder\data\raw\images\35970.jpg
54524,Men,Footwear,Shoes,Sports Shoes,Black,Fall,2012.0,Sports,F Sports Men Black Zero Gravity Sports Shoes,Sneakers,shoes,C:\Users\LENOVO\New folder\data\raw\images\54524.jpg
57084,Women,Apparel,Bottomwear,Skirts,Blue,Summer,2012.0,Casual,Elle Women Blue Skirt,Skirt,bottom,C:\Users\LENOVO\New folder\data\raw\images\57084.jpg
13067,Men,Footwear,Shoes,Casual Shoes,White,Fall,2011.0,Casual,Numero Uno Men White Shoes,Shoes,shoes,C:\Users\LENOVO\New folder\data\raw\images\13067.jpg
6507,Men,Footwear,Shoes,Formal Shoes,Black,Winter,2018.0,Formal,Red Tape Men's Black Leather Formal Shoe,Shoes,shoes,C:\Users\LENOVO\New folder\data\raw\images\6507.jpg
54980,Women,Apparel,Dress,Dresses,Grey,Summer,2012.0,Casual,Femella Women Grey & Coral Dress,Dress,top,C:\Users\LENOVO\New folder\data\raw\images\54980.jpg
46605,Women,Footwear,Shoes,Flats,Beige,Winter,2015.0,Casual,Catwalk Women Beige Pumps,Shoes,shoes,C:\Users\LENOVO\New folder\data\raw\images\46605.jpg
13569,Men,Apparel,Innerwear,Innerwear Vests,Navy Blue,Summer,2016.0,Casual,Hanes Men Racer Back Navy Blue Innerwear Vests,Accessories,accessory,C:\Users\LENOVO\New folder\data\raw\images\13569.jpg
15674,Men,Apparel,Bottomwear,Jeans,Blue,Fall,2011.0,Casual,Highlander Men High Original Blue Jeans,Jeans,bottom,C:\Users\LENOVO\New folder\data\raw\images\15674.jpg
22705,Men,Footwear,Shoes,Casual Shoes,White,Fall,2011.0,Casual,Nike Men White Capri II Casual Shoe,Shoes,shoes,C:\Users\LENOVO\New folder\data\raw\images\22705.jpg
27300,Women,Apparel,Topwear,Kurtas,Purple,Fall,2011.0,Ethnic,Mother Earth Women Purple Printed Kurta,Shirt,top,C:\Users\LENOVO\New folder\data\raw\images\27300.jpg
43341,Men,Footwear,Shoes,Sports Shoes,Grey,Summer,2008.0,Sports,Reebok Men Realflex Optimal Grey Sports Shoe,Sneakers,shoes,C:\Users\LENOVO\New folder\data\raw\images\43341.jpg
5476,Women,Footwear,Shoes,Sports Shoes,White,Summer,2011.0,Sports,Nike Women's Air Max Moto White Shoe,Sneakers,shoes,C:\Users\LENOVO\New folder\data\raw\images\5476.jpg
48493,Women,Apparel,Bottomwear,Skirts,Black,Winter,2011.0,Casual,French Connection Women Black Skirt,Skirt,bottom,C:\Users\LENOVO\New folder\data\raw\images\48493.jpg
18733,Women,Apparel,Topwear,Tops,Black,Fall,2011.0,Casual,Arrow Woman Ann Black Top,T-Shirt,top,C:\Users\LENOVO\New folder\data\raw\images\18733.jpg
20113,Women,Apparel,Topwear,Kurtas,Gold,Fall,2011.0,Ethnic,Diva Women Gold Printed Kurta,Shirt,top,C:\Users\LENOVO\New folder\data\raw\images\20113.jpg
20208,Women,Apparel,Topwear,Jackets,Purple,Fall,2011.0,Casual,Wrangler Women Solid Purple Jacket,Jacket,outerwear,C:\Users\LENOVO\New folder\data\raw\images\20208.jpg
15870,Unisex,Footwear,Shoes,Casual Shoes,Blue,Spring,2013.0,Casual,Warner Bros Kids Unisex TJ Notebook Canvas Blue Casual Shoes,Shoes,shoes,C:\Users\LENOVO\New folder\data\raw\images\15870.jpg
8093,Men,Footwear,Shoes,Sports Shoes,White,Fall,2011.0,Sports,ADIDAS Men Barricade Team White Sports Shoes,Sneakers,shoes,C:\Users\LENOVO\New folder\data\raw\images\8093.jpg
57046,Women,Apparel,Dress,Dresses,Black,Summer,2012.0,Casual,Elle Women Black Sheath Dress,Dress,top,C:\Users\LENOVO\New folder\data\raw\images\57046.jpg
36733,Women,Apparel,Topwear,Tshirts,White,Summer,2012.0,Casual,Skypar Women White Printed T-shirt,T-Shirt,top,C:\Users\LENOVO\New folder\data\raw\images\36733.jpg
44983,Women,Accessories,Watches,Watches,Silver,Winter,2016.0,Casual,Maxima Women Silver Dial Watch,Accessories,accessory,C:\Users\LENOVO\New folder\data\raw\images\44983.jpg
26229,Men,Apparel,Topwear,Tshirts,Black,Summer,2012.0,Casual,Proline Men Striped Black & Grey Polo T-Shirt,T-Shirt,top,C:\Users\LENOVO\New folder\data\raw\images\26229.jpg
20760,Women,Footwear,Shoes,Heels,Black,Winter,2012.0,Casual,Carlton London Women Casual Black Wedges,Shoes,shoes,C:\Users\LENOVO\New folder\data\raw\images\20760.jpg
54128,Women,Footwear,Shoes,Heels,Silver,Winter,2012.0,Casual,Rocia Women Silver Heels,Shoes,shoes,C:\Users\LENOVO\New folder\data\raw\images\54128.jpg
53706,Women,Accessories,Bags,Handbags,Grey,Summer,2012.0,Casual,Kiara Women Grey Handbag,Accessories,accessory,C:\Users\LENOVO\New folder\data\raw\images\53706.jpg
2108,Men,Apparel,Bottomwear,Shorts,Black,Fall,2010.0,Sports,ADIDAS Men's Black Football Shorts,Trousers,bottom,C:\Users\LENOVO\New folder\data\raw\images\2108.jpg
37582,Girls,Apparel,Bottomwear,Shorts,White,Summer,2012.0,Casual,Madagascar3 Girls White Shorts,Trousers,bottom,C:\Users\LENOVO\New folder\data\raw\images\37582.jpg
28821,Men,Apparel,Bottomwear,Jeans,Navy Blue,Summer,2012.0,Casual,Denizen Men Navy Blue Jeans,Jeans,bottom,C:\Users\LENOVO\New folder\data\raw\images\28821.jpg
4833,Men,Apparel,Bottomwear,Track Pants,Navy Blue,Spring,2013.0,Sports,ADIDAS Men's Navy Blue White Track Pant,Trousers,bottom,C:\Users\LENOVO\New folder\data\raw\images\4833.jpg
13094,Men,Apparel,Topwear,Sweaters,Grey,Fall,2011.0,Casual,ADIDAS Men Badge P/O Grey Sweaters,T-Shirt,top,C:\Users\LENOVO\New folder\data\raw\images\13094.jpg
8480,Women,Apparel,Dress,Dresses,Cream,Fall,2011.0,Casual,Forever New Women Magnolia Cream Dress,Dress,top,C:\Users\LENOVO\New folder\data\raw\images\8480.jpg
44764,Men,Footwear,Shoes,Casual Shoes,Black,Summer,2012.0,Casual,Globalite Men Black Startech Shoes,Shoes,shoes,C:\Users\LENOVO\New folder\data\raw\images\44764.jpg
4847,Men,Apparel,Topwear,Jackets,Black,Summer,2011.0,Casual,ADIDAS Men Revo Black Jacket,Jacket,outerwear,C:\Users\LENOVO\New folder\data\raw\images\4847.jpg
24135,Men,Apparel,Topwear,Jackets,Black,Fall,2011.0,Casual,ADIDAS Men Black Jacket,Jacket,outerwear,C:\Users\LENOVO\New folder\data\raw\images\24135.jpg
59985,Women,Apparel,Dress,Dresses,Green,Fall,2012.0,Casual,Avirate Women Green Dress,Dress,top,C:\Users\LENOVO\New folder\data\raw\images\59985.jpg
48514,Women,Apparel,Topwear,Tops,Grey,Summer,2012.0,Casual,French Connection Women Grey Top,T-Shirt,top,C:\Users\LENOVO\New folder\data\raw\images\48514.jpg
2197,Men,Footwear,Shoes,Sports Shoes,White,Fall,2010.0,Sports,ADIDAS Men's Stripe White Run Shoe,Sneakers,shoes,C:\Users\LENOVO\New folder\data\raw\images\2197.jpg
35813,Women,Footwear,Shoes,Heels,Black,Summer,2012.0,Casual,Enroute Women Black Heels,Shoes,shoes,C:\Users\LENOVO\New folder\data\raw\images\35813.jpg
11800,Women,Apparel,Topwear,Kurtas,Black,Fall,2011.0,Ethnic,Vishudh Women Black Pigment Print Kurta,Shirt,top,C:\Users\LENOVO\New folder\data\raw\images\11800.jpg
19339,Men,Apparel,Topwear,Jackets,Black,Fall,2011.0,Casual,United Colors of Benetton Men Solid Black Jacket,Jacket,outerwear,C:\Users\LENOVO\New folder\data\raw\images\19339.jpg
53098,Women,Accessories,Jewellery,Earrings,Green,Winter,2016.0,Ethnic,Fabindia Maroon & Green Earrings,Accessories,accessory,C:\Users\LENOVO\New folder\data\raw\images\53098.jpg
54069,Men,Footwear,Flip Flops,Flip Flops,Navy Blue,Summer,2012.0,Casual,ADIDAS Men Navy Blue Flip Flops,Shoes,shoes,C:\Users\LENOVO\New folder\data\raw\images\54069.jpg
47246,Men,Footwear,Shoes,Casual Shoes,Green,Summer,2013.0,Casual,Playboy Men Green Casual Shoes,Shoes,shoes,C:\Users\LENOVO\New folder\data\raw\images\47246.jpg
43641,Women,Apparel,Topwear,Tops,Black,Summer,2012.0,Casual,Vero Moda Women Black Top,T-Shirt,top,C:\Users\LENOVO\New folder\data\raw\images\43641.jpg
53120,Women,Apparel,Topwear,Tshirts,Red,Summer,2012.0,Casual,Myntra Women Red T-shirt,T-Shirt,top,C:\Users\LENOVO\New folder\data\raw\images\53120.jpg
49407,Men,Footwear,Shoes,Casual Shoes,Brown,Summer,2012.0,Casual,Vans Men Brown Shoes,Shoes,shoes,C:\Users\LENOVO\New folder\data\raw\images\49407.jpg
5398,Men,Footwear,Shoes,Sports Shoes,Grey,,2011.0,Sports,Quechua Arpenaz Flex Novadry Grey,Sneakers,shoes,C:\Users\LENOVO\New folder\data\raw\images\5398.jpg
38847,Women,Apparel,Dress,Dresses,White,Summer,2012.0,Casual,Latin Quarters Women White & Blue Printed Dress,Dress,top,C:\Users\LENOVO\New folder\data\raw\images\38847.jpg
52026,Unisex,Apparel,Topwear,Rain Jacket,Grey,Summer,2012.0,,Just Natural Unisex Grey Rain Jacket,Jacket,outerwear,C:\Users\LENOVO\New folder\data\raw\images\52026.jpg
2276,Men,Apparel,Topwear,Tshirts,Blue,Fall,2010.0,Sports,Nike Mens Challenger Graphic Blue T-shirt,T-Shirt,top,C:\Users\LENOVO\New folder\data\raw\images\2276.jpg
4932,Women,Apparel,Dress,Dresses,Blue,Summer,2011.0,Casual,Gini and Jony Girl's Valerie Blue White Infant Kidswear,Dress,top,C:\Users\LENOVO\New folder\data\raw\images\4932.jpg
3811,Boys,Apparel,Topwear,Tshirts,Red,Summer,2011.0,Casual,Disney Kids Boy's Pooh And Tiger Red Kidswear,T-Shirt,top,C:\Users\LENOVO\New folder\data\raw\images\3811.jpg
13108,Men,Apparel,Bottomwear,Track Pants,Blue,Fall,2011.0,Sports,ADIDAS Men Pant Climalite Blue Track Pants,Trousers,bottom,C:\Users\LENOVO\New folder\data\raw\images\13108.jpg
15632,Women,Apparel,Bottomwear,Track Pants,Black,Summer,2012.0,Sports,Nike Women AS Regular DF Cotton Black Track Pants,Trousers,bottom,C:\Users\LENOVO\New folder\data\raw\images\15632.jpg
38146,Unisex,Accessories,Headwear,Caps,Grey,Summer,2012.0,Casual,Wildcraft Unisex Grey Beanie,Accessories,accessory,C:\Users\LENOVO\New folder\data\raw\images\38146.jpg
15673,Men,Apparel,Bottomwear,Jeans,Blue,Fall,2011.0,Casual,Highlander Men High Original Blue Jeans,Jeans,bottom,C:\Users\LENOVO\New folder\data\raw\images\15673.jpg
43254,Women,Apparel,Topwear,Kurtas,Pink,Summer,2012.0,Ethnic,Aneri Women Pink Kurta,Shirt,top,C:\Users\LENOVO\New folder\data\raw\images\43254.jpg
40430,Women,Apparel,Dress,Dresses,Grey,Summer,2012.0,Casual,Tonga Women Grey Dress,Dress,top,C:\Users\LENOVO\New folder\data\raw\images\40430.jpg
55909,Women,Personal Care,Nails,Nail Polish,Black,Spring,2017.0,Casual,Colorbar Night Fiery Nail Lacquer 75,Accessories,accessory,C:\Users\LENOVO\New folder\data\raw\images\55909.jpg
50946,Women,Apparel,Bottomwear,Jeans,Blue,Winter,2011.0,Casual,Lee Womens Blue Roxy Fit Jeans,Jeans,bottom,C:\Users\LENOVO\New folder\data\raw\images\50946.jpg
11146,Men,Apparel,Topwear,Shirts,Purple,Fall,2011.0,Casual,Indigo Nation Men Bling Purple Shirts,Shirt,top,C:\Users\LENOVO\New folder\data\raw\images\11146.jpg
6483,Men,Footwear,Shoes,Formal Shoes,Black,Winter,2018.0,Formal,Red Tape Men's Formal Lace Black Shoe,Shoes,shoes,C:\Users\LENOVO\New folder\data\raw\images\6483.jpg
58510,Women,Apparel,Dress,Dresses,White,Fall,2012.0,Casual,Tonga White & Black Animal Print Dress,Dress,top,C:\Users\LENOVO\New folder\data\raw\images\58510.jpg
19243,Men,Apparel,Topwear,Jackets,Red,Fall,2011.0,Casual,Puma Men Padded Vest Red Jacket,Jacket,outerwear,C:\Users\LENOVO\New folder\data\raw\images\19243.jpg
39906,Men,Footwear,Shoes,Sports Shoes,White,Summer,2012.0,Sports,ADIDAS Men White Phantom Sports Shoes,Sneakers,shoes,C:\Users\LENOVO\New folder\data\raw\images\39906.jpg
56004,Women,Personal Care,Lips,Lipstick,Pink,Spring,2017.0,Casual,Colorbar Velvet Matte Peach Tango Lipstick 09P,Accessories,accessory,C:\Users\LENOVO\New folder\data\raw\images\56004.jpg
8816,Men,Apparel,Topwear,Shirts,Blue,Fall,2011.0,Casual,Spykar Men Ranger Blue Navy Checks Shirts,Shirt,top,C:\Users\LENOVO\New folder\data\raw\images\8816.jpg
42024,Men,Footwear,Shoes,Sports Shoes,Navy Blue,Summer,2012.0,Sports,ADIDAS Men Navy Blue Sukoi Shoes,Sneakers,shoes,C:\Users\LENOVO\New folder\data\raw\images\42024.jpg
24343,Men,Apparel,Topwear,Tshirts,White,Summer,2012.0,Casual,ADIDAS Men White Printed T-shirt,T-Shirt,top,C:\Users\LENOVO\New folder\data\raw\images\24343.jpg
38154,Men,Apparel,Topwear,Jackets,Black,Summer,2012.0,Casual,Wildcraft Men Black Husky Jacket,Jacket,outerwear,C:\Users\LENOVO\New folder\data\raw\images\38154.jpg
49636,Women,Apparel,Bottomwear,Skirts,Blue,Summer,2012.0,Casual,Mineral Blue & White Skirt,Skirt,bottom,C:\Users\LENOVO\New folder\data\raw\images\49636.jpg
11301,Women,Apparel,Bottomwear,Jeans,Blue,Fall,2011.0,Casual,Wrangler Women Blue Custom Jeans,Jeans,bottom,C:\Users\LENOVO\New folder\data\raw\images\11301.jpg
27275,Women,Apparel,Topwear,Kurtas,Black,Fall,2011.0,Ethnic,Mother Earth Women Black Kurta,Shirt,top,C:\Users\LENOVO\New folder\data\raw\images\27275.jpg
33663,Men,Footwear,Sandal,Sandals,Brown,Summer,2012.0,Casual,Lotto Men Caesar Cross Brown Sandals,Shoes,shoes,C:\Users\LENOVO\New folder\data\raw\images\33663.jpg
33815,Men,Apparel,Bottomwear,Trousers,Black,Summer,2012.0,Formal,Van Heusen Men Classic Pleated Black Trousers,Trousers,bottom,C:\Users\LENOVO\New folder\data\raw\images\33815.jpg
34520,Women,Footwear,Shoes,Flats,Purple,Summer,2012.0,Casual,ADIDAS Women Ballerina Purple Shoes,Shoes,shoes,C:\Users\LENOVO\New folder\data\raw\images\34520.jpg
7683,Men,Apparel,Topwear,Jackets,Black,Fall,2011.0,Sports,Puma Men Windbreaker Black Ferrari Jacket,Jacket,outerwear,C:\Users\LENOVO\New folder\data\raw\images\7683.jpg
2786,Men,Apparel,Topwear,Tshirts,White,Summer,2011.0,Casual,Ediots Men's Mehenat Ka Fal White T-shirt,T-Shirt,top,C:\Users\LENOVO\New folder\data\raw\images\2786.jpg
59131,Men,Apparel,Topwear,Jackets,Brown,Summer,2012.0,Casual,Just Natural Men Brown Jacket,Jacket,outerwear,C:\Users\LENOVO\New folder\data\raw\images\59131.jpg
48110,Women,Apparel,Bottomwear,Shorts,Red,Summer,2012.0,Casual,French Connection Women Red Shorts,Trousers,bottom,C:\Users\LENOVO\New folder\data\raw\images\48110.jpg
54570,Women,Apparel,Topwear,Kurtas,Red,Summer,2012.0,Ethnic,Sushilas Women Printed Red Kurta,Shirt,top,C:\Users\LENOVO\New folder\data\raw\images\54570.jpg
52129,Boys,Apparel,Topwear,Tshirts,White,Summer,2012.0,Casual,Doodle Boys white Printed T-Shirt,T-Shirt,top,C:\Users\LENOVO\New folder\data\raw\images\52129.jpg
21813,Men,Accessories,Wallets,Wallets,Black,Winter,2016.0,Casual,Fossil Men Evans Zippass case Black Wallet,Accessories,accessory,C:\Users\LENOVO\New folder\data\raw\images\21813.jpg
50026,Women,Apparel,Bottomwear,Leggings,Maroon,Winter,2015.0,Casual,Hanes Women Maroon ComfortSoft Waistband Cotton Stretch Full Leggings,Trousers,bottom,C:\Users\LENOVO\New folder\data\raw\images\50026.jpg
29689,Men,Apparel,Bottomwear,Shorts,Blue,Summer,2012.0,Casual,Indigo Nation Men Check Blue Shorts,Trousers,bottom,C:\Users\LENOVO\New folder\data\raw\images\29689.jpg
47658,Women,Apparel,Bottomwear,Skirts,Purple,Summer,2012.0,Casual,Femella Women Purple & Black Skirt,Skirt,bottom,C:\Users\LENOVO\New folder\data\raw\images\47658.jpg
18169,Girls,Apparel,Dress,Dresses,Pink,Fall,2011.0,Casual,Doodle Kids Girls Party Frock Pink Dress,Dress,top,C:\Users\LENOVO\New folder\data\raw\images\18169.jpg
39760,Women,Apparel,Bottomwear,Trousers,Black,Summer,2012.0,Casual,Arrow Woman Black Trousers,Trousers,bottom,C:\Users\LENOVO\New folder\data\raw\images\39760.jpg
8580,Men,Apparel,Topwear,Waistcoat,Grey,Fall,2011.0,Casual,Scullers Men  Grey Waistcoat,Accessories,accessory,C:\Users\LENOVO\New folder\data\raw\images\8580.jpg
39946,Men,Footwear,Shoes,Casual Shoes,Beige,Summer,2013.0,Casual,Gas Men Sahar Beige Shoes,Shoes,shoes,C:\Users\LENOVO\New folder\data\raw\images\39946.jpg
48407,Men,Apparel,Topwear,Tshirts,Brown,Summer,2012.0,Casual,French Connection Men Brown Printed T-shirt,T-Shirt,top,C:\Users\LENOVO\New folder\data\raw\images\48407.jpg
38838,Women,Apparel,Dress,Dresses,Pink,Fall,2012.0,Casual,Latin Quarters Women Pink & Black Printed Dress,Dress,top,C:\Users\LENOVO\New folder\data\raw\images\38838.jpg
6977,Men,Apparel,Bottomwear,Shorts,Green,Summer,2011.0,Casual,s.Oliver Men Pin Striped Olive Green Cargo Shorts,Trousers,bottom,C:\Users\LENOVO\New folder\data\raw\images\6977.jpg
8877,Men,Apparel,Topwear,Shirts,White,Fall,2011.0,Casual,Regent Polo Club Men White Shirt,Shirt,top,C:\Users\LENOVO\New folder\data\raw\images\8877.jpg
26436,Women,Accessories,Bags,Handbags,Brown,Winter,2015.0,Casual,Spice Art Women Leatherette Brown Handbag,Accessories,accessory,C:\Users\LENOVO\New folder\data\raw\images\26436.jpg
5004,Women,Apparel,Bottomwear,Skirts,Blue,Summer,2011.0,Casual,Gini and Jony Girl's Delma Blue Kidswear,Skirt,bottom,C:\Users\LENOVO\New folder\data\raw\images\5004.jpg
4228,Men,Apparel,Topwear,Tshirts,Maroon,Summer,2011.0,Casual,Probase Men's Outdoor Event Maroon Tshirt,T-Shirt,top,C:\Users\LENOVO\New folder\data\raw\images\4228.jpg
6863,Women,Apparel,Bottomwear,Capris,Black,Summer,2011.0,Ethnic,Forever New Women Length Legging Black Capri,Trousers,bottom,C:\Users\LENOVO\New folder\data\raw\images\6863.jpg
18712,Women,Apparel,Bottomwear,Skirts,Black,Fall,2011.0,Formal,Arrow Women Solid Black Skirt,Skirt,bottom,C:\Users\LENOVO\New folder\data\raw\images\18712.jpg
39071,Men,Apparel,Topwear,Shirts,Blue,Summer,2012.0,Casual,Arrow Sport Men Blue & White Check Shirt,Shirt,top,C:\Users\LENOVO\New folder\data\raw\images\39071.jpg
44633,Women,Apparel,Topwear,Tshirts,Magenta,Summer,2012.0,Sports,Nike Women Magenta T-shirt,T-Shirt,top,C:\Users\LENOVO\New folder\data\raw\images\44633.jpg
59121,Men,Apparel,Topwear,Jackets,Black,Summer,2012.0,Casual,Just Natural Men Black Jacket,Jacket,outerwear,C:\Users\LENOVO\New folder\data\raw\images\59121.jpg
30926,Women,Apparel,Bottomwear,Skirts,Blue,Summer,2012.0,Ethnic,Fabindia Women Blue Ghera Crinkle Skirt,Skirt,bottom,C:\Users\LENOVO\New folder\data\raw\images\30926.jpg
26821,Men,Apparel,Bottomwear,Trousers,Brown,Summer,2012.0,Casual,Highlander Men Brown Trousers,Trousers,bottom,C:\Users\LENOVO\New folder\data\raw\images\26821.jpg
53675,Women,Accessories,Bags,Handbags,Purple,Summer,2012.0,Casual,Kiara Women Purple Handbag,Accessories,accessory,C:\Users\LENOVO\New folder\data\raw\images\53675.jpg
8082,Men,Footwear,Shoes,Sports Shoes,Black,Fall,2011.0,Sports,ADIDAS Men Predito Trx HG Black Sports Shoes,Sneakers,shoes,C:\Users\LENOVO\New folder\data\raw\images\8082.jpg
5537,Men,Footwear,Shoes,Sports Shoes,Black,Summer,2011.0,Sports,Nike Men's Free Black White Shoe,Sneakers,shoes,C:\Users\LENOVO\New folder\data\raw\images\5537.jpg
13451,Women,Apparel,Topwear,Shirts,Pink,Summer,2011.0,Casual,United Colors of Benetton Women Check Pink Shirts,Shirt,top,C:\Users\LENOVO\New folder\data\raw\images\13451.jpg
50963,Women,Apparel,Bottomwear,Jeans,Blue,Summer,2013.0,Casual,Lee Womens Blue Jeggings,Jeans,bottom,C:\Users\LENOVO\New folder\data\raw\images\50963.jpg
30410,Men,Apparel,Bottomwear,Jeans,Blue,Summer,2012.0,Casual,Deni Yo Men Slim Fit Washed Blue Jeans,Jeans,bottom,C:\Users\LENOVO\New folder\data\raw\images\30410.jpg
56666,Men,Footwear,Shoes,Casual Shoes,Grey,Summer,2012.0,Casual,United Colors Of Benetton Men Grey Shoes,Shoes,shoes,C:\Users\LENOVO\New folder\data\raw\images\56666.jpg
57506,Men,Footwear,Sandal,Sandals,Brown,Summer,2013.0,Casual,Lee Cooper Men Brown Sandals,Shoes,shoes,C:\Users\LENOVO\New folder\data\raw\images\57506.jpg
43694,Girls,Apparel,Dress,Dresses,Navy Blue,Summer,2012.0,Casual,Doodle Girls Navy Blue Dress,Dress,top,C:\Users\LENOVO\New folder\data\raw\images\43694.jpg
44625,Men,Apparel,Bottomwear,Shorts,Black,Summer,2012.0,Sports,Nike Men Black Shorts,Trousers,bottom,C:\Users\LENOVO\New folder\data\raw\images\44625.jpg
38836,Women,Apparel,Dress,Dresses,Blue,Summer,2012.0,Casual,Latin Quarters Women Blue Dress,Dress,top,C:\Users\LENOVO\New folder\data\raw\images\38836.jpg
57086,Women,Apparel,Bottomwear,Skirts,Pink,Summer,2012.0,Casual,Elle Women Pink Vintage Skirt,Skirt,bottom,C:\Users\LENOVO\New folder\data\raw\images\57086.jpg
22798,Men,Apparel,Bottomwear,Shorts,White,Fall,2011.0,Casual,Manchester United Men White Shorts,Trousers,bottom,C:\Users\LENOVO\New folder\data\raw\images\22798.jpg
23873,Men,Apparel,Topwear,Tshirts,Blue,Fall,2011.0,Casual,ADIDAS Men Blue T-shirt,T-Shirt,top,C:\Users\LENOVO\New folder\data\raw\images\23873.jpg
33246,Men,Apparel,Topwear,Shirts,Lavender,Spring,2013.0,Formal,Arrow Men Lavender Unstainable Slim Fit Shirt,Shirt,top,C:\Users\LENOVO\New folder\data\raw\images\33246.jpg
26480,Men,Apparel,Topwear,Tshirts,Red,Summer,2012.0,Casual,Puma Men Ferrari Red Polo T-shirt,T-Shirt,top,C:\Users\LENOVO\New folder\data\raw\images\26480.jpg
18517,Men,Apparel,Topwear,Jackets,Black,Fall,2011.0,Casual,C Vox Men Ribstop 1348 Black Jacket,Jacket,outerwear,C:\Users\LENOVO\New folder\data\raw\images\18517.jpg
11241,Women,Apparel,Bottomwear,Jeans,Grey,Fall,2011.0,Casual,Flying Machine Women Veron Grey Jeans,Jeans,bottom,C:\Users\LENOVO\New folder\data\raw\images\11241.jpg
46894,Men,Apparel,Bottomwear,Jeans,Blue,Summer,2012.0,Casual,Locomotive Men Blue Jeans,Jeans,bottom,C:\Users\LENOVO\New folder\data\raw\images\46894.jpg
8495,Women,Apparel,Bottomwear,Skirts,Blue,Fall,2011.0,Casual,Forever New Women Cornflower Blue Skirts,Skirt,bottom,C:\Users\LENOVO\New folder\data\raw\images\8495.jpg
46595,Women,Footwear,Shoes,Heels,Pink,Spring,2013.0,Casual,Catwalk Women Pink Flats,Shoes,shoes,C:\Users\LENOVO\New folder\data\raw\images\46595.jpg
56086,Women,Personal Care,Lips,Lip Gloss,Brown,Spring,2017.0,Casual,ColorBar Star Shine Chai Lip Gloss 07,Accessories,accessory,C:\Users\LENOVO\New folder\data\raw\images\56086.jpg
41827,Women,Footwear,Shoes,Sports Shoes,White,Summer,2012.0,Sports,Skechers Women White Sports Shoes,Sneakers,shoes,C:\Users\LENOVO\New folder\data\raw\images\41827.jpg
44730,Women,Footwear,Flip Flops,Flip Flops,Grey,Summer,2012.0,Casual,Globalite Women Black Flip Flops,Shoes,shoes,C:\Users\LENOVO\New folder\data\raw\images\44730.jpg
42113,Men,Apparel,Bottomwear,Track Pants,Navy Blue,Summer,2012.0,Sports,ADIDAS Men Navy Blue Track Pants,Trousers,bottom,C:\Users\LENOVO\New folder\data\raw\images\42113.jpg
52155,Women,Apparel,Dress,Dresses,Purple,Summer,2012.0,Casual,Femella Women Purple Color Block Dress,Dress,top,C:\Users\LENOVO\New folder\data\raw\images\52155.jpg
41159,Women,Apparel,Bottomwear,Shorts,Black,Summer,2012.0,Casual,Allen Solly Woman Black Shorts,Trousers,bottom,C:\Users\LENOVO\New folder\data\raw\images\41159.jpg
31944,Women,Footwear,Shoes,Sports Shoes,White,Summer,2012.0,Sports,Nike Women Court Shuttle IV White Sports Shoes,Sneakers,shoes,C:\Users\LENOVO\New folder\data\raw\images\31944.jpg
5350,Men,Footwear,Shoes,Sports Shoes,White,Fall,2011.0,Sports,Artengo Artengo 522c Man Synthe,Sneakers,shoes,C:\Users\LENOVO\New folder\data\raw\images\5350.jpg
6886,Women,Apparel,Topwear,Jackets,Black,Summer,2011.0,Casual,Forever New Women Puff Sleeve Tux Black Jacket,Jacket,outerwear,C:\Users\LENOVO\New folder\data\raw\images\6886.jpg
47668,Women,Accessories,Scarves,Scarves,Blue,Summer,2012.0,Casual,Femella Women Blue & White Scarf,Accessories,accessory,C:\Users\LENOVO\New folder\data\raw\images\47668.jpg
47049,Women,Apparel,Bottomwear,Salwar,Purple,Fall,2012.0,Ethnic,Shree Women Red & Blue Jodhpuri Salwar,Accessories,accessory,C:\Users\LENOVO\New folder\data\raw\images\47049.jpg
41397,Men,Apparel,Topwear,Shirts,Blue,Summer,2012.0,Casual,Wrangler Men Blue Check Shirt,Shirt,top,C:\Users\LENOVO\New folder\data\raw\images\41397.jpg
27015,Women,Apparel,Bottomwear,Jeans,White,Summer,2012.0,Casual,Jealous 21 Women White Jeans,Jeans,bottom,C:\Users\LENOVO\New folder\data\raw\images\27015.jpg
19307,Men,Footwear,Shoes,Sports Shoes,Silver,Fall,2011.0,Sports,Nike Men Air Citius 2+ MSL White Sports Shoes,Sneakers,shoes,C:\Users\LENOVO\New folder\data\raw\images\19307.jpg
46803,Men,Footwear,Shoes,Sports Shoes,White,Summer,2012.0,Sports,Nike Men White Sports Shoes,Sneakers,shoes,C:\Users\LENOVO\New folder\data\raw\images\46803.jpg
43655,Women,Apparel,Dress,Jumpsuit,Multi,Summer,2012.0,Casual,ONLY Women Multi Coloured Short Jumpsuit,Dress,top,C:\Users\LENOVO\New folder\data\raw\images\43655.jpg
13350,Women,Apparel,Bottomwear,Jeans,Blue,Fall,2011.0,Casual,Spykar Blue Washed Jeans,Jeans,bottom,C:\Users\LENOVO\New folder\data\raw\images\13350.jpg
7106,Unisex,Accessories,Bags,Backpacks,Black,Winter,2015.0,Casual,Wildcraft Unisex Black Backpack,Accessories,accessory,C:\Users\LENOVO\New folder\data\raw\images\7106.jpg
40165,Men,Accessories,Eyewear,Sunglasses,Grey,Winter,2016.0,Casual,Fastrack Men Black UV Protected Sporty Sunglasses,Accessories,accessory,C:\Users\LENOVO\New folder\data\raw\images\40165.jpg
41010,Girls,Apparel,Bottomwear,Jeans,Navy Blue,Summer,2012.0,Casual,Gini and Jony Girls Woven Navy Blue Jeans,Jeans,bottom,C:\Users\LENOVO\New folder\data\raw\images\41010.jpg
13234,Men,Apparel,Topwear,Tshirts,Blue,Fall,2011.0,Casual,Palm Tree Kids Boys Stripes Blue Tshirts,T-Shirt,top,C:\Users\LENOVO\New folder\data\raw\images\13234.jpg
13198,Men,Footwear,Shoes,Sports Shoes,Blue,Fall,2011.0,Sports,ASICS Men Gel DS Sky Speed 2 Running Blue Sports Shoes,Sneakers,shoes,C:\Users\LENOVO\New folder\data\raw\images\13198.jpg
12808,Men,Apparel,Topwear,Jackets,Blue,Fall,2011.0,Sports,Nike Men Zip Pocket Blue Jackets,Jacket,outerwear,C:\Users\LENOVO\New folder\data\raw\images\12808.jpg
33656,Men,Footwear,Sandal,Sandals,Black,Summer,2012.0,Casual,Lotto Men Black Zeus Sandals,Shoes,shoes,C:\Users\LENOVO\New folder\data\raw\images\33656.jpg
39145,Women,Apparel,Apparel Set,Kurta Sets,Multi,Summer,2012.0,Ethnic,Aneri Women Multi Coloured Salwar Suit,Accessories,accessory,C:\Users\LENOVO\New folder\data\raw\images\39145.jpg
36828,Women,Apparel,Topwear,Kurtas,Maroon,Summer,2012.0,Ethnic,Vishudh Women Maroon Kurta,Shirt,top,C:\Users\LENOVO\New folder\data\raw\images\36828.jpg
7364,Men,Footwear,Shoes,Casual Shoes,Brown,Winter,2018.0,Casual,Red Tape Men's Brown casual Shoe,Shoes,shoes,C:\Users\LENOVO\New folder\data\raw\images\7364.jpg
7244,Men,Footwear,Shoes,Formal Shoes,Black,Fall,2011.0,Formal,Rockport Men's Allander Black Shoe,Shoes,shoes,C:\Users\LENOVO\New folder\data\raw\images\7244.jpg
22114,Men,Footwear,Shoes,Casual Shoes,White,Fall,2011.0,Casual,Reebok Men Mowa White Casual Shoes,Shoes,shoes,C:\Users\LENOVO\New folder\data\raw\images\22114.jpg
18713,Women,Apparel,Bottomwear,Skirts,Grey,Fall,2011.0,Formal,Arrow Woman Solid Grey Skirt,Skirt,bottom,C:\Users\LENOVO\New folder\data\raw\images\18713.jpg
39622,Men,Footwear,Shoes,Sports Shoes,White,Summer,2012.0,Sports,Nike Men Air Impel Leather Sports Shoes,Sneakers,shoes,C:\Users\LENOVO\New folder\data\raw\images\39622.jpg
2111,Women,Apparel,Bottomwear,Track Pants,Black,Fall,2010.0,Sports,ADIDAS Women's Sunset Lycra Fit Track Pants,Trousers,bottom,C:\Users\LENOVO\New folder\data\raw\images\2111.jpg
57083,Women,Apparel,Bottomwear,Skirts,Blue,Summer,2012.0,Casual,Elle Women Blue Skirt,Skirt,bottom,C:\Users\LENOVO\New folder\data\raw\images\57083.jpg
30121,Men,Apparel,Topwear,Tshirts,Grey,Summer,2012.0,Casual,Flying Machine Men Grey Polo T-shirt,T-Shirt,top,C:\Users\LENOVO\New folder\data\raw\images\30121.jpg
59353,Women,Apparel,Topwear,Kurtas,Orange,Summer,2012.0,Ethnic,Vishudh Women Orange Printed  Kurta,Shirt,top,C:\Users\LENOVO\New folder\data\raw\images\59353.jpg
7036,Men,Footwear,Shoes,Casual Shoes,Blue,Summer,2011.0,Casual,Numero Uno Men's Blue Navy Grey Shoe,Shoes,shoes,C:\Users\LENOVO\New folder\data\raw\images\7036.jpg
41563,Women,Apparel,Dress,Dresses,Grey,Summer,2012.0,Casual,AND Women Grey Dress,Dress,top,C:\Users\LENOVO\New folder\data\raw\images\41563.jpg
5847,Men,Apparel,Topwear,Tshirts,Black,Summer,2011.0,Casual,Puma Men's Summer Graphic Black T-shirt,T-Shirt,top,C:\Users\LENOVO\New folder\data\raw\images\5847.jpg
32410,Women,Apparel,Bottomwear,Leggings,Blue,Summer,2012.0,Sports,ADIDAS Women Blue Leggings,Trousers,bottom,C:\Users\LENOVO\New folder\data\raw\images\32410.jpg
30734,Men,Apparel,Bottomwear,Churidar,White,Summer,2012.0,Ethnic,Fabindia Men White Churidar,Accessories,accessory,C:\Users\LENOVO\New folder\data\raw\images\30734.jpg
4773,Women,Apparel,Bottomwear,Capris,Blue,Summer,2011.0,Sports,ADIDAS Women 3S Blue Capri,Trousers,bottom,C:\Users\LENOVO\New folder\data\raw\images\4773.jpg
54540,Men,Footwear,Shoes,Sports Shoes,Grey,Fall,2012.0,Sports,F Sports Men Grey Gravity Sports Shoes,Sneakers,shoes,C:\Users\LENOVO\New folder\data\raw\images\54540.jpg
46215,Men,Footwear,Shoes,Sports Shoes,Orange,Summer,2012.0,Sports,ADIDAS Men Orange Sports Shoes,Sneakers,shoes,C:\Users\LENOVO\New folder\data\raw\images\46215.jpg
41786,Women,Apparel,Dress,Dresses,Black,Summer,2012.0,Casual,Remanika Women Black Dress,Dress,top,C:\Users\LENOVO\New folder\data\raw\images\41786.jpg
3310,Women,Footwear,Shoes,Sports Shoes,White,Spring,2011.0,Sports,Asics Women Gel Cushioning White Pink Lime Shoe,Sneakers,shoes,C:\Users\LENOVO\New folder\data\raw\images\3310.jpg
25160,Women,Accessories,Bags,Handbags,Black,Winter,2015.0,Casual,Lino Perros Women Leatherite Black Handbag,Accessories,accessory,C:\Users\LENOVO\New folder\data\raw\images\25160.jpg
10773,Women,Accessories,Bags,Handbags,Red,Winter,2016.0,Casual,Fastrack Red Printed Tote Bag,Accessories,accessory,C:\Users\LENOVO\New folder\data\raw\images\10773.jpg
17730,Men,Footwear,Shoes,Casual Shoes,Black,Fall,2011.0,Casual,Puma Men Black Unlimited Hi Evo Lux Sneakers,Shoes,shoes,C:\Users\LENOVO\New folder\data\raw\images\17730.jpg
10287,Women,Footwear,Shoes,Flats,Silver,Winter,2013.0,Casual,Clarks Women Leather Silver Flats,Shoes,shoes,C:\Users\LENOVO\New folder\data\raw\images\10287.jpg
18748,Women,Apparel,Topwear,Tops,Beige,Fall,2011.0,Casual,Arrow Woman Beige Top,T-Shirt,top,C:\Users\LENOVO\New folder\data\raw\images\18748.jpg
55853,Women,Personal Care,Nails,Nail Polish,Red,Spring,2017.0,Casual,Colorbar Pro Berry Nice Nail Lacquer 029,Accessories,accessory,C:\Users\LENOVO\New folder\data\raw\images\55853.jpg
31474,Men,Apparel,Bottomwear,Trousers,Brown,Fall,2012.0,Casual,Black Coffee  Brown Formal Trousers,Trousers,bottom,C:\Users\LENOVO\New folder\data\raw\images\31474.jpg
29172,Girls,Apparel,Bottomwear,Skirts,Pink,Summer,2012.0,Casual,United Colors of Benetton Kids Girls Printed Pink Skirt,Skirt,bottom,C:\Users\LENOVO\New folder\data\raw\images\29172.jpg
59968,Women,Apparel,Dress,Dresses,Black,Fall,2012.0,Party,Avirate Women Black Dress,Dress,top,C:\Users\LENOVO\New folder\data\raw\images\59968.jpg
22608,Men,Apparel,Topwear,Jackets,Navy Blue,Fall,2011.0,Sports,Nike Men Solid Navy Blue Jacket,Jacket,outerwear,C:\Users\LENOVO\New folder\data\raw\images\22608.jpg
11878,Men,Footwear,Shoes,Formal Shoes,Black,Summer,2012.0,Formal,Franco Leone Men Formal Black Formal Shoes,Shoes,shoes,C:\Users\LENOVO\New folder\data\raw\images\11878.jpg
5003,Women,Apparel,Bottomwear,Shorts,Blue,Summer,2011.0,Casual,Gini and Jony Girl's Arella Blue Kidswear,Trousers,bottom,C:\Users\LENOVO\New folder\data\raw\images\5003.jpg
22041,Women,Apparel,Topwear,Kurtas,Cream,Fall,2011.0,Ethnic,Vishudh Women Printed Cream Kurta,Shirt,top,C:\Users\LENOVO\New folder\data\raw\images\22041.jpg
10713,Women,Apparel,Bottomwear,Capris,Blue,Winter,2011.0,Sports,Nike Women Blue Dri-Fit Capris,Trousers,bottom,C:\Users\LENOVO\New folder\data\raw\images\10713.jpg
33970,Women,Apparel,Dress,Dresses,Navy Blue,Summer,2012.0,Casual,Femella Women Navy Blue Dress,Dress,top,C:\Users\LENOVO\New folder\data\raw\images\33970.jpg
22917,Men,Footwear,Shoes,Casual Shoes,Blue,Fall,2011.0,Casual,Nike Men Blue Flyclave LTR Casual Shoes,Shoes,shoes,C:\Users\LENOVO\New folder\data\raw\images\22917.jpg
14583,Women,Apparel,Topwear,Tops,Grey,Fall,2011.0,Casual,United Colors of Benetton Women Solid Grey Tops,T-Shirt,top,C:\Users\LENOVO\New folder\data\raw\images\14583.jpg
24407,Women,Apparel,Topwear,Kurtas,Pink,Summer,2012.0,Ethnic,Vishudh Women Pink Printed Kurta,Shirt,top,C:\Users\LENOVO\New folder\data\raw\images\24407.jpg
51380,Men,Apparel,Bottomwear,Shorts,Blue,Summer,2012.0,Casual,Myntra Men Blue Shorts,Trousers,bottom,C:\Users\LENOVO\New folder\data\raw\images\51380.jpg
49654,Women,Apparel,Bottomwear,Skirts,Grey,Summer,2012.0,Casual,Mineral Women Grey Skirt,Skirt,bottom,C:\Users\LENOVO\New folder\data\raw\images\49654.jpg
27907,Women,Apparel,Bottomwear,Trousers,Olive,Summer,2012.0,Casual,Scullers For Her Olive Trousers,Trousers,bottom,C:\Users\LENOVO\New folder\data\raw\images\27907.jpg
44930,Men,Apparel,Bottomwear,Jeans,Blue,Summer,2012.0,Casual,Jack & Jones Men Blue Jeans,Jeans,bottom,C:\Users\LENOVO\New folder\data\raw\images\44930.jpg
31672,Men,Apparel,Bottomwear,Jeans,Blue,Summer,2012.0,Casual,Spykar Men Blue Jeans,Jeans,bottom,C:\Users\LENOVO\New folder\data\raw\images\31672.jpg
15333,Men,Apparel,Bottomwear,Shorts,Black,Winter,2012.0,Sports,Nike Men Solid Black Shorts,Trousers,bottom,C:\Users\LENOVO\New folder\data\raw\images\15333.jpg
18959,Women,Apparel,Topwear,Sweaters,Blue,Fall,2011.0,Casual,United Colors of Benetton Women Solid Blue Sweater,T-Shirt,top,C:\Users\LENOVO\New folder\data\raw\images\18959.jpg
17849,Women,Apparel,Topwear,Tshirts,Grey,Fall,2011.0,Casual,Flying Machine Women This & That Grey Tshirt,T-Shirt,top,C:\Users\LENOVO\New folder\data\raw\images\17849.jpg
40083,Women,Apparel,Topwear,Tshirts,White,Summer,2013.0,Casual,ADIDAS Women White T-shirt,T-Shirt,top,C:\Users\LENOVO\New folder\data\raw\images\40083.jpg
32233,Women,Apparel,Topwear,Kurtas,White,Summer,2012.0,Ethnic,Fabindia Women Printed Pink Kurta,Shirt,top,C:\Users\LENOVO\New folder\data\raw\images\32233.jpg
46801,Men,Footwear,Shoes,Sports Shoes,Grey,Summer,2012.0,Sports,Nike Men Grey & White Sports Shoes,Sneakers,shoes,C:\Users\LENOVO\New folder\data\raw\images\46801.jpg
34591,Women,Apparel,Dress,Dresses,Multi,Summer,2012.0,Casual,Tonga Women Printed Multi Dress,Dress,top,C:\Users\LENOVO\New folder\data\raw\images\34591.jpg
23648,Men,Apparel,Topwear,Tshirts,Maroon,Summer,2012.0,Casual,Disney Men Maroon Printed T-shirt,T-Shirt,top,C:\Users\LENOVO\New folder\data\raw\images\23648.jpg
3849,Men,Apparel,Topwear,Tshirts,Navy Blue,Summer,2011.0,Casual,Wrangler Men's Make It Your Own T-shirt,T-Shirt,top,C:\Users\LENOVO\New folder\data\raw\images\3849.jpg
41006,Girls,Apparel,Bottomwear,Shorts,Navy Blue,Summer,2012.0,Casual,Gini and Jony Girls Woven Navy Blue Shorts,Trousers,bottom,C:\Users\LENOVO\New folder\data\raw\images\41006.jpg
6643,Women,Footwear,Shoes,Sports Shoes,Pink,Summer,2011.0,Sports,Nike Women's Transform III IN Black Pink Shoe,Sneakers,shoes,C:\Users\LENOVO\New folder\data\raw\images\6643.jpg
38939,Boys,Apparel,Bottomwear,Shorts,Blue,Summer,2012.0,Casual,Gini and Jony Boys Blue Shorts,Trousers,bottom,C:\Users\LENOVO\New folder\data\raw\images\38939.jpg
12778,Women,Apparel,Topwear,Kurtas,Black,Fall,2011.0,Ethnic,Mother Earth Women Collt Organic Cotton Black Kurtas,Shirt,top,C:\Users\LENOVO\New folder\data\raw\images\12778.jpg
9089,Unisex,Footwear,Shoes,Casual Shoes,Black,Fall,2011.0,Casual,Converse Unisex Ct AsAll Star 08 Hi Black Casual Shoes,Shoes,shoes,C:\Users\LENOVO\New folder\data\raw\images\9089.jpg
58003,Women,Apparel,Dress,Dresses,Blue,Fall,2012.0,Casual,Latin Quarters Women Blue Dress,Dress,top,C:\Users\LENOVO\New folder\data\raw\images\58003.jpg
40999,Girls,Apparel,Bottomwear,Jeans,Black,Summer,2012.0,Casual,Gini and Jony Girls Woven Black Jeans,Jeans,bottom,C:\Users\LENOVO\New folder\data\raw\images\40999.jpg
13120,Men,Apparel,Topwear,Jackets,Navy Blue,Fall,2011.0,Sports,ADIDAS Men Ess 3s Rainjkt Navy Blue Jackets,Jacket,outerwear,C:\Users\LENOVO\New folder\data\raw\images\13120.jpg
3901,Girls,Apparel,Bottomwear,Skirts,Blue,Summer,2011.0,Casual,Disney Kids Girl's Pooh Denim Blue Skirt,Skirt,bottom,C:\Users\LENOVO\New folder\data\raw\images\3901.jpg
54886,Women,Accessories,Jewellery,Necklace and Chains,Blue,Fall,2012.0,Casual,Ivory Tag Women Intermeshed Turquoise Blue Necklace,Accessories,accessory,C:\Users\LENOVO\New folder\data\raw\images\54886.jpg
39566,Women,Footwear,Shoes,Heels,Brown,Winter,2015.0,Casual,Catwalk Women Brown Flats,Shoes,shoes,C:\Users\LENOVO\New folder\data\raw\images\39566.jpg
23828,Unisex,Footwear,Flip Flops,Flip Flops,Red,Summer,2012.0,Casual,Puma Unisex Jive Red Flip Flops,Shoes,shoes,C:\Users\LENOVO\New folder\data\raw\images\23828.jpg
26869,Women,Apparel,Topwear,Tshirts,Green,Summer,2012.0,Casual,Jealous 21 Women Printed Green T-shirt,T-Shirt,top,C:\Users\LENOVO\New folder\data\raw\images\26869.jpg
27196,Girls,Apparel,Dress,Dresses,Yellow,Summer,2012.0,Casual,Doodle Girls Yellow Dress,Dress,top,C:\Users\LENOVO\New folder\data\raw\images\27196.jpg
40923,Boys,Apparel,Bottomwear,Jeans,Blue,Summer,2012.0,Casual,Gini and Jony Boys Jeans Blue Jeans,Jeans,bottom,C:\Users\LENOVO\New folder\data\raw\images\40923.jpg
33827,Men,Footwear,Shoes,Sports Shoes,White,Summer,2012.0,Sports,Puma Men Axis White Sports Shoes,Sneakers,shoes,C:\Users\LENOVO\New folder\data\raw\images\33827.jpg
13105,Men,Apparel,Topwear,Jackets,Black,Fall,2011.0,Sports,ADIDAS Men Ess 3s Rainjkt Black Jackets,Jacket,outerwear,C:\Users\LENOVO\New folder\data\raw\images\13105.jpg
51356,Women,Apparel,Bottomwear,Jeans,Blue,Summer,2012.0,Casual,Spykar Women Blue Jeans,Jeans,bottom,C:\Users\LENOVO\New folder\data\raw\images\51356.jpg
26516,Men,Apparel,Topwear,Shirts,Navy Blue,Spring,2012.0,Casual,Arrow Sport Men Navy Blue Check Shirt,Shirt,top,C:\Users\LENOVO\New folder\data\raw\images\26516.jpg
6425,Unisex,Footwear,Shoes,Casual Shoes,Black,Summer,2011.0,Casual,Lotto Unisex Canvas Black Check Shoe,Shoes,shoes,C:\Users\LENOVO\New folder\data\raw\images\6425.jpg
1636,Men,Footwear,Shoes,Sports Shoes,White,Fall,2010.0,Sports,Nike Men Air Zoom Century Shoes,Sneakers,shoes,C:\Users\LENOVO\New folder\data\raw\images\1636.jpg
11245,Women,Apparel,Bottomwear,Churidar,Black,Fall,2011.0,Ethnic,Urban Yoga Women Solid Black Churidar,Accessories,accessory,C:\Users\LENOVO\New folder\data\raw\images\11245.jpg
11581,Women,Apparel,Topwear,Kurtas,Yellow,Summer,2011.0,Ethnic,W Women Printed Yellow Kurtas,Shirt,top,C:\Users\LENOVO\New folder\data\raw\images\11581.jpg
46121,Women,Apparel,Topwear,Jackets,Black,Summer,2015.0,Casual,Wildcraft Women Black Jacket,Jacket,outerwear,C:\Users\LENOVO\New folder\data\raw\images\46121.jpg
26251,Men,Apparel,Bottomwear,Shorts,Grey Melange,Summer,2012.0,Sports,Proline Grey Melange Shorts,Trousers,bottom,C:\Users\LENOVO\New folder\data\raw\images\26251.jpg
10682,Men,Apparel,Topwear,Tshirts,Tan,Fall,2011.0,Casual,United Colors of Benetton Men Printed Tan T-shirt,T-Shirt,top,C:\Users\LENOVO\New folder\data\raw\images\10682.jpg
43335,Men,Footwear,Shoes,Sports Shoes,Navy Blue,Summer,2012.0,Sports,Reebok Men Navy Blue Turbo DMX Shear Sports Shoes,Sneakers,shoes,C:\Users\LENOVO\New folder\data\raw\images\43335.jpg
38538,Men,Footwear,Shoes,Casual Shoes,Green,Summer,2012.0,Casual,Puma Men Green California Shoes,Shoes,shoes,C:\Users\LENOVO\New folder\data\raw\images\38538.jpg
41718,Women,Footwear,Shoes,Heels,Blue,Winter,2012.0,Casual,Catwalk Women Blue Flats,Shoes,shoes,C:\Users\LENOVO\New folder\data\raw\images\41718.jpg
22670,Unisex,Accessories,Bags,Waist Pouch,Grey,Winter,2015.0,Casual,Wildcraft Unisex Grey & Yellow Waist Pouch,Accessories,accessory,C:\Users\LENOVO\New folder\data\raw\images\22670.jpg
5667,Men,Apparel,Topwear,Tshirts,Black,Summer,2011.0,Casual,Tantra Men's Gizmo Black T-shirt,T-Shirt,top,C:\Users\LENOVO\New folder\data\raw\images\5667.jpg
7940,Women,Apparel,Bottomwear,Capris,Grey,Fall,2011.0,Sports,Puma Women Move Dance Grey Capri,Trousers,bottom,C:\Users\LENOVO\New folder\data\raw\images\7940.jpg
24194,Men,Apparel,Bottomwear,Jeans,Black,Summer,2012.0,Casual,Deni Yo Men Slim Fit Black Jeans,Jeans,bottom,C:\Users\LENOVO\New folder\data\raw\images\24194.jpg
38050,Men,Accessories,Watches,Watches,Black,Winter,2016.0,Casual,Q&Q Men Black Digital Watch M119J003Y,Accessories,accessory,C:\Users\LENOVO\New folder\data\raw\images\38050.jpg
50951,Women,Apparel,Bottomwear,Jeans,Black,Winter,2011.0,Casual,Lee Women Black Jeans,Jeans,bottom,C:\Users\LENOVO\New folder\data\raw\images\50951.jpg
58802,Men,Apparel,Topwear,Shirts,Blue,Fall,2012.0,Smart Casual,Highlander Men Blue & White Striped Shirt,Shirt,top,C:\Users\LENOVO\New folder\data\raw\images\58802.jpg
54896,Boys,Apparel,Bottomwear,Trousers,Olive,Summer,2012.0,Casual,Do u speak green Boys Olive Trousers,Trousers,bottom,C:\Users\LENOVO\New folder\data\raw\images\54896.jpg
41592,Men,Apparel,Topwear,Shirts,Pink,Summer,2012.0,Casual,Basics Men Pink Striped Shirt,Shirt,top,C:\Users\LENOVO\New folder\data\raw\images\41592.jpg
24149,Men,Apparel,Topwear,Tshirts,Blue,Spring,2012.0,Casual,ADIDAS Men Blue T-shirt,T-Shirt,top,C:\Users\LENOVO\New folder\data\raw\images\24149.jpg
41784,Women,Apparel,Dress,Dresses,Purple,Summer,2012.0,Casual,Remanika Women Purple Dress,Dress,top,C:\Users\LENOVO\New folder\data\raw\images\41784.jpg
14064,Men,Apparel,Topwear,Tshirts,Red,Fall,2011.0,Casual,Flying Machine Men Pack of 2 Stripes Red Blue Tshirts,T-Shirt,top,C:\Users\LENOVO\New folder\data\raw\images\14064.jpg
13339,Women,Apparel,Bottomwear,Skirts,Black,Fall,2011.0,Casual,Gini and Jony Kids Girls Solid Black Skirts,Skirt,bottom,C:\Users\LENOVO\New folder\data\raw\images\13339.jpg
51827,Women,Apparel,Innerwear,Bra,Grey,Summer,2016.0,Casual,Bwitch Grey Bra,Accessories,accessory,C:\Users\LENOVO\New folder\data\raw\images\51827.jpg
13714,Men,Apparel,Topwear,Sweaters,Black,Fall,2011.0,Casual,Proline Black Sleeveless Sweater,T-Shirt,top,C:\Users\LENOVO\New folder\data\raw\images\13714.jpg
37578,Girls,Accessories,Gloves,Gloves,Green,Summer,2012.0,Casual,Madagascar 3 Infant Girls Light Green Mittens,Accessories,accessory,C:\Users\LENOVO\New folder\data\raw\images\37578.jpg
2954,Women,Apparel,Bottomwear,Capris,Yellow,Fall,2010.0,Casual,DUSG Women Uttarkashi Organic Endive Capri,Trousers,bottom,C:\Users\LENOVO\New folder\data\raw\images\2954.jpg
13305,Women,Apparel,Bottomwear,Skirts,Red,Fall,2011.0,Casual,Gini and Jony Kids Girls Solid Red Skirts,Skirt,bottom,C:\Users\LENOVO\New folder\data\raw\images\13305.jpg
13064,Men,Footwear,Shoes,Casual Shoes,Black,Fall,2012.0,Casual,Numero Uno Men Black Casual Shoes,Shoes,shoes,C:\Users\LENOVO\New folder\data\raw\images\13064.jpg
22885,Men,Footwear,Sandal,Sandals,Khaki,Winter,2015.0,Casual,Woodland Men Khaki Casual Sandals,Shoes,shoes,C:\Users\LENOVO\New folder\data\raw\images\22885.jpg
18487,Men,Apparel,Bottomwear,Jeans,Blue,Fall,2011.0,Casual,Puma Men Washed Blue Jeans,Jeans,bottom,C:\Users\LENOVO\New folder\data\raw\images\18487.jpg
17154,Men,Apparel,Topwear,Jackets,Navy Blue,Winter,2016.0,Casual,U.S. Polo Assn. Men Solid Navy Blue Jacket,Jacket,outerwear,C:\Users\LENOVO\New folder\data\raw\images\17154.jpg
45418,Women,Footwear,Shoes,Flats,White,Winter,2012.0,Casual,Rocia Women White Sandals,Shoes,shoes,C:\Users\LENOVO\New folder\data\raw\images\45418.jpg
40995,Girls,Apparel,Bottomwear,Capris,Pink,Summer,2012.0,Casual,Gini and Jony Girls Woven Pink Pedal Pusher,Trousers,bottom,C:\Users\LENOVO\New folder\data\raw\images\40995.jpg
59963,Women,Apparel,Dress,Dresses,Multi,Fall,2012.0,Casual,Avirate Women Multi Coloured Dress,Dress,top,C:\Users\LENOVO\New folder\data\raw\images\59963.jpg
38148,Unisex,Accessories,Bags,Backpacks,Black,Summer,2015.0,Casual,Vital Gear Unisex Techno Black Backpack,Accessories,accessory,C:\Users\LENOVO\New folder\data\raw\images\38148.jpg
54561,Women,Apparel,Topwear,Tunics,Green,Summer,2012.0,Casual,Global Desi Women Printed Green Tunic,Shirt,top,C:\Users\LENOVO\New folder\data\raw\images\54561.jpg
17244,Men,Apparel,Topwear,Tshirts,White,Fall,2011.0,Casual,U.S. Polo Assn. Men Stripes White  Polo Tshirt,T-Shirt,top,C:\Users\LENOVO\New folder\data\raw\images\17244.jpg
19588,Women,Apparel,Topwear,Tops,White,Summer,2011.0,Casual,United Colors of Benetton Women Printed White Top,T-Shirt,top,C:\Users\LENOVO\New folder\data\raw\images\19588.jpg
38663,Men,Footwear,Shoes,Sports Shoes,Black,Summer,2012.0,Sports,Nike Men Downshifter Black Sports Shoes,Sneakers,shoes,C:\Users\LENOVO\New folder\data\raw\images\38663.jpg
40278,Men,Apparel,Bottomwear,Trousers,Brown,Summer,2012.0,Casual,Scullers Men Brown Trousers,Trousers,bottom,C:\Users\LENOVO\New folder\data\raw\images\40278.jpg
38568,Men,Apparel,Bottomwear,Shorts,Black,Summer,2012.0,Casual,Nike Men Black Running Shorts,Trousers,bottom,C:\Users\LENOVO\New folder\data\raw\images\38568.jpg
58507,Women,Apparel,Topwear,Shrug,White,Summer,2012.0,Casual,Tonga Women Coffee Brown Shrug,Jacket,outerwear,C:\Users\LENOVO\New folder\data\raw\images\58507.jpg
56082,Women,Personal Care,Lips,Lip Gloss,Red,Spring,2017.0,Casual,Colorbar Star Shine Sensation Lip Gloss 14,Accessories,accessory,C:\Users\LENOVO\New folder\data\raw\images\56082.jpg
42290,Girls,Apparel,Bottomwear,Skirts,Pink,Summer,2012.0,Casual,Gini and Jony Girls Pink Skirt,Skirt,bottom,C:\Users\LENOVO\New folder\data\raw\images\42290.jpg
28955,Women,Apparel,Topwear,Kurtas,White,Summer,2012.0,Ethnic,BIBA Women White Kurta,Shirt,top,C:\Users\LENOVO\New folder\data\raw\images\28955.jpg
43265,Women,Apparel,Topwear,Kurtas,Orange,Summer,2012.0,Ethnic,Aneri Women Orange Kurta,Shirt,top,C:\Users\LENOVO\New folder\data\raw\images\43265.jpg
4563,Women,Footwear,Shoes,Sports Shoes,White,Summer,2011.0,Sports,Nike Women Cou White Shoe,Sneakers,shoes,C:\Users\LENOVO\New folder\data\raw\images\4563.jpg
5384,Men,Footwear,Shoes,Sports Shoes,Beige,Summer,2011.0,Sports,Quechua Arpenaz Flex Man Beige,Sneakers,shoes,C:\Users\LENOVO\New folder\data\raw\images\5384.jpg
56034,Women,Personal Care,Lips,Lipstick,Brown,Spring,2017.0,Casual,ColorBar Soft Touch Mistique Lipstick 013,Accessories,accessory,C:\Users\LENOVO\New folder\data\raw\images\56034.jpg
3130,Men,Apparel,Topwear,Tshirts,Brown,Summer,2011.0,Casual,Inkfruit Men's Its My Life Light Brown T-shirt,T-Shirt,top,C:\Users\LENOVO\New folder\data\raw\images\3130.jpg
48095,Women,Apparel,Topwear,Tops,White,Summer,2012.0,Casual,French Connection Women White Top,T-Shirt,top,C:\Users\LENOVO\New folder\data\raw\images\48095.jpg
29871,Men,Accessories,Eyewear,Sunglasses,Brown,Summer,2017.0,Casual,Mayhem Men Rectangular Sunglasses 1022-203,Accessories,accessory,C:\Users\LENOVO\New folder\data\raw\images\29871.jpg
19733,Men,Apparel,Topwear,Shirts,Green,Summer,2011.0,Casual,United Colors of Benetton Men Solid Green Shirt,Shirt,top,C:\Users\LENOVO\New folder\data\raw\images\19733.jpg
33108,Women,Footwear,Shoes,Heels,Yellow,Winter,2015.0,Casual,Catwalk Women Yellow Flats,Shoes,shoes,C:\Users\LENOVO\New folder\data\raw\images\33108.jpg
5204,Men,Apparel,Topwear,Tshirts,Grey,Summer,2011.0,Casual,Mickey Men's Crew Dark Grey T-shirt,T-Shirt,top,C:\Users\LENOVO\New folder\data\raw\images\5204.jpg
54542,Men,Footwear,Shoes,Sports Shoes,White,Fall,2012.0,Sports,F Sports Men White Hurricane Sports Shoes,Sneakers,shoes,C:\Users\LENOVO\New folder\data\raw\images\54542.jpg
52162,Women,Apparel,Dress,Dresses,Black,Summer,2012.0,Casual,Femella Women Black Striped Tank Dress,Dress,top,C:\Users\LENOVO\New folder\data\raw\images\52162.jpg
47153,Girls,Apparel,Bottomwear,Capris,Pink,Summer,2012.0,Casual,Gini and Jony Girls Pink Capris,Trousers,bottom,C:\Users\LENOVO\New folder\data\raw\images\47153.jpg
16548,Men,Apparel,Topwear,Shirts,White,Fall,2011.0,Casual,Basics Men White Slim Fit Checked Shirt,Shirt,top,C:\Users\LENOVO\New folder\data\raw\images\16548.jpg
22787,Men,Apparel,Bottomwear,Jeans,Blue,Fall,2011.0,Casual,Deni Yo Men Washed Blue Jeans,Jeans,bottom,C:\Users\LENOVO\New folder\data\raw\images\22787.jpg
48969,Men,Accessories,Jewellery,Ring,Steel,Summer,2012.0,Casual,Revv Men Steel Ring,Accessories,accessory,C:\Users\LENOVO\New folder\data\raw\images\48969.jpg
57995,Women,Apparel,Dress,Dresses,Black,Fall,2012.0,Casual,Latin Quarters Women & White Black Dress,Dress,top,C:\Users\LENOVO\New folder\data\raw\images\57995.jpg
54971,Women,Apparel,Dress,Dresses,Grey,Summer,2012.0,Casual,Femella Women Grey Dress,Dress,top,C:\Users\LENOVO\New folder\data\raw\images\54971.jpg
10652,Women,Apparel,Bottomwear,Skirts,Blue,Fall,2011.0,Casual,Doodle Girl Denim skirt with belt Blue Skirts,Skirt,bottom,C:\Users\LENOVO\New folder\data\raw\images\10652.jpg
59275,Women,Accessories,Watches,Watches,Red,Winter,2016.0,Casual,Titan Women Red Watch,Accessories,accessory,C:\Users\LENOVO\New folder\data\raw\images\59275.jpg
47324,Women,Accessories,Wallets,Wallets,Brown,Summer,2012.0,Casual,Baggit Women Brown Shell Hoor Wallet,Accessories,accessory,C:\Users\LENOVO\New folder\data\raw\images\47324.jpg
28412,Men,Accessories,Eyewear,Sunglasses,Black,Winter,2016.0,Casual,Idee Men Black Sunglasses,Accessories,accessory,C:\Users\LENOVO\New folder\data\raw\images\28412.jpg
43473,Men,Footwear,Shoes,Casual Shoes,Khaki,Summer,2012.0,Casual,Woodland Men Khaki Shoes,Shoes,shoes,C:\Users\LENOVO\New folder\data\raw\images\43473.jpg
57595,Women,Personal Care,Lips,Lipstick,Brown,Spring,2017.0,Casual,Lotus Herbals Moistpetals Blossom Lipstick 142,Accessories,accessory,C:\Users\LENOVO\New folder\data\raw\images\57595.jpg
37765,Men,Apparel,Topwear,Shirts,Yellow,Summer,2012.0,Casual,John Players Men Yellow Check Shirt,Shirt,top,C:\Users\LENOVO\New folder\data\raw\images\37765.jpg
59015,Men,Footwear,Shoes,Sports Shoes,Grey,Summer,2012.0,Sports,Skechers Men Grey Sports Shoes,Sneakers,shoes,C:\Users\LENOVO\New folder\data\raw\images\59015.jpg
44206,Women,Footwear,Flip Flops,Flip Flops,Brown,Winter,2012.0,Casual,iPanema Women Brown Flip Flops,Shoes,shoes,C:\Users\LENOVO\New folder\data\raw\images\44206.jpg
18922,Men,Apparel,Topwear,Shirts,Navy Blue,Fall,2011.0,Casual,Levis Men Classic Mustard Checks Shirt,Shirt,top,C:\Users\LENOVO\New folder\data\raw\images\18922.jpg
9768,Men,Apparel,Topwear,Jackets,Black,Fall,2011.0,Casual,ADIDAS Men Adna Black Jackets,Jacket,outerwear,C:\Users\LENOVO\New folder\data\raw\images\9768.jpg
40749,Women,Footwear,Flip Flops,Flip Flops,Blue,Winter,2012.0,Casual,Roxy Women Blue Flip Flops,Shoes,shoes,C:\Users\LENOVO\New folder\data\raw\images\40749.jpg
57525,Men,Footwear,Shoes,Casual Shoes,Brown,Fall,2012.0,Casual,Provogue Men Brown Casual Shoes,Shoes,shoes,C:\Users\LENOVO\New folder\data\raw\images\57525.jpg
48342,Women,Accessories,Jewellery,Necklace and Chains,Silver,Fall,2012.0,Casual,Pitaraa Silver Fish Scale Necklace,Accessories,accessory,C:\Users\LENOVO\New folder\data\raw\images\48342.jpg
19341,Men,Apparel,Topwear,Jackets,Grey,Fall,2011.0,Casual,United Colors of Benetton Men Solid Grey Blazer Jacket,Jacket,outerwear,C:\Users\LENOVO\New folder\data\raw\images\19341.jpg
26811,Men,Apparel,Bottomwear,Trousers,Brown,Summer,2012.0,Formal,Arrow Men Brown Flat Front Trousers,Trousers,bottom,C:\Users\LENOVO\New folder\data\raw\images\26811.jpg
43586,Girls,Apparel,Dress,Dresses,Blue,Summer,2012.0,Casual,Gini and Jony Girls Blue Saloppette,Dress,top,C:\Users\LENOVO\New folder\data\raw\images\43586.jpg
33090,Women,Footwear,Shoes,Heels,Gold,Winter,2015.0,Casual,Catwalk Women Gold Flats,Shoes,shoes,C:\Users\LENOVO\New folder\data\raw\images\33090.jpg
33199,Women,Apparel,Dress,Dresses,Red,Summer,2012.0,Casual,Sepia Women Printed Red Dress,Dress,top,C:\Users\LENOVO\New folder\data\raw\images\33199.jpg
15321,Men,Apparel,Topwear,Jackets,Black,Fall,2011.0,Casual,Nike Men Solid Black Jackets,Jacket,outerwear,C:\Users\LENOVO\New folder\data\raw\images\15321.jpg
19147,Men,Apparel,Topwear,Tshirts,White,Summer,2011.0,Casual,United Colors of Benetton Men Solid White Polo Tshirt,T-Shirt,top,C:\Users\LENOVO\New folder\data\raw\images\19147.jpg
39731,Women,Apparel,Bottomwear,Skirts,Grey,Summer,2012.0,Formal,Arrow Woman Grey Skirt,Skirt,bottom,C:\Users\LENOVO\New folder\data\raw\images\39731.jpg
58562,Women,Apparel,Bottomwear,Jeans,Navy Blue,Fall,2012.0,Casual,Puma Women Navy Blue Jeans,Jeans,bottom,C:\Users\LENOVO\New folder\data\raw\images\58562.jpg
31229,Women,Apparel,Bottomwear,Capris,Pink,Summer,2012.0,Casual,Puma Women Pink Capris,Trousers,bottom,C:\Users\LENOVO\New folder\data\raw\images\31229.jpg
59977,Women,Apparel,Dress,Dresses,Navy Blue,Fall,2012.0,Casual,Avirate Women Navy Blue Dress,Dress,top,C:\Users\LENOVO\New folder\data\raw\images\59977.jpg
37202,Girls,Apparel,Bottomwear,Jeans,Grey,Summer,2012.0,Casual,United Colors of Benetton Girls Washed Grey Jeans,Jeans,bottom,C:\Users\LENOVO\New folder\data\raw\images\37202.jpg
24382,Women,Apparel,Topwear,Kurtas,Maroon,Fall,2011.0,Ethnic,Folklore Women Maroon Printed Kurta,Shirt,top,C:\Users\LENOVO\New folder\data\raw\images\24382.jpg
59993,Women,Apparel,Dress,Dresses,Black,Fall,2012.0,Casual,Avirate Black Dress,Dress,top,C:\Users\LENOVO\New folder\data\raw\images\59993.jpg
40122,Unisex,Accessories,Headwear,Headband,Black,Summer,2012.0,Casual,ADIDAS Unisex Black Clima Chill Headband,Accessories,accessory,C:\Users\LENOVO\New folder\data\raw\images\40122.jpg
6867,Women,Apparel,Topwear,Shirts,Grey,Summer,2011.0,Casual,Forever New Women Light Brown & Grey Striped Shirt,Shirt,top,C:\Users\LENOVO\New folder\data\raw\images\6867.jpg
51741,Men,Footwear,Shoes,Sports Shoes,Grey,Summer,2012.0,Sports,Force 10 Men Grey Sports Shoes,Sneakers,shoes,C:\Users\LENOVO\New folder\data\raw\images\51741.jpg
13672,Unisex,Apparel,Bottomwear,Jeans,Blue,Fall,2011.0,Casual,Levis Kids Blue Solid Jean,Jeans,bottom,C:\Users\LENOVO\New folder\data\raw\images\13672.jpg
59826,Men,Apparel,Topwear,Shirts,Blue,Summer,2012.0,Casual,United Colors of Benetton Men Blue Shirt,Shirt,top,C:\Users\LENOVO\New folder\data\raw\images\59826.jpg
10259,Men,Apparel,Bottomwear,Trousers,Black,Fall,2011.0,Formal,John Miller Men Reglur Black Trousers,Trousers,bottom,C:\Users\LENOVO\New folder\data\raw\images\10259.jpg
22265,Women,Footwear,Shoes,Heels,Bronze,Winter,2012.0,Casual,Inc. 5 Women Casual Bronze Heels,Shoes,shoes,C:\Users\LENOVO\New folder\data\raw\images\22265.jpg
25410,Men,Footwear,Shoes,Sports Shoes,Black,Summer,2012.0,Sports,Nike Men 2.04 Black Sports Shoes,Sneakers,shoes,C:\Users\LENOVO\New folder\data\raw\images\25410.jpg
58266,Women,Accessories,Bags,Handbags,Silver,Spring,2012.0,Casual,Baggit Women Grey Handbag,Accessories,accessory,C:\Users\LENOVO\New folder\data\raw\images\58266.jpg
16567,Women,Apparel,Dress,Dresses,Red,Fall,2011.0,Casual,AND by Anita Dongre Women Printed Red Dresses,Dress,top,C:\Users\LENOVO\New folder\data\raw\images\16567.jpg
5885,Men,Apparel,Topwear,Tshirts,Black,Summer,2011.0,Casual,Puma Men's Ducati Graphic Black T-shirt,T-Shirt,top,C:\Users\LENOVO\New folder\data\raw\images\5885.jpg
8892,Men,Apparel,Bottomwear,Trousers,Navy Blue,Fall,2011.0,Formal,Scullers Men Navy Blue Trousers,Trousers,bottom,C:\Users\LENOVO\New folder\data\raw\images\8892.jpg
8497,Women,Apparel,Bottomwear,Skirts,Cream,Fall,2011.0,Casual,Forever New Women Cameo Skirt Cream Skirts,Skirt,bottom,C:\Users\LENOVO\New folder\data\raw\images\8497.jpg
17948,Men,Apparel,Bottomwear,Track Pants,Grey,Fall,2011.0,Sports,Puma Men South Africa  Grey Track Pant,Trousers,bottom,C:\Users\LENOVO\New folder\data\raw\images\17948.jpg
52124,Girls,Apparel,Dress,Dresses,Orange,Summer,2012.0,Casual,Doodle Girls Orange Printed Dress,Dress,top,C:\Users\LENOVO\New folder\data\raw\images\52124.jpg
11933,Women,Footwear,Shoes,Sports Shoes,Grey,Fall,2011.0,Sports,Skechers Women Sports Grey Sports Shoes,Sneakers,shoes,C:\Users\LENOVO\New folder\data\raw\images\11933.jpg
13115,Men,Footwear,Shoes,Casual Shoes,Black,Fall,2011.0,Casual,Numero Uno Men Casual Black Casual Shoes,Shoes,shoes,C:\Users\LENOVO\New folder\data\raw\images\13115.jpg
20791,Men,Apparel,Topwear,Jackets,Black,Fall,2011.0,Casual,Basics Men Black Blazer Jacket,Jacket,outerwear,C:\Users\LENOVO\New folder\data\raw\images\20791.jpg
6882,Women,Apparel,Topwear,Jackets,Cream,Summer,2011.0,Casual,Forever New Women Long Peach Jacket,Jacket,outerwear,C:\Users\LENOVO\New folder\data\raw\images\6882.jpg
27228,Women,Apparel,Dress,Dresses,Pink,Summer,2012.0,Casual,Doodle Kids Girl Printed Pink Dress,Dress,top,C:\Users\LENOVO\New folder\data\raw\images\27228.jpg
43349,Men,Footwear,Shoes,Sports Shoes,Black,Summer,2012.0,Sports,Reebok Men Black Premier Zigfly Nano Sports Shoes,Sneakers,shoes,C:\Users\LENOVO\New folder\data\raw\images\43349.jpg
47657,Women,Apparel,Bottomwear,Skirts,Cream,Summer,2012.0,Casual,Femella Women Grey Printed Skirt,Skirt,bottom,C:\Users\LENOVO\New folder\data\raw\images\47657.jpg
38332,Girls,Apparel,Topwear,Tops,Pink,Summer,2012.0,Casual,Hannah Montana Girls Pink Top,T-Shirt,top,C:\Users\LENOVO\New folder\data\raw\images\38332.jpg
59895,Women,Apparel,Dress,Dresses,Orange,Fall,2012.0,Casual,Femella Women Orange Dress,Dress,top,C:\Users\LENOVO\New folder\data\raw\images\59895.jpg
31612,Men,Apparel,Topwear,Shirts,Red,Summer,2012.0,Formal,Indigo Nation Men Striped Red Shirt,Shirt,top,C:\Users\LENOVO\New folder\data\raw\images\31612.jpg
38334,Girls,Apparel,Topwear,Tops,White,Summer,2012.0,Casual,Mr. Men Little Miss Girls White Printed Top,T-Shirt,top,C:\Users\LENOVO\New folder\data\raw\images\38334.jpg
37241,Men,Footwear,Shoes,Casual Shoes,Black,Summer,2012.0,Casual,United Colors of Benetton Men Black Shoes,Shoes,shoes,C:\Users\LENOVO\New folder\data\raw\images\37241.jpg
13499,Men,Apparel,Topwear,Tshirts,Blue,Fall,2011.0,Casual,Chimp Men Mard ban Blue Tshirts,T-Shirt,top,C:\Users\LENOVO\New folder\data\raw\images\13499.jpg
50723,Girls,Apparel,Dress,Dresses,Blue,Summer,2012.0,Casual,Doodle Girls Blue Printed Dress,Dress,top,C:\Users\LENOVO\New folder\data\raw\images\50723.jpg
2981,Men,Apparel,Topwear,Tshirts,Blue,Fall,2010.0,Casual,Puma Men's Hawaian Ocan Blue T-shirt,T-Shirt,top,C:\Users\LENOVO\New folder\data\raw\images\2981.jpg
10409,Men,Apparel,Topwear,Tshirts,Green,Fall,2011.0,Casual,United Colors of Benetton Men Green Polo Tshirts,T-Shirt,top,C:\Users\LENOVO\New folder\data\raw\images\10409.jpg
17164,Men,Apparel,Topwear,Shirts,Blue,Fall,2011.0,Casual,U.S. Polo Assn. Men Checks Blue Shirt,Shirt,top,C:\Users\LENOVO\New folder\data\raw\images\17164.jpg
29171,Girls,Apparel,Bottomwear,Skirts,Blue,Summer,2012.0,Casual,United Colors of Benetton Kids Girls Washed Blue Skirt,Skirt,bottom,C:\Users\LENOVO\New folder\data\raw\images\29171.jpg
59876,Women,Apparel,Dress,Dresses,Multi,Fall,2012.0,Casual,Femella Women Black Printed Dress,Dress,top,C:\Users\LENOVO\New folder\data\raw\images\59876.jpg
7610,Men,Accessories,Bags,Messenger Bag,Brown,Summer,2011.0,Casual,Wrangler Men Chocolate Canvas Bag,Accessories,accessory,C:\Users\LENOVO\New folder\data\raw\images\7610.jpg
15889,Girls,Footwear,Sandal,Sandals,Pink,Winter,2012.0,Casual,Warner Bros Kids Girls TW Big Facelog Pink Sandals,Shoes,shoes,C:\Users\LENOVO\New folder\data\raw\images\15889.jpg
9014,Men,Footwear,Shoes,Sports Shoes,White,Summer,2011.0,Sports,Decathlon Men Artengo White Shoe,Sneakers,shoes,C:\Users\LENOVO\New folder\data\raw\images\9014.jpg
36749,Girls,Apparel,Dress,Dresses,White,Summer,2012.0,Casual,Little Miss Girls Trying White Dress,Dress,top,C:\Users\LENOVO\New folder\data\raw\images\36749.jpg
58808,Men,Apparel,Topwear,Shirts,Navy Blue,Fall,2012.0,Smart Casual,Highlander Men Blue Striped Shirt,Shirt,top,C:\Users\LENOVO\New folder\data\raw\images\58808.jpg
28540,Men,Apparel,Topwear,Jackets,Red,Summer,2012.0,Sports,Nike Men Hurricane Vapor Red Jacket,Jacket,outerwear,C:\Users\LENOVO\New folder\data\raw\images\28540.jpg
31729,Men,Apparel,Topwear,Blazers,Blue,Summer,2012.0,Formal,Reid & Taylor Men Blue Blazer,Jacket,outerwear,C:\Users\LENOVO\New folder\data\raw\images\31729.jpg
55822,Women,Apparel,Loungewear and Nightwear,Night suits,White,Summer,2017.0,Casual,SDL by Sweet Dreams Women White & Pink Printed Night Suit S11-3231,Accessories,accessory,C:\Users\LENOVO\New folder\data\raw\images\55822.jpg
43512,Women,Apparel,Dress,Dresses,Blue,Summer,2012.0,Casual,French Connection Women Blue Dress,Dress,top,C:\Users\LENOVO\New folder\data\raw\images\43512.jpg
49372,Men,Footwear,Shoes,Casual Shoes,Brown,Summer,2012.0,Casual,Vans Men Brown Casual Shoes,Shoes,shoes,C:\Users\LENOVO\New folder\data\raw\images\49372.jpg
33488,Men,Apparel,Topwear,Shirts,Purple,Summer,2012.0,Casual,Doodle Kids Boy Check Purple Shirt,Shirt,top,C:\Users\LENOVO\New folder\data\raw\images\33488.jpg
41794,Women,Apparel,Topwear,Tunics,Black,Summer,2012.0,Casual,Remanika Women Black Tunic,Shirt,top,C:\Users\LENOVO\New folder\data\raw\images\41794.jpg
45243,Women,Accessories,Watches,Watches,White,Winter,2016.0,Casual,CASIO BABY-G Women White Dial Analogue & Digital Watch BX008,Accessories,accessory,C:\Users\LENOVO\New folder\data\raw\images\45243.jpg
33851,Men,Footwear,Shoes,Casual Shoes,Green,Summer,2012.0,Casual,Puma Men Bolt Lite Green Shoes,Shoes,shoes,C:\Users\LENOVO\New folder\data\raw\images\33851.jpg
11308,Men,Apparel,Bottomwear,Jeans,Black,Spring,2013.0,Casual,Wrangler Men Black Jim Slim Fit Jeans,Jeans,bottom,C:\Users\LENOVO\New folder\data\raw\images\11308.jpg
6857,Women,Apparel,Bottomwear,Skirts,Black,Summer,2011.0,Casual,Forever New Women's Animal Stroke Print Black Skirt,Skirt,bottom,C:\Users\LENOVO\New folder\data\raw\images\6857.jpg
57517,Men,Footwear,Shoes,Casual Shoes,Black,Summer,2012.0,Casual,Provogue Men Black & Brown Casual Shoes,Shoes,shoes,C:\Users\LENOVO\New folder\data\raw\images\57517.jpg
10366,Women,Apparel,Bottomwear,Skirts,Black,Fall,2011.0,Casual,United Colors of Benetton Women Solid Black Skirt,Skirt,bottom,C:\Users\LENOVO\New folder\data\raw\images\10366.jpg
28709,Women,Apparel,Topwear,Kurtas,Turquoise Blue,Summer,2012.0,Ethnic,W Women Printed Turquoise Blue Kurta,Shirt,top,C:\Users\LENOVO\New folder\data\raw\images\28709.jpg
39214,Men,Footwear,Shoes,Formal Shoes,Black,Summer,2013.0,Formal,Franco Leone Men Black Formal Shoes,Shoes,shoes,C:\Users\LENOVO\New folder\data\raw\images\39214.jpg
57090,Women,Apparel,Bottomwear,Skirts,Navy Blue,Summer,2012.0,Casual,Elle Women Navy Blue Skirt,Skirt,bottom,C:\Users\LENOVO\New folder\data\raw\images\57090.jpg
13980,Men,Footwear,Sandal,Sandals,Red,Fall,2011.0,Casual,Puma Men Jiff Red Sandals,Shoes,shoes,C:\Users\LENOVO\New folder\data\raw\images\13980.jpg
46772,Men,Personal Care,Fragrance,Perfume and Body Mist,Maroon,Spring,2017.0,Casual,Euroluxe Men High Class Perfume,Accessories,accessory,C:\Users\LENOVO\New folder\data\raw\images\46772.jpg
16517,Men,Apparel,Bottomwear,Jeans,Blue,Fall,2011.0,Casual,Locomotive Men Washed Blue Jeans,Jeans,bottom,C:\Users\LENOVO\New folder\data\raw\images\16517.jpg
54539,Men,Footwear,Shoes,Sports Shoes,Black,Fall,2012.0,Sports,F Sports Men Black Gravity Sports Shoes,Sneakers,shoes,C:\Users\LENOVO\New folder\data\raw\images\54539.jpg
4901,Women,Apparel,Topwear,Tops,Pink,Summer,2011.0,Casual,Levis Kids Girl's Desiree Pink Kidswear,T-Shirt,top,C:\Users\LENOVO\New folder\data\raw\images\4901.jpg
34065,Girls,Apparel,Dress,Dresses,Black,Summer,2012.0,Casual,Gini and Jony Girls Black Dress,Dress,top,C:\Users\LENOVO\New folder\data\raw\images\34065.jpg
28623,Men,Apparel,Topwear,Tshirts,Black,Summer,2012.0,Sports,Nike Men Media Polo Black T-shirt,T-Shirt,top,C:\Users\LENOVO\New folder\data\raw\images\28623.jpg
17912,Women,Apparel,Topwear,Jackets,Cream,Fall,2011.0,Casual,Nike Women Casual Cream Jacket,Jacket,outerwear,C:\Users\LENOVO\New folder\data\raw\images\17912.jpg
35958,Women,Apparel,Bottomwear,Skirts,Black,Summer,2012.0,Casual,Flying Machine Women Viscose Black Skirt,Skirt,bottom,C:\Users\LENOVO\New folder\data\raw\images\35958.jpg
40495,Women,Apparel,Bottomwear,Leggings,Olive,Summer,2012.0,Casual,Femella Women Olive Leggings,Trousers,bottom,C:\Users\LENOVO\New folder\data\raw\images\40495.jpg
11334,Men,Apparel,Bottomwear,Jeans,Navy Blue,Fall,2011.0,Casual,United Colors of Benetton Men Washed Navy Blue Jeans,Jeans,bottom,C:\Users\LENOVO\New folder\data\raw\images\11334.jpg
2712,Girls,Apparel,Dress,Dresses,Blue,Summer,2011.0,Casual,Disney Kids Girl's Halter Neck Blue Kidswear,Dress,top,C:\Users\LENOVO\New folder\data\raw\images\2712.jpg
41355,Men,Apparel,Bottomwear,Jeans,,Fall,2016.0,Casual,Wrangler Men Blue Millard Jeans,Jeans,bottom,C:\Users\LENOVO\New folder\data\raw\images\41355.jpg
48478,Women,Apparel,Dress,Dresses,Beige,Winter,2011.0,Casual,French Connection Women Beige Dress,Dress,top,C:\Users\LENOVO\New folder\data\raw\images\48478.jpg
1784,Men,Footwear,Shoes,Sports Shoes,White,Fall,2010.0,Sports,Lotto Men's Melbourne White-Red Shoe,Sneakers,shoes,C:\Users\LENOVO\New folder\data\raw\images\1784.jpg
15319,Men,Apparel,Topwear,Jackets,Navy Blue,Fall,2011.0,Casual,Nike Men Solid Navy Blue Jackets,Jacket,outerwear,C:\Users\LENOVO\New folder\data\raw\images\15319.jpg
28961,Women,Apparel,Topwear,Kurtas,Blue,Summer,2012.0,Ethnic,BIBA Women Printed Blue Kurta,Shirt,top,C:\Users\LENOVO\New folder\data\raw\images\28961.jpg
52582,Women,Accessories,Bags,Clutches,Off White,Summer,2012.0,Casual,Mod'acc Women Off White Clutch,Accessories,accessory,C:\Users\LENOVO\New folder\data\raw\images\52582.jpg
3918,Men,Apparel,Bottomwear,Track Pants,Grey,Summer,2011.0,Casual,Urban Yoga Men Grey  Bottom Yoga Pants,Trousers,bottom,C:\Users\LENOVO\New folder\data\raw\images\3918.jpg
32265,Men,Accessories,Socks,Socks,White,Summer,2016.0,Casual,2go Active Gear USA Men Pack of 3 White Socks,Accessories,accessory,C:\Users\LENOVO\New folder\data\raw\images\32265.jpg
13263,Women,Apparel,Bottomwear,Skirts,Pink,Fall,2011.0,Casual,Palm Tree Kids Girl Solid Pink Skirts,Skirt,bottom,C:\Users\LENOVO\New folder\data\raw\images\13263.jpg
26329,Women,Accessories,Watches,Watches,White,Winter,2016.0,Casual,DKNY Women White Dial Watch NY4519,Accessories,accessory,C:\Users\LENOVO\New folder\data\raw\images\26329.jpg
18894,Women,Apparel,Dress,Dresses,Black,Fall,2011.0,Casual,Arrow Woman Lida Black Dress,Dress,top,C:\Users\LENOVO\New folder\data\raw\images\18894.jpg
34191,Boys,Apparel,Topwear,Tshirts,Red,Summer,2012.0,Casual,Gini and Jony Boys Printed Red T-shirt,T-Shirt,top,C:\Users\LENOVO\New folder\data\raw\images\34191.jpg
21650,Women,Apparel,Innerwear,Bra,Black,Fall,2012.0,Casual,Enamor Women Classique Black Bra,Accessories,accessory,C:\Users\LENOVO\New folder\data\raw\images\21650.jpg
30923,Women,Apparel,Bottomwear,Skirts,Mustard,Summer,2012.0,Ethnic,Fabindia Women Printed Mustard Skirt,Skirt,bottom,C:\Users\LENOVO\New folder\data\raw\images\30923.jpg
44824,Men,Footwear,Sandal,Sandals,Tan,Winter,2013.0,Casual,Clarks Men Tan Brown Leather Sandals,Shoes,shoes,C:\Users\LENOVO\New folder\data\raw\images\44824.jpg
12278,Men,Apparel,Topwear,Shirts,Maroon,Fall,2011.0,Formal,Genesis Men Solid Maroon Shirts,Shirt,top,C:\Users\LENOVO\New folder\data\raw\images\12278.jpg
43920,Women,Apparel,Dress,Dresses,Cream,Summer,2012.0,Casual,Femella Women Cream Printed Dress,Dress,top,C:\Users\LENOVO\New folder\data\raw\images\43920.jpg
29733,Women,Accessories,Bags,Handbags,Green,Summer,2012.0,Casual,Kiara Women Leatherette Green Handbag,Accessories,accessory,C:\Users\LENOVO\New folder\data\raw\images\29733.jpg
58862,Men,Accessories,Cufflinks,Cufflinks,Copper,Summer,2017.0,Casual,Hakashi Men Copper Cufflinks,Accessories,accessory,C:\Users\LENOVO\New folder\data\raw\images\58862.jpg
7010,Men,Apparel,Topwear,Tshirts,Grey,Summer,2011.0,Casual,s.Oliver Men's Surefunk Records Grey T-shirt,T-Shirt,top,C:\Users\LENOVO\New folder\data\raw\images\7010.jpg
3896,Girls,Apparel,Bottomwear,Skirts,Blue,Summer,2011.0,Casual,Disney Kids Girl's Denim Minnie Dark Blue Skirt,Skirt,bottom,C:\Users\LENOVO\New folder\data\raw\images\3896.jpg
40147,Girls,Apparel,Bottomwear,Capris,Blue,Summer,2012.0,Casual,Gini and Jony Girls Blue Pedal Pusher,Trousers,bottom,C:\Users\LENOVO\New folder\data\raw\images\40147.jpg
6389,Men,Footwear,Shoes,Sports Shoes,White,Summer,2011.0,Sports,Puma Men's Urban Cat Cetto White Shoe,Sneakers,shoes,C:\Users\LENOVO\New folder\data\raw\images\6389.jpg
57459,Women,Accessories,Bags,Clutches,Red,Summer,2010.0,Casual,Pitaraa Women Red Clutch,Accessories,accessory,C:\Users\LENOVO\New folder\data\raw\images\57459.jpg
5582,Men,Footwear,Shoes,Sports Shoes,White,Summer,2011.0,Sports,Nike Men's Main Draw White Red Shoe,Sneakers,shoes,C:\Users\LENOVO\New folder\data\raw\images\5582.jpg
24507,Women,Apparel,Topwear,Kurtas,Brown,Fall,2011.0,Ethnic,Mother Earth Women Brown Printed Kurta,Shirt,top,C:\Users\LENOVO\New folder\data\raw\images\24507.jpg
42020,Men,Footwear,Shoes,Casual Shoes,Brown,Summer,2012.0,Casual,ADIDAS Men Brown Mudslide Shoes,Shoes,shoes,C:\Users\LENOVO\New folder\data\raw\images\42020.jpg
19941,Men,Footwear,Shoes,Sports Shoes,Black,Fall,2011.0,Sports,Nike Men Court Majestic Black Sports Shoes,Sneakers,shoes,C:\Users\LENOVO\New folder\data\raw\images\19941.jpg
27014,Women,Apparel,Bottomwear,Capris,Blue,Summer,2012.0,Casual,Jealous 21 Women Washed Blue Capris,Trousers,bottom,C:\Users\LENOVO\New folder\data\raw\images\27014.jpg
7147,Women,Apparel,Topwear,Shirts,Red,Fall,2011.0,Casual,Scullers For Her Women Light Work Red Shirts,Shirt,top,C:\Users\LENOVO\New folder\data\raw\images\7147.jpg
31564,Men,Apparel,Bottomwear,Trousers,Charcoal,Summer,2012.0,Formal,Mark Taylor Men Striped Charcoal Trousers,Trousers,bottom,C:\Users\LENOVO\New folder\data\raw\images\31564.jpg
9771,Men,Apparel,Topwear,Jackets,Blue,Fall,2011.0,Casual,ADIDAS Men Adna Blue Jackets,Jacket,outerwear,C:\Users\LENOVO\New folder\data\raw\images\9771.jpg
3703,Women,Apparel,Topwear,Tshirts,Purple,Summer,2011.0,Casual,Tantra Women Ornament Lavender Long T-shirt,T-Shirt,top,C:\Users\LENOVO\New folder\data\raw\images\3703.jpg
54683,Women,Apparel,Topwear,Kurtas,Multi,Summer,2012.0,Ethnic,Shree Women Multicoloured Printed Kurta,Shirt,top,C:\Users\LENOVO\New folder\data\raw\images\54683.jpg
5566,Women,Apparel,Dress,Dresses,Maroon,Summer,2011.0,Casual,Ant Kids Girl's Maroon With Flower Kidswear,Dress,top,C:\Users\LENOVO\New folder\data\raw\images\5566.jpg
14026,Men,Apparel,Topwear,Tshirts,Grey,Fall,2011.0,Sports,Nike Men Solid Grey Tshirts,T-Shirt,top,C:\Users\LENOVO\New folder\data\raw\images\14026.jpg
46342,Men,Apparel,Bottomwear,Jeans,Blue,Summer,2012.0,Casual,Locomotive Men Blue Jeans,Jeans,bottom,C:\Users\LENOVO\New folder\data\raw\images\46342.jpg
48388,Men,Apparel,Bottomwear,Jeans,Blue,Summer,2012.0,Casual,French Connection Men Blue Jeans,Jeans,bottom,C:\Users\LENOVO\New folder\data\raw\images\48388.jpg
4929,Women,Apparel,Bottomwear,Skirts,Blue,Summer,2011.0,Casual,Gini and Jony Girl's Vanida Blue Dungree Kidswear,Skirt,bottom,C:\Users\LENOVO\New folder\data\raw\images\4929.jpg
47428,Women,Accessories,Wallets,Wallets,Brown,Summer,2012.0,Casual,Baggit Women Brown Auxi Lally Wallet,Accessories,accessory,C:\Users\LENOVO\New folder\data\raw\images\47428.jpg
32231,Women,Apparel,Topwear,Kurtas,Blue,Summer,2012.0,Ethnic,Fabindia Women Printed Blue Kurta,Shirt,top,C:\Users\LENOVO\New folder\data\raw\images\32231.jpg
34654,Men,Footwear,Shoes,Sports Shoes,Grey,Summer,2012.0,Sports,Fila Men Cerchi Lite Grey Sports Shoes,Sneakers,shoes,C:\Users\LENOVO\New folder\data\raw\images\34654.jpg
5768,Women,Apparel,Bottomwear,Jeans,Blue,Summer,2011.0,Casual,Jealous 21 Women Dark Blue Jeggning,Jeans,bottom,C:\Users\LENOVO\New folder\data\raw\images\5768.jpg
19246,Men,Apparel,Topwear,Jackets,Blue,Fall,2011.0,Casual,Puma Men Foundation Padded Blue Jacket,Jacket,outerwear,C:\Users\LENOVO\New folder\data\raw\images\19246.jpg
27188,Men,Apparel,Topwear,Tshirts,Brown,Summer,2012.0,Casual,Mark Taylor Men Printed Brown T-shirt,T-Shirt,top,C:\Users\LENOVO\New folder\data\raw\images\27188.jpg
16510,Men,Apparel,Bottomwear,Jeans,Blue,Fall,2011.0,Casual,Locomotive Men Washed Blue Jeans,Jeans,bottom,C:\Users\LENOVO\New folder\data\raw\images\16510.jpg
15039,Women,Apparel,Topwear,Jackets,Pink,Fall,2011.0,Casual,ADIDAS Women Stripes Pink Jackets,Jacket,outerwear,C:\Users\LENOVO\New folder\data\raw\images\15039.jpg
36750,Girls,Apparel,Dress,Dresses,Navy Blue,Summer,2012.0,Casual,Little Miss Girls Chatterbox Navy Blue Dress,Dress,top,C:\Users\LENOVO\New folder\data\raw\images\36750.jpg
39314,Girls,Apparel,Bottomwear,Skirts,Red,Summer,2012.0,Casual,Gini and Jony Girls Red Skirt,Skirt,bottom,C:\Users\LENOVO\New folder\data\raw\images\39314.jpg
48522,Women,Apparel,Dress,Jumpsuit,Blue,Winter,2011.0,Casual,French Connection Women Blue Jumpsuit,Dress,top,C:\Users\LENOVO\New folder\data\raw\images\48522.jpg
13340,Women,Apparel,Bottomwear,Skirts,Black,Fall,2011.0,Casual,Gini and Jony Kids Girls Solid Black Skirts,Skirt,bottom,C:\Users\LENOVO\New folder\data\raw\images\13340.jpg
9716,Men,Footwear,Sandal,Sandals,Brown,Winter,2015.0,Formal,Hush Puppies Men Decent Brown Sandals,Shoes,shoes,C:\Users\LENOVO\New folder\data\raw\images\9716.jpg
33226,Women,Apparel,Dress,Dresses,Navy Blue,Summer,2012.0,Casual,Sepia Women Navy Blue Dress,Dress,top,C:\Users\LENOVO\New folder\data\raw\images\33226.jpg
39754,Boys,Apparel,Topwear,Jackets,Red,Summer,2012.0,Casual,Gini Jony Boys Printed Red Jacket,Jacket,outerwear,C:\Users\LENOVO\New folder\data\raw\images\39754.jpg
11307,Women,Apparel,Bottomwear,Jeans,Blue,Fall,2011.0,Casual,Wrangler Women Blue Michelle Jeans,Jeans,bottom,C:\Users\LENOVO\New folder\data\raw\images\11307.jpg
38845,Women,Apparel,Dress,Dresses,Blue,Summer,2012.0,Casual,Latin Quarters Women Blue Printed Dress,Dress,top,C:\Users\LENOVO\New folder\data\raw\images\38845.jpg
10664,Men,Apparel,Topwear,Tshirts,Yellow,Fall,2011.0,Casual,Doodle Boy Rockstar-sing it Yellow Tshirts,T-Shirt,top,C:\Users\LENOVO\New folder\data\raw\images\10664.jpg
20792,Men,Apparel,Topwear,Jackets,Beige,Fall,2011.0,Casual,Basics Men Beige Blazer Jacket,Jacket,outerwear,C:\Users\LENOVO\New folder\data\raw\images\20792.jpg
51591,Women,Apparel,Bottomwear,Jeans,Navy Blue,Summer,2012.0,Casual,Wrangler Women Navy Blue Giselle Jeans,Jeans,bottom,C:\Users\LENOVO\New folder\data\raw\images\51591.jpg
39119,Women,Apparel,Bottomwear,Leggings,Blue,Fall,2012.0,Casual,Aneri Women Blue Leggings,Trousers,bottom,C:\Users\LENOVO\New folder\data\raw\images\39119.jpg
32276,Women,Apparel,Topwear,Kurtas,Olive,Summer,2012.0,Ethnic,Vishudh Women Printed Olive Kurta,Shirt,top,C:\Users\LENOVO\New folder\data\raw\images\32276.jpg
9658,Men,Apparel,Topwear,Shirts,Maroon,Fall,2011.0,Casual,Indigo Nation Men Reversible Bling Maroon Shirt,Shirt,top,C:\Users\LENOVO\New folder\data\raw\images\9658.jpg
7892,Men,Apparel,Bottomwear,Shorts,Grey,Fall,2011.0,Casual,Proline Men Grey & White Checked Shorts,Trousers,bottom,C:\Users\LENOVO\New folder\data\raw\images\7892.jpg
16805,Girls,Apparel,Bottomwear,Skirts,Black,Fall,2011.0,Casual,ANT Kids Girls Printed Black Skirt,Skirt,bottom,C:\Users\LENOVO\New folder\data\raw\images\16805.jpg
21129,Women,Apparel,Topwear,Tops,Red,Fall,2011.0,Casual,s.Oliver Women Printed Red Top,T-Shirt,top,C:\Users\LENOVO\New folder\data\raw\images\21129.jpg
13310,Women,Apparel,Dress,Dresses,White,Fall,2011.0,Casual,Gini and Jony Kids Girls Solid White Dresses,Dress,top,C:\Users\LENOVO\New folder\data\raw\images\13310.jpg
33504,Women,Apparel,Dress,Dresses,Pink,Summer,2012.0,Casual,Doodle Kids Girl Printed Pink Dress,Dress,top,C:\Users\LENOVO\New folder\data\raw\images\33504.jpg
27231,Women,Apparel,Bottomwear,Skirts,Blue,Summer,2012.0,Casual,Doodle Kids Girl Washed Blue Skirt,Skirt,bottom,C:\Users\LENOVO\New folder\data\raw\images\27231.jpg
27845,Women,Apparel,Topwear,Blazers,Black,Summer,2012.0,Formal,Scullers For Her Black Blazer,Jacket,outerwear,C:\Users\LENOVO\New folder\data\raw\images\27845.jpg
30906,Women,Apparel,Topwear,Jackets,Maroon,Summer,2012.0,Ethnic,Fabindia Women Reversible Jacket,Jacket,outerwear,C:\Users\LENOVO\New folder\data\raw\images\30906.jpg
18509,Men,Apparel,Topwear,Jackets,Black,Fall,2011.0,Casual,C Vox Men Bubble 1344 Black Jacket,Jacket,outerwear,C:\Users\LENOVO\New folder\data\raw\images\18509.jpg
43360,Men,Footwear,Shoes,Sports Shoes,White,Summer,2012.0,Sports,Reebok Men White Ultimate Vibe Sports Shoes,Sneakers,shoes,C:\Users\LENOVO\New folder\data\raw\images\43360.jpg
34148,Girls,Apparel,Bottomwear,Skirts,Blue,Summer,2012.0,Casual,Gini and Jony Girls Washed Blue Skirt,Skirt,bottom,C:\Users\LENOVO\New folder\data\raw\images\34148.jpg
23724,Men,Accessories,Eyewear,Sunglasses,Steel,Winter,2016.0,Casual,Ray-Ban Men High Street Steel Sunglasses,Accessories,accessory,C:\Users\LENOVO\New folder\data\raw\images\23724.jpg
14308,Men,Apparel,Topwear,Jackets,Black,Fall,2011.0,Casual,ADIDAS Men Solid Black Jackets,Jacket,outerwear,C:\Users\LENOVO\New folder\data\raw\images\14308.jpg
6651,Men,Footwear,Flip Flops,Flip Flops,Brown,Summer,2011.0,Casual,Nike Men's Triplefin Thong Brown Khaki Flip Flop,Shoes,shoes,C:\Users\LENOVO\New folder\data\raw\images\6651.jpg
48524,Women,Apparel,Dress,Dresses,White,Summer,2012.0,Casual,French Connection Women White Dress,Dress,top,C:\Users\LENOVO\New folder\data\raw\images\48524.jpg
41840,Women,Footwear,Shoes,Sports Shoes,White,Summer,2012.0,Sports,Skechers Women White Sports Shoes,Sneakers,shoes,C:\Users\LENOVO\New folder\data\raw\images\41840.jpg
12848,Women,Apparel,Bottomwear,Skirts,Blue,Fall,2011.0,Casual,Ant Kids Check Blue Skirts,Skirt,bottom,C:\Users\LENOVO\New folder\data\raw\images\12848.jpg
43509,Women,Apparel,Dress,Dresses,Grey Melange,Summer,2012.0,Casual,French Connection Women Grey Melange Dress,Dress,top,C:\Users\LENOVO\New folder\data\raw\images\43509.jpg
57037,Women,Apparel,Dress,Dresses,Blue,Summer,2012.0,Casual,Elle Women Blue Dress,Dress,top,C:\Users\LENOVO\New folder\data\raw\images\57037.jpg
25442,Men,Footwear,Shoes,Sports Shoes,Black,Summer,2012.0,Sports,Nike Men Dunk Low Black Sports Shoes,Sneakers,shoes,C:\Users\LENOVO\New folder\data\raw\images\25442.jpg
17939,Men,Apparel,Bottomwear,Shorts,White,Fall,2011.0,Sports,Puma Men Solid White  Logo 3/4 Pants,Trousers,bottom,C:\Users\LENOVO\New folder\data\raw\images\17939.jpg
40428,Women,Apparel,Bottomwear,Skirts,Grey,Summer,2012.0,Formal,Tonga Women Grey Formal Skirt,Skirt,bottom,C:\Users\LENOVO\New folder\data\raw\images\40428.jpg
4569,Men,Footwear,Shoes,Sports Shoes,White,Summer,2011.0,Sports,Nike Men's Collect White Shoe,Sneakers,shoes,C:\Users\LENOVO\New folder\data\raw\images\4569.jpg
23051,Women,Apparel,Dress,Dresses,Navy Blue,Fall,2011.0,Casual,Arrow Woman Navy Blue Printed Dress,Dress,top,C:\Users\LENOVO\New folder\data\raw\images\23051.jpg
59979,Women,Apparel,Dress,Dresses,Multi,Fall,2012.0,Casual,Avirate Multicoloured Dress,Dress,top,C:\Users\LENOVO\New folder\data\raw\images\59979.jpg
40160,Boys,Apparel,Bottomwear,Jeans,Navy Blue,Summer,2012.0,Casual,Gini and Jony Boys Raw Wash Navy Blue Jeans,Jeans,bottom,C:\Users\LENOVO\New folder\data\raw\images\40160.jpg
13888,Men,Apparel,Bottomwear,Trousers,Navy Blue,Fall,2011.0,Casual,Scullers Men Solid Navy Blue Trousers,Trousers,bottom,C:\Users\LENOVO\New folder\data\raw\images\13888.jpg
5559,Men,Apparel,Topwear,Jackets,Yellow,Summer,2011.0,Casual,Reebok Men Reversible Blue & Yellow Jacket,Jacket,outerwear,C:\Users\LENOVO\New folder\data\raw\images\5559.jpg
24846,Men,Apparel,Topwear,Jackets,Grey,Summer,2015.0,Casual,Wildcraft Men Grey Wind Cheater Jacket,Jacket,outerwear,C:\Users\LENOVO\New folder\data\raw\images\24846.jpg
44309,Men,Apparel,Bottomwear,Shorts,Brown,Summer,2012.0,Casual,Indian Terrain Men Brown Shorts,Trousers,bottom,C:\Users\LENOVO\New folder\data\raw\images\44309.jpg
5241,Men,Footwear,Shoes,Sports Shoes,Grey,Summer,2011.0,Sports,Reebok Men's Cruiseon Charcoal Grey Shoe,Sneakers,shoes,C:\Users\LENOVO\New folder\data\raw\images\5241.jpg
5353,Women,Footwear,Shoes,Sports Shoes,Blue,Fall,2011.0,Sports,Kalenji Ekiden 50 Women,Sneakers,shoes,C:\Users\LENOVO\New folder\data\raw\images\5353.jpg
10013,Men,Apparel,Topwear,Tshirts,Yellow,Fall,2011.0,Sports,Nike Men As Ss Cruiser Yellow T-Shirts,T-Shirt,top,C:\Users\LENOVO\New folder\data\raw\images\10013.jpg
25039,Men,Apparel,Bottomwear,Shorts,Black,Summer,2011.0,Sports,Nike Men T90 Black Shorts,Trousers,bottom,C:\Users\LENOVO\New folder\data\raw\images\25039.jpg
28631,Men,Apparel,Bottomwear,Track Pants,Navy Blue,Summer,2012.0,Sports,Nike Men Pintuck Navy Blue Track Pants,Trousers,bottom,C:\Users\LENOVO\New folder\data\raw\images\28631.jpg
10088,Men,Footwear,Shoes,Sports Shoes,Silver,Fall,2011.0,Sports,Reebok Men Racehound Silver Sports Shoes,Sneakers,shoes,C:\Users\LENOVO\New folder\data\raw\images\10088.jpg
36208,Boys,Apparel,Topwear,Jackets,Black,Summer,2012.0,Casual,Gini Jony Boys Black Jacket,Jacket,outerwear,C:\Users\LENOVO\New folder\data\raw\images\36208.jpg
6880,Women,Apparel,Topwear,Jackets,Black,Summer,2011.0,Casual,Forever New Women Long Black Jacket,Jacket,outerwear,C:\Users\LENOVO\New folder\data\raw\images\6880.jpg
35932,Men,Footwear,Shoes,Sports Shoes,Black,Summer,2012.0,Sports,Salomon Men X-Tracks GTX Black Sports Shoes,Sneakers,shoes,C:\Users\LENOVO\New folder\data\raw\images\35932.jpg
30759,Men,Apparel,Topwear,Kurtas,Black,Summer,2012.0,Ethnic,Fabindia Men Printed Black Kurta,Shirt,top,C:\Users\LENOVO\New folder\data\raw\images\30759.jpg
22983,Men,Footwear,Shoes,Sports Shoes,Black,Fall,2011.0,Sports,FILA Men Black Temptation Sports Shoes,Sneakers,shoes,C:\Users\LENOVO\New folder\data\raw\images\22983.jpg
13104,Men,Apparel,Topwear,Jackets,Black,Fall,2011.0,Casual,ADIDAS Men Bnce T-Top Black Jackets,Jacket,outerwear,C:\Users\LENOVO\New folder\data\raw\images\13104.jpg
46090,Men,Footwear,Shoes,Sports Shoes,Black,Summer,2012.0,Sports,ADIDAS Men Black Adipure Sports Shoes,Sneakers,shoes,C:\Users\LENOVO\New folder\data\raw\images\46090.jpg
3323,Men,Apparel,Topwear,Jackets,Blue,Summer,2011.0,Sports,KKR Mens Fangear Tee,Jacket,outerwear,C:\Users\LENOVO\New folder\data\raw\images\3323.jpg
40412,Women,Apparel,Dress,Dresses,Pink,Summer,2012.0,Casual,Tonga Women Plum Dress,Dress,top,C:\Users\LENOVO\New folder\data\raw\images\40412.jpg
6644,Women,Footwear,Shoes,Sports Shoes,White,Summer,2011.0,Sports,Nike Women Transform III IN White Shoe,Sneakers,shoes,C:\Users\LENOVO\New folder\data\raw\images\6644.jpg
37930,Women,Apparel,Bottomwear,Skirts,Brown,Summer,2012.0,Casual,Mineral Women Brown Skirt,Skirt,bottom,C:\Users\LENOVO\New folder\data\raw\images\37930.jpg
43520,Women,Apparel,Bottomwear,Skirts,Navy Blue,Summer,2012.0,Formal,French Connection Women Navy Blue Skirt,Skirt,bottom,C:\Users\LENOVO\New folder\data\raw\images\43520.jpg
43513,Women,Apparel,Dress,Dresses,Orange,Summer,2012.0,Casual,French Connection Women Orange Dress,Dress,top,C:\Users\LENOVO\New folder\data\raw\images\43513.jpg
34494,Women,Apparel,Bottomwear,Skirts,Black,Summer,2012.0,Formal,Van Heusen Woman Black Skirt,Skirt,bottom,C:\Users\LENOVO\New folder\data\raw\images\34494.jpg
15608,Men,Apparel,Bottomwear,Track Pants,Navy Blue,Spring,2014.0,Sports,Nike Navy Blue Team Woven     Training  Track Pants,Trousers,bottom,C:\Users\LENOVO\New folder\data\raw\images\15608.jpg
4952,Men,Apparel,Bottomwear,Shorts,Black,Summer,2011.0,Casual,Gini and Jony Boy's Kimon Black Bermuda Infant Kidswear,Trousers,bottom,C:\Users\LENOVO\New folder\data\raw\images\4952.jpg
56943,Women,Footwear,Shoes,Flats,Black,Winter,2012.0,Casual,HM Women Black Sandals,Shoes,shoes,C:\Users\LENOVO\New folder\data\raw\images\56943.jpg
57087,Women,Apparel,Bottomwear,Skirts,Yellow,Summer,2012.0,Casual,Elle Women Yellow Skirt,Skirt,bottom,C:\Users\LENOVO\New folder\data\raw\images\57087.jpg
40767,Men,Accessories,Headwear,Caps,Grey,Summer,2012.0,Casual,Quiksilver Men Grey Firsty Fishtails Cap,Accessories,accessory,C:\Users\LENOVO\New folder\data\raw\images\40767.jpg
37103,Men,Apparel,Bottomwear,Trousers,Brown,Summer,2012.0,Formal,Wills Lifestyle Men Brown Trousers,Trousers,bottom,C:\Users\LENOVO\New folder\data\raw\images\37103.jpg
11178,Men,Accessories,Watches,Watches,Silver,Winter,2016.0,Casual,Carrera Men Steel dial Silver Watches,Accessories,accessory,C:\Users\LENOVO\New folder\data\raw\images\11178.jpg
35412,Men,Footwear,Shoes,Casual Shoes,Black,Summer,2012.0,Casual,Enroute Men Black Shoes,Shoes,shoes,C:\Users\LENOVO\New folder\data\raw\images\35412.jpg
5571,Men,Footwear,Shoes,Sports Shoes,White,Summer,2011.0,Sports,ADIDAS Men's Makis White Shoe,Sneakers,shoes,C:\Users\LENOVO\New folder\data\raw\images\5571.jpg
44682,Women,Apparel,Dress,Dresses,Blue,Summer,2012.0,Casual,Wills Lifestyle Women Blue Dress,Dress,top,C:\Users\LENOVO\New folder\data\raw\images\44682.jpg
46094,Men,Footwear,Sandal,Sandals,Grey,Summer,2012.0,Casual,ADIDAS Men Grey Climacool Cayoosh Sandals,Shoes,shoes,C:\Users\LENOVO\New folder\data\raw\images\46094.jpg
27475,Women,Apparel,Innerwear,Bra,White,Winter,2015.0,Casual,Jockey Women White Essence Bra 2001,Accessories,accessory,C:\Users\LENOVO\New folder\data\raw\images\27475.jpg
45592,Men,Footwear,Shoes,Formal Shoes,Tan,Summer,2013.0,Formal,Arrow Men Tan Formal Shoes,Shoes,shoes,C:\Users\LENOVO\New folder\data\raw\images\45592.jpg
55895,Women,Personal Care,Nails,Nail Polish,Pink,Spring,2017.0,Casual,Colorbar Rasmopolitan Nail Lacquer 03,Accessories,accessory,C:\Users\LENOVO\New folder\data\raw\images\55895.jpg
45398,Women,Footwear,Shoes,Flats,White,Summer,2012.0,Casual,Rocia Women White Sandals,Shoes,shoes,C:\Users\LENOVO\New folder\data\raw\images\45398.jpg
41774,Women,Apparel,Dress,Dresses,Navy Blue,Summer,2012.0,Casual,Remanika Women Navy Blue Dress,Dress,top,C:\Users\LENOVO\New folder\data\raw\images\41774.jpg
9777,Men,Apparel,Bottomwear,Track Pants,Black,Fall,2011.0,Casual,ADIDAS Men Cress 3spespt Black Track Pants,Trousers,bottom,C:\Users\LENOVO\New folder\data\raw\images\9777.jpg
8499,Women,Apparel,Bottomwear,Skirts,Pink,Fall,2011.0,Casual,Forever New Women Blossom  Pink Printed Skirt,Skirt,bottom,C:\Users\LENOVO\New folder\data\raw\images\8499.jpg
4461,Men,Apparel,Topwear,Jackets,Black,Summer,2011.0,Sports,Nike Men Manu Show Time Black Jacket,Jacket,outerwear,C:\Users\LENOVO\New folder\data\raw\images\4461.jpg
55930,Women,Personal Care,Nails,Nail Polish,Pink,Spring,2017.0,Casual,Colorbar Extrovert Nail Lacquer 40,Accessories,accessory,C:\Users\LENOVO\New folder\data\raw\images\55930.jpg
57060,Women,Apparel,Dress,Dresses,Teal,Summer,2012.0,Casual,Elle Women Teal Dress,Dress,top,C:\Users\LENOVO\New folder\data\raw\images\57060.jpg
51443,Women,Apparel,Topwear,Shirts,Yellow,Summer,2012.0,Casual,Myntra Women Yellow Shirt,Shirt,top,C:\Users\LENOVO\New folder\data\raw\images\51443.jpg
24450,Men,Footwear,Shoes,Casual Shoes,Black,Summer,2012.0,Casual,Nike Men Sweet Classic Leather Black Shoes,Shoes,shoes,C:\Users\LENOVO\New folder\data\raw\images\24450.jpg
27765,Men,Accessories,Wallets,Wallets,Brown,Winter,2015.0,Casual,Bulchee Men Dark Brown Wallet,Accessories,accessory,C:\Users\LENOVO\New folder\data\raw\images\27765.jpg
29241,Men,Footwear,Shoes,Sports Shoes,White,Summer,2012.0,Sports,ADIDAS Men Advent White Sports Shoes,Sneakers,shoes,C:\Users\LENOVO\New folder\data\raw\images\29241.jpg
40275,Men,Apparel,Bottomwear,Trousers,Beige,Summer,2012.0,Casual,Scullers Men Beige Trousers,Trousers,bottom,C:\Users\LENOVO\New folder\data\raw\images\40275.jpg
18960,Women,Apparel,Topwear,Sweatshirts,Blue,Fall,2011.0,Casual,United Colors of Benetton Women Solid Blue Sweatshirt,T-Shirt,top,C:\Users\LENOVO\New folder\data\raw\images\18960.jpg
17904,Men,Apparel,Topwear,Jackets,Navy Blue,Fall,2011.0,Sports,Nike Men Football Soccer Navy Blue Jacket,Jacket,outerwear,C:\Users\LENOVO\New folder\data\raw\images\17904.jpg
29166,Girls,Apparel,Dress,Dresses,Navy Blue,Summer,2012.0,Casual,United Colors of Benetton Girls Polka Dot Navy Blue Dress,Dress,top,C:\Users\LENOVO\New folder\data\raw\images\29166.jpg
11273,Men,Apparel,Topwear,Jackets,Blue,Fall,2011.0,Casual,Nike Men  Blue Jacket,Jacket,outerwear,C:\Users\LENOVO\New folder\data\raw\images\11273.jpg
41773,Women,Apparel,Topwear,Tops,White,Summer,2012.0,Casual,Remanika Women Printed White Top,T-Shirt,top,C:\Users\LENOVO\New folder\data\raw\images\41773.jpg
23150,Women,Apparel,Topwear,Jackets,Purple,Fall,2011.0,Casual,Quechua Women  Fleece Purple Jacket,Jacket,outerwear,C:\Users\LENOVO\New folder\data\raw\images\23150.jpg
43383,Men,Footwear,Flip Flops,Flip Flops,Grey,Summer,2012.0,Casual,Numero Uno Men Grey & Orange Flip Flops,Shoes,shoes,C:\Users\LENOVO\New folder\data\raw\images\43383.jpg
33309,Boys,Apparel,Bottomwear,Jeans,Black,Summer,2012.0,Casual,Palm Tree Boys Solid Black Jeans,Jeans,bottom,C:\Users\LENOVO\New folder\data\raw\images\33309.jpg
38996,Boys,Apparel,Bottomwear,Jeans,Blue,Summer,2012.0,Casual,Gini and Jony Boys Rodeo Blue Jeans,Jeans,bottom,C:\Users\LENOVO\New folder\data\raw\images\38996.jpg
42001,Girls,Apparel,Bottomwear,Capris,Pink,Summer,2012.0,Casual,Gini and Jony Girls Kinky Pink Capris,Trousers,bottom,C:\Users\LENOVO\New folder\data\raw\images\42001.jpg
18615,Men,Apparel,Topwear,Tshirts,White,Fall,2011.0,Sports,Puma Men Team SS White Tshirts,T-Shirt,top,C:\Users\LENOVO\New folder\data\raw\images\18615.jpg
33308,Boys,Apparel,Bottomwear,Jeans,Black,Summer,2012.0,Casual,Gini and Jony Boys Solid Black Jeans,Jeans,bottom,C:\Users\LENOVO\New folder\data\raw\images\33308.jpg
12285,Men,Apparel,Bottomwear,Trousers,Black,Fall,2011.0,Formal,Genesis Men Solid Black Trousers,Trousers,bottom,C:\Users\LENOVO\New folder\data\raw\images\12285.jpg
26364,Women,Apparel,Bottomwear,Skirts,Grey,Summer,2012.0,Formal,Arrow Woman Grey Skirt,Skirt,bottom,C:\Users\LENOVO\New folder\data\raw\images\26364.jpg
5390,Unisex,Footwear,Shoes,Sports Shoes,Grey,,2011.0,Sports,Kalenji Kapteren 100 Grey Orang,Sneakers,shoes,C:\Users\LENOVO\New folder\data\raw\images\5390.jpg
39280,Men,Footwear,Shoes,Casual Shoes,Tan,Summer,2018.0,Casual,Red Chief Men Tan Casual Shoes,Shoes,shoes,C:\Users\LENOVO\New folder\data\raw\images\39280.jpg
38997,Girls,Apparel,Dress,Dresses,Blue,Summer,2012.0,Casual,Gini and Jony Girls Digital Blue Dress,Dress,top,C:\Users\LENOVO\New folder\data\raw\images\38997.jpg
26521,Men,Apparel,Bottomwear,Shorts,Blue,Spring,2012.0,Casual,Arrow Sport Men Blue Check Shorts,Trousers,bottom,C:\Users\LENOVO\New folder\data\raw\images\26521.jpg
57092,Women,Apparel,Bottomwear,Skirts,Off White,Summer,2012.0,Casual,Elle Women Off White Skirt,Skirt,bottom,C:\Users\LENOVO\New folder\data\raw\images\57092.jpg
11266,Men,Apparel,Bottomwear,Trousers,Beige,Fall,2011.0,Casual,Indigo Nation Men Pv Plan(Mix & Max) Greyish Brown Trousers,Trousers,bottom,C:\Users\LENOVO\New folder\data\raw\images\11266.jpg
18166,Girls,Apparel,Dress,Dresses,Magenta,Fall,2011.0,Casual,Doodle Kids Girls Party Frock Purple Dress,Dress,top,C:\Users\LENOVO\New folder\data\raw\images\18166.jpg
19619,Women,Apparel,Topwear,Tops,White,Summer,2011.0,Casual,United Colors of Benetton Women White Top,T-Shirt,top,C:\Users\LENOVO\New folder\data\raw\images\19619.jpg
15020,Men,Apparel,Topwear,Jackets,Maroon,Fall,2011.0,Sports,ADIDAS Men Solid Maroon Jackets,Jacket,outerwear,C:\Users\LENOVO\New folder\data\raw\images\15020.jpg
32429,Men,Apparel,Bottomwear,Shorts,Black,Summer,2012.0,Sports,ADIDAS Men Training Black Shorts,Trousers,bottom,C:\Users\LENOVO\New folder\data\raw\images\32429.jpg
49764,Women,Apparel,Bottomwear,Leggings,Black,Summer,2012.0,Casual,Vishudh Black Leggings,Trousers,bottom,C:\Users\LENOVO\New folder\data\raw\images\49764.jpg
58810,Men,Apparel,Topwear,Shirts,Black,Fall,2012.0,Casual,Highlander Men Black & Blue Check Shirt,Shirt,top,C:\Users\LENOVO\New folder\data\raw\images\58810.jpg
13829,Men,Apparel,Topwear,Sweaters,Purple,Fall,2011.0,Casual,Indigo Nation Men Stripes Purple Sweaters,T-Shirt,top,C:\Users\LENOVO\New folder\data\raw\images\13829.jpg
57989,Women,Apparel,Dress,Dresses,Blue,Fall,2012.0,Casual,Latin Quarters Women Blue Dress,Dress,top,C:\Users\LENOVO\New folder\data\raw\images\57989.jpg
57064,Women,Apparel,Topwear,Jackets,Black,Summer,2012.0,Casual,Elle Women Black Jacket,Jacket,outerwear,C:\Users\LENOVO\New folder\data\raw\images\57064.jpg
57759,Women,Personal Care,Skin Care,Face Wash and Cleanser,White,Spring,2017.0,,Lotus Herbals Jojobawash Face Wash,Accessories,accessory,C:\Users\LENOVO\New folder\data\raw\images\57759.jpg
12446,Men,Accessories,Wallets,Wallets,Black,Fall,2011.0,Casual,Timberland Men Casual Black Wallets,Accessories,accessory,C:\Users\LENOVO\New folder\data\raw\images\12446.jpg
20893,Men,Footwear,Shoes,Casual Shoes,Black,Fall,2011.0,Casual,Basics Men Black Casual Shoes,Shoes,shoes,C:\Users\LENOVO\New folder\data\raw\images\20893.jpg
38545,Unisex,Footwear,Shoes,Casual Shoes,Grey,Summer,2012.0,Casual,Puma Unisex Grey Suede Archive Eco Shoes,Shoes,shoes,C:\Users\LENOVO\New folder\data\raw\images\38545.jpg
3899,Girls,Apparel,Topwear,Tshirts,White,Summer,2011.0,Casual,Disney Kids Girl's Pooh And Tree White Kidswear,T-Shirt,top,C:\Users\LENOVO\New folder\data\raw\images\3899.jpg
42255,Men,Apparel,Bottomwear,Trousers,Brown,Summer,2012.0,Casual,John Players Men Brown Trousers,Trousers,bottom,C:\Users\LENOVO\New folder\data\raw\images\42255.jpg
14117,Women,Apparel,Bottomwear,Jeans,Blue,Fall,2011.0,Casual,Flying Machine Women Washed Blue Jeans,Jeans,bottom,C:\Users\LENOVO\New folder\data\raw\images\14117.jpg
9482,Men,Apparel,Topwear,Shirts,Black,Fall,2011.0,Formal,John Miller Men Black white small check Shirts,Shirt,top,C:\Users\LENOVO\New folder\data\raw\images\9482.jpg
55783,Men,Footwear,Shoes,Casual Shoes,Brown,Fall,2013.0,Casual,Converse Men Brown Casual Shoes,Shoes,shoes,C:\Users\LENOVO\New folder\data\raw\images\55783.jpg
44695,Women,Apparel,Topwear,Tunics,Red,Fall,2012.0,Casual,Wills Lifestyle Women Pink & Blue Striped Lina Tunic,Shirt,top,C:\Users\LENOVO\New folder\data\raw\images\44695.jpg
14365,Women,Footwear,Shoes,Heels,Beige,Winter,2015.0,Casual,Catwalk Women Casual Beige Flats,Shoes,shoes,C:\Users\LENOVO\New folder\data\raw\images\14365.jpg
31337,Men,Apparel,Bottomwear,Jeans,Blue,Summer,2012.0,Casual,Locomotive Men Washed Blue Jeans,Jeans,bottom,C:\Users\LENOVO\New folder\data\raw\images\31337.jpg
19336,Men,Apparel,Topwear,Jackets,Grey,Fall,2011.0,Casual,United Colors of Benetton Men Solid Grey Jacket,Jacket,outerwear,C:\Users\LENOVO\New folder\data\raw\images\19336.jpg
59964,Women,Apparel,Dress,Dresses,Black,Fall,2012.0,Casual,Avirate Women Black Dress,Dress,top,C:\Users\LENOVO\New folder\data\raw\images\59964.jpg
51498,Women,Apparel,Bottomwear,Jeans,Blue,Summer,2012.0,Casual,Denizen Women Blue Jeans,Jeans,bottom,C:\Users\LENOVO\New folder\data\raw\images\51498.jpg
9144,Women,Apparel,Bottomwear,Jeans,Blue,Summer,2013.0,Casual,Lee Women Scraped Blue Roxy Fit Jeans,Jeans,bottom,C:\Users\LENOVO\New folder\data\raw\images\9144.jpg
27406,Women,Apparel,Loungewear and Nightwear,Lounge Shorts,Maroon,Winter,2015.0,Casual,Jockey Women Maroon Capris,Accessories,accessory,C:\Users\LENOVO\New folder\data\raw\images\27406.jpg
32378,Women,Apparel,Dress,Dresses,Cream,Summer,2012.0,Casual,Arrow Woman Printed Multi Coloured Dress,Dress,top,C:\Users\LENOVO\New folder\data\raw\images\32378.jpg
27000,Women,Apparel,Bottomwear,Jeans,Blue,Summer,2012.0,Casual,Jealous 21 Women Washed Blue Jeans,Jeans,bottom,C:\Users\LENOVO\New folder\data\raw\images\27000.jpg
49149,Women,Personal Care,Lips,Lip Liner,Brown,Spring,2017.0,Casual,Deborah Extra Lip Liner 02,Accessories,accessory,C:\Users\LENOVO\New folder\data\raw\images\49149.jpg
51455,Women,Apparel,Topwear,Shrug,Pink,Summer,2012.0,Casual,Tonga Women Pink Printed Shrug,Jacket,outerwear,C:\Users\LENOVO\New folder\data\raw\images\51455.jpg
14283,Women,Footwear,Shoes,Casual Shoes,Brown,Fall,2011.0,Casual,Timberland Women Chauncy ox  Casual Shoe,Shoes,shoes,C:\Users\LENOVO\New folder\data\raw\images\14283.jpg
36687,Men,Footwear,Sandal,Sandals,Navy Blue,Summer,2012.0,Casual,Spalding Men Grey And  Navy Blue Sandals,Shoes,shoes,C:\Users\LENOVO\New folder\data\raw\images\36687.jpg
7686,Men,Apparel,Topwear,Jackets,Red,Fall,2011.0,Sports,Puma Men Alonso Track Red Ferrari Jacket,Jacket,outerwear,C:\Users\LENOVO\New folder\data\raw\images\7686.jpg
43916,Women,Apparel,Bottomwear,Shorts,Yellow,Summer,2012.0,Casual,Femella Women Yellow Shorts,Trousers,bottom,C:\Users\LENOVO\New folder\data\raw\images\43916.jpg
35708,Men,Footwear,Shoes,Casual Shoes,Black,Summer,2012.0,Casual,Nike Men Air Ralston Mid Lite Black Shoes,Shoes,shoes,C:\Users\LENOVO\New folder\data\raw\images\35708.jpg
34848,Men,Footwear,Shoes,Sports Shoes,Black,Summer,2012.0,Sports,ADIDAS Men Trx HG Black Sports Shoes,Sneakers,shoes,C:\Users\LENOVO\New folder\data\raw\images\34848.jpg
55148,Women,Personal Care,Nails,Nail Polish,Red,Spring,2017.0,Casual,Lakme True Wear Freespirit Nail Polish D416,Accessories,accessory,C:\Users\LENOVO\New folder\data\raw\images\55148.jpg
6898,Women,Apparel,Bottomwear,Skirts,Cream,Summer,2011.0,Casual,Forever New Women's Formal Cream Skirt,Skirt,bottom,C:\Users\LENOVO\New folder\data\raw\images\6898.jpg
27094,Women,Apparel,Topwear,Kurtas,Red,Summer,2012.0,Ethnic,Aneri Women Gazal Red Kurta,Shirt,top,C:\Users\LENOVO\New folder\data\raw\images\27094.jpg
57085,Women,Apparel,Bottomwear,Skirts,Off White,Summer,2012.0,Casual,Elle Women Off-White & Orange Floral Print Tulip Skirt,Skirt,bottom,C:\Users\LENOVO\New folder\data\raw\images\57085.jpg
55599,Men,Apparel,Topwear,Shirts,Blue,Summer,2012.0,Casual,Peter England Men Blue Shirt,Shirt,top,C:\Users\LENOVO\New folder\data\raw\images\55599.jpg
57533,Men,Footwear,Shoes,Formal Shoes,Tan,Fall,2012.0,Formal,Provogue Men Brown Formal Shoes,Shoes,shoes,C:\Users\LENOVO\New folder\data\raw\images\57533.jpg
15286,Men,Footwear,Shoes,Casual Shoes,White,Winter,2012.0,Casual,Fila Men White Mercury Casual Shoes,Shoes,shoes,C:\Users\LENOVO\New folder\data\raw\images\15286.jpg
4593,Unisex,Accessories,Bags,Backpacks,Olive,Winter,2015.0,Casual,Wildcraft Unisex Olive & Black Backpack,Accessories,accessory,C:\Users\LENOVO\New folder\data\raw\images\4593.jpg
11342,Men,Apparel,Bottomwear,Jeans,Black,Spring,2013.0,Casual,Lee Men Black Chicago Fit Jeans,Jeans,bottom,C:\Users\LENOVO\New folder\data\raw\images\11342.jpg
13762,Men,Apparel,Topwear,Shirts,White,Fall,2011.0,Formal,Belmonte Men Solid White Shirts,Shirt,top,C:\Users\LENOVO\New folder\data\raw\images\13762.jpg
41424,Men,Apparel,Bottomwear,Trousers,Khaki,Summer,2012.0,Casual,Highlander Men Khaki Trousers,Trousers,bottom,C:\Users\LENOVO\New folder\data\raw\images\41424.jpg
51482,Men,Apparel,Bottomwear,Jeans,Blue,Summer,2012.0,Casual,Denizen Men Blue Jeans,Jeans,bottom,C:\Users\LENOVO\New folder\data\raw\images\51482.jpg
53753,Men,Apparel,Bottomwear,Shorts,Red,Summer,2012.0,Casual,ADIDAS Men Red Shorts,Trousers,bottom,C:\Users\LENOVO\New folder\data\raw\images\53753.jpg
7399,Men,Footwear,Shoes,Formal Shoes,Black,Winter,2018.0,Formal,Red Tape Men's Black Formal Shoe,Shoes,shoes,C:\Users\LENOVO\New folder\data\raw\images\7399.jpg
30320,Men,Apparel,Topwear,Tshirts,Teal,Summer,2012.0,Casual,Myntra Men Teal T-shirt,T-Shirt,top,C:\Users\LENOVO\New folder\data\raw\images\30320.jpg
11350,Men,Apparel,Bottomwear,Jeans,Blue,Spring,2013.0,Casual,Lee Men Msyria Blue Chicago Fit Jeans,Jeans,bottom,C:\Users\LENOVO\New folder\data\raw\images\11350.jpg
48467,Women,Apparel,Dress,Dresses,Red,Summer,2012.0,Casual,French Connection Women Red Dress,Dress,top,C:\Users\LENOVO\New folder\data\raw\images\48467.jpg
54056,Women,Apparel,Bottomwear,Leggings,Pink,Summer,2012.0,Casual,Myntra Women Pink Leggings,Trousers,bottom,C:\Users\LENOVO\New folder\data\raw\images\54056.jpg
39723,Women,Apparel,Dress,Dresses,Green,Summer,2012.0,Casual,Arrow Woman Aqua Green Dress,Dress,top,C:\Users\LENOVO\New folder\data\raw\images\39723.jpg
56845,Men,Apparel,Bottomwear,Jeans,Blue,Fall,2012.0,Casual,John Players Men Blue Regular Fit Jeans,Jeans,bottom,C:\Users\LENOVO\New folder\data\raw\images\56845.jpg
45777,Women,Apparel,Dress,Dresses,Red,Summer,2012.0,Casual,Remanika Women Red Dress,Dress,top,C:\Users\LENOVO\New folder\data\raw\images\45777.jpg
3812,Men,Footwear,Shoes,Casual Shoes,Black,Spring,2014.0,Casual,Converse Men CT COLOR HI Black Black Casual Shoes,Shoes,shoes,C:\Users\LENOVO\New folder\data\raw\images\3812.jpg
25412,Men,Footwear,Shoes,Sports Shoes,White,Summer,2012.0,Sports,Nike Men White Sports Shoes,Sneakers,shoes,C:\Users\LENOVO\New folder\data\raw\images\25412.jpg
50698,Women,Apparel,Dress,Dresses,Purple,Summer,2012.0,Casual,Latin Quarters Women Purple Dress,Dress,top,C:\Users\LENOVO\New folder\data\raw\images\50698.jpg
59120,Men,Apparel,Topwear,Jackets,Olive,Summer,2012.0,Casual,Just Natural Men Olive Jacket,Jacket,outerwear,C:\Users\LENOVO\New folder\data\raw\images\59120.jpg
52647,Women,Accessories,Bags,Handbags,Black,Summer,2012.0,Casual,Mod'acc Women Black Handbag,Accessories,accessory,C:\Users\LENOVO\New folder\data\raw\images\52647.jpg
53390,Women,Apparel,Topwear,Kurtas,Beige,Summer,2012.0,Ethnic,Aurelia Women Beige Kurta,Shirt,top,C:\Users\LENOVO\New folder\data\raw\images\53390.jpg
30645,Men,Apparel,Topwear,Tshirts,Maroon,Summer,2012.0,Sports,Nike Men Barca Rugby Maroon T-shirt,T-Shirt,top,C:\Users\LENOVO\New folder\data\raw\images\30645.jpg
39330,Girls,Apparel,Bottomwear,Skirts,White,Summer,2012.0,Casual,Gini & Jony Girls White Skirt,Skirt,bottom,C:\Users\LENOVO\New folder\data\raw\images\39330.jpg
11335,Men,Apparel,Bottomwear,Jeans,Blue,Fall,2011.0,Casual,United Colors of Benetton Men Washed Blue Jeans,Jeans,bottom,C:\Users\LENOVO\New folder\data\raw\images\11335.jpg
6280,Men,Apparel,Topwear,Tshirts,Pink,Summer,2011.0,Casual,UCB Men's Making Light Pink T-shirt,T-Shirt,top,C:\Users\LENOVO\New folder\data\raw\images\6280.jpg
11520,Women,Apparel,Bottomwear,Jeans,Black,Fall,2011.0,Casual,United Colors of Benetton Women Denim Black Jeans,Jeans,bottom,C:\Users\LENOVO\New folder\data\raw\images\11520.jpg
26072,Men,Apparel,Topwear,Shirts,Blue,Summer,2012.0,Formal,John Miller Men Striped Blue Shirt,Shirt,top,C:\Users\LENOVO\New folder\data\raw\images\26072.jpg
22313,Men,Apparel,Topwear,Jackets,Black,Summer,2015.0,Casual,Wildcraft Men Black Fleece Jacket,Jacket,outerwear,C:\Users\LENOVO\New folder\data\raw\images\22313.jpg
46749,Men,Apparel,Bottomwear,Track Pants,Blue,Summer,2012.0,Sports,Nike Men Blue Track Pants,Trousers,bottom,C:\Users\LENOVO\New folder\data\raw\images\46749.jpg
56121,Women,Personal Care,Makeup,Kajal and Eyeliner,Black,Spring,2017.0,Casual,Colorbar Indian Eye Kohl Jet Black Kajal 001,Accessories,accessory,C:\Users\LENOVO\New folder\data\raw\images\56121.jpg
13243,Men,Apparel,Bottomwear,Shorts,Beige,Fall,2011.0,Casual,Palm Tree Kids Boys Solid Beige Shorts,Trousers,bottom,C:\Users\LENOVO\New folder\data\raw\images\13243.jpg
31317,Women,Apparel,Topwear,Jackets,Teal,Summer,2012.0,Casual,W Women Teal Jacket,Jacket,outerwear,C:\Users\LENOVO\New folder\data\raw\images\31317.jpg
6862,Women,Apparel,Bottomwear,Skirts,Pink,Summer,2011.0,Casual,Forever New Women's Peach Pink Skirt,Skirt,bottom,C:\Users\LENOVO\New folder\data\raw\images\6862.jpg
43331,Women,Apparel,Topwear,Dresses,Pink,Summer,2012.0,Casual,United Colors of Benetton Women Pink Sheath Dress,Dress,top,C:\Users\LENOVO\New folder\data\raw\images\43331.jpg
42127,Men,Footwear,Flip Flops,Flip Flops,Black,Summer,2012.0,Casual,Nike Men Black Celso Solarsoft Thong Flip Flops,Shoes,shoes,C:\Users\LENOVO\New folder\data\raw\images\42127.jpg
19296,Women,Accessories,Watches,Watches,White,Summer,2016.0,Casual,Guess Women White Dial Watch W80056L1,Accessories,accessory,C:\Users\LENOVO\New folder\data\raw\images\19296.jpg
58158,Women,Apparel,Topwear,Shrug,Maroon,Fall,2012.0,Casual,Latin Quarters Women Maroon Shrug,Jacket,outerwear,C:\Users\LENOVO\New folder\data\raw\images\58158.jpg
26454,Women,Footwear,Shoes,Casual Shoes,White,Fall,2012.0,Casual,Puma Women Wirko White Casual Shoes,Shoes,shoes,C:\Users\LENOVO\New folder\data\raw\images\26454.jpg
56999,Women,Footwear,Shoes,Flats,Red,Winter,2012.0,Casual,HM Women Red Sandals,Shoes,shoes,C:\Users\LENOVO\New folder\data\raw\images\56999.jpg
54992,Women,Apparel,Topwear,Shrug,Beige,Summer,2012.0,Casual,Femella Women Black & Beige Shrug,Jacket,outerwear,C:\Users\LENOVO\New folder\data\raw\images\54992.jpg
34149,Girls,Apparel,Bottomwear,Skirts,Blue,Summer,2012.0,Casual,Gini and Jony Girls Washed Blue Skirt,Skirt,bottom,C:\Users\LENOVO\New folder\data\raw\images\34149.jpg
13995,Women,Apparel,Topwear,Jackets,Blue,Fall,2011.0,Sports,Nike Women Solid Blue Jackets,Jacket,outerwear,C:\Users\LENOVO\New folder\data\raw\images\13995.jpg
11910,Men,Footwear,Shoes,Formal Shoes,Black,Summer,2012.0,Formal,Franco Leone Men Formal Black Formal Shoes,Shoes,shoes,C:\Users\LENOVO\New folder\data\raw\images\11910.jpg
28794,Men,Apparel,Bottomwear,Jeans,Blue,Summer,2012.0,Casual,Denizen Men Blue Jeans,Jeans,bottom,C:\Users\LENOVO\New folder\data\raw\images\28794.jpg
59367,Women,Apparel,Topwear,Kurtas,Brown,Summer,2012.0,Ethnic,Vishudh Women Brown & Yellow Kurta,Shirt,top,C:\Users\LENOVO\New folder\data\raw\images\59367.jpg
16800,Men,Apparel,Bottomwear,Trousers,Black,Fall,2011.0,Casual,Highlander Men Solid Black Trouser,Trousers,bottom,C:\Users\LENOVO\New folder\data\raw\images\16800.jpg
51693,Unisex,Accessories,Eyewear,Sunglasses,Brown,Winter,2016.0,Casual,Van Heusen Unisex Brown Sunglasses,Accessories,accessory,C:\Users\LENOVO\New folder\data\raw\images\51693.jpg
15012,Men,Apparel,Topwear,Jackets,Blue,Fall,2011.0,Sports,ADIDAS Men Solid Blue Jackets,Jacket,outerwear,C:\Users\LENOVO\New folder\data\raw\images\15012.jpg
52034,Men,Apparel,Topwear,Jackets,Black,Summer,2012.0,Casual,Just Natural Unisex Black Jacket,Jacket,outerwear,C:\Users\LENOVO\New folder\data\raw\images\52034.jpg
5444,Girls,Apparel,Topwear,Tops,Black,Summer,2011.0,Casual,Ant Kids Girl's Check Top Black Kidswear,T-Shirt,top,C:\Users\LENOVO\New folder\data\raw\images\5444.jpg
3303,Men,Footwear,Shoes,Sports Shoes,White,Spring,2012.0,Sports,Asics Men's Gel Kayano 17 White Lime Shoe,Sneakers,shoes,C:\Users\LENOVO\New folder\data\raw\images\3303.jpg
12131,Women,Apparel,Topwear,Kurtas,Purple,Fall,2011.0,Ethnic,Aurelia Women Solid Purple Kurtas,Shirt,top,C:\Users\LENOVO\New folder\data\raw\images\12131.jpg
4445,Men,Footwear,Shoes,Sports Shoes,Black,Summer,2011.0,Sports,Nike Men's Dual Fusion Black Red Shoe,Sneakers,shoes,C:\Users\LENOVO\New folder\data\raw\images\4445.jpg
44691,Women,Apparel,Topwear,Tops,Yellow,Summer,2012.0,Casual,Wills Lifestyle Women Yellow Top,T-Shirt,top,C:\Users\LENOVO\New folder\data\raw\images\44691.jpg
54679,Women,Accessories,Watches,Watches,Charcoal,Winter,2016.0,Casual,Fastrack Women White Dial Watch,Accessories,accessory,C:\Users\LENOVO\New folder\data\raw\images\54679.jpg
12971,Women,Footwear,Shoes,Sports Shoes,Black,Fall,2011.0,Sports,ADIDAS Women Core 50 Black Sports Shoes,Sneakers,shoes,C:\Users\LENOVO\New folder\data\raw\images\12971.jpg
38932,Girls,Apparel,Bottomwear,Leggings,Pink,Summer,2012.0,Casual,Gini and Jony Girls Pink Leggings,Trousers,bottom,C:\Users\LENOVO\New folder\data\raw\images\38932.jpg
37197,Women,Apparel,Bottomwear,Jeans,Navy Blue,Summer,2012.0,Casual,United Colors of Benetton Women Navy Blue Jeans,Jeans,bottom,C:\Users\LENOVO\New folder\data\raw\images\37197.jpg
8939,Men,Apparel,Topwear,Shirts,Red,Fall,2011.0,Casual,Indigo Nation Men Reversible Bling Red Shirts,Shirt,top,C:\Users\LENOVO\New folder\data\raw\images\8939.jpg
11353,Men,Apparel,Bottomwear,Jeans,Blue,Fall,2013.0,Casual,Lee Men Sanskrit Blue Rodeo Fit Jeans,Jeans,bottom,C:\Users\LENOVO\New folder\data\raw\images\11353.jpg
53749,Women,Apparel,Bottomwear,Track Pants,Black,Summer,2012.0,Casual,ADIDAS Women Black Track Pant,Trousers,bottom,C:\Users\LENOVO\New folder\data\raw\images\53749.jpg
9147,Women,Apparel,Bottomwear,Jeans,Blue,Fall,2011.0,Casual,Lee Women SS Blue Jeans,Jeans,bottom,C:\Users\LENOVO\New folder\data\raw\images\9147.jpg
26592,Men,Footwear,Shoes,Sports Shoes,Black,Summer,2012.0,Sports,Puma Men Budoka Black Sports Shoes,Sneakers,shoes,C:\Users\LENOVO\New folder\data\raw\images\26592.jpg
42679,Women,Apparel,Topwear,Kurtas,Beige,Summer,2012.0,Ethnic,Alma Women Beige Printed Kurta,Shirt,top,C:\Users\LENOVO\New folder\data\raw\images\42679.jpg
15471,Women,Apparel,Topwear,Tshirts,Green,Fall,2011.0,Casual,Puma Women TP Graphic Green Tshirts,T-Shirt,top,C:\Users\LENOVO\New folder\data\raw\images\15471.jpg
12189,Men,Apparel,Topwear,Shirts,Brown,Fall,2011.0,Casual,Basics Men Brown Slim Fit Shirt,Shirt,top,C:\Users\LENOVO\New folder\data\raw\images\12189.jpg
26829,Men,Apparel,Bottomwear,Trousers,Brown,Summer,2012.0,Casual,Highlander Men Brown Trousers,Trousers,bottom,C:\Users\LENOVO\New folder\data\raw\images\26829.jpg
40434,Women,Apparel,Bottomwear,Skirts,Charcoal,Summer,2012.0,Casual,Tonga Women Charcoal Skirt,Skirt,bottom,C:\Users\LENOVO\New folder\data\raw\images\40434.jpg
15966,Men,Apparel,Topwear,Jackets,Grey,Fall,2011.0,Casual,Turtle Solid Men Grey Jacket,Jacket,outerwear,C:\Users\LENOVO\New folder\data\raw\images\15966.jpg
5900,Men,Footwear,Shoes,Casual Shoes,Grey,Summer,2011.0,Casual,Puma Men's Basket Team Mesh Grey Shoe,Shoes,shoes,C:\Users\LENOVO\New folder\data\raw\images\5900.jpg
59117,Men,Apparel,Topwear,Jackets,Black,Summer,2012.0,Casual,Just Natural Men Black & Grey Reversible Jacket,Jacket,outerwear,C:\Users\LENOVO\New folder\data\raw\images\59117.jpg
33142,Boys,Apparel,Topwear,Tshirts,Blue,Summer,2012.0,Casual,Gini and Jony Boys Printed Blue T-shirt,T-Shirt,top,C:\Users\LENOVO\New folder\data\raw\images\33142.jpg
41437,Men,Footwear,Shoes,Sports Shoes,White,Fall,2012.0,Sports,Lee Cooper Men White Sports Shoes,Sneakers,shoes,C:\Users\LENOVO\New folder\data\raw\images\41437.jpg
19334,Men,Apparel,Topwear,Jackets,Maroon,Fall,2011.0,Casual,United Colors of Benetton Men Check Maroon Jacket,Jacket,outerwear,C:\Users\LENOVO\New folder\data\raw\images\19334.jpg
6532,Women,Apparel,Bottomwear,Skirts,Pink,Summer,2011.0,Sports,Nike Women's Border Pink Skirt,Skirt,bottom,C:\Users\LENOVO\New folder\data\raw\images\6532.jpg
4692,Unisex,Accessories,Watches,Watches,Green,Winter,2016.0,Sports,ADIDAS Unisex New York Griffiti Digital Green Watch,Accessories,accessory,C:\Users\LENOVO\New folder\data\raw\images\4692.jpg
54880,Women,Accessories,Jewellery,Necklace and Chains,Turquoise Blue,Fall,2012.0,Casual,Ivory Tag Women Dazzling Turquoise Blue Necklace,Accessories,accessory,C:\Users\LENOVO\New folder\data\raw\images\54880.jpg
8881,Men,Apparel,Bottomwear,Trousers,Navy Blue,Summer,2011.0,Casual,Scullers Men Scul Navy Blue Trousers,Trousers,bottom,C:\Users\LENOVO\New folder\data\raw\images\8881.jpg
24266,Men,Apparel,Topwear,Tshirts,Red,Summer,2012.0,Casual,Quiksilver Men Red T-shirt,T-Shirt,top,C:\Users\LENOVO\New folder\data\raw\images\24266.jpg
8809,Men,Apparel,Topwear,Shirts,Black,Fall,2011.0,Casual,Scullers Men Scul Black White Shirt,Shirt,top,C:\Users\LENOVO\New folder\data\raw\images\8809.jpg
10654,Women,Apparel,Bottomwear,Skirts,Blue,Fall,2011.0,Casual,Doodle Girl Denim skirt with belt Blue Skirts,Skirt,bottom,C:\Users\LENOVO\New folder\data\raw\images\10654.jpg
7355,Men,Apparel,Topwear,Tshirts,Navy Blue,Fall,2011.0,Casual,Tantra Men's Black Sabbath Navy T-shirt,T-Shirt,top,C:\Users\LENOVO\New folder\data\raw\images\7355.jpg
4950,Men,Apparel,Bottomwear,Shorts,Blue,Summer,2011.0,Casual,Gini and Jony Boy's Kimon Blue Infant Bermuda Kidswear,Trousers,bottom,C:\Users\LENOVO\New folder\data\raw\images\4950.jpg
17901,Men,Apparel,Topwear,Jackets,Black,Fall,2011.0,Sports,Nike Men Football Soccer Black Jacket,Jacket,outerwear,C:\Users\LENOVO\New folder\data\raw\images\17901.jpg
38846,Women,Apparel,Dress,Dresses,Brown,Summer,2012.0,Casual,Latin Quarters Women Brown Printed Dress,Dress,top,C:\Users\LENOVO\New folder\data\raw\images\38846.jpg
13839,Unisex,Accessories,Watches,Watches,Black,Winter,2016.0,Casual,ADIDAS Unisex Round Dial Black Watches,Accessories,accessory,C:\Users\LENOVO\New folder\data\raw\images\13839.jpg
34076,Women,Footwear,Shoes,Flats,White,Fall,2012.0,Casual,Clarks Women White Leather Ballerinas,Shoes,shoes,C:\Users\LENOVO\New folder\data\raw\images\34076.jpg
48712,Women,Accessories,Jewellery,Earrings,Silver,Summer,2015.0,Casual,Lucera Women Silver Earrings,Accessories,accessory,C:\Users\LENOVO\New folder\data\raw\images\48712.jpg
17899,Men,Apparel,Topwear,Jackets,Black,Fall,2011.0,Casual,Nike Men Casual Black Jacket,Jacket,outerwear,C:\Users\LENOVO\New folder\data\raw\images\17899.jpg
11466,Men,Apparel,Topwear,Tshirts,Navy Blue,Summer,2011.0,Casual,United Colors of Benetton Men Solid Navy Blue Polo Tshirt,T-Shirt,top,C:\Users\LENOVO\New folder\data\raw\images\11466.jpg
4827,Men,Apparel,Bottomwear,Track Pants,Black,Summer,2011.0,Sports,ADIDAS Men's Woven Black White Track Pant,Trousers,bottom,C:\Users\LENOVO\New folder\data\raw\images\4827.jpg
7179,Women,Apparel,Bottomwear,Jeans,Blue,Fall,2011.0,Casual,Jealous 21 Women Blue Jegging,Jeans,bottom,C:\Users\LENOVO\New folder\data\raw\images\7179.jpg
30746,Men,Apparel,Topwear,Kurtas,Maroon,Summer,2012.0,Ethnic,Fabindia Men Printed Maroon Kurta,Shirt,top,C:\Users\LENOVO\New folder\data\raw\images\30746.jpg
12954,Men,Footwear,Shoes,Sports Shoes,White,Fall,2011.0,Sports,ADIDAS Men Sports White Sports Shoes,Sneakers,shoes,C:\Users\LENOVO\New folder\data\raw\images\12954.jpg
48801,Women,Accessories,Jewellery,Pendant,Silver,Summer,2015.0,Casual,Lucera Women Silver Pendant,Accessories,accessory,C:\Users\LENOVO\New folder\data\raw\images\48801.jpg
41667,Women,Footwear,Shoes,Heels,Black,Spring,2013.0,Casual,Catwalk Women Black Heels,Shoes,shoes,C:\Users\LENOVO\New folder\data\raw\images\41667.jpg
48382,Men,Apparel,Bottomwear,Jeans,Blue,Summer,2012.0,Casual,French Connection Men Blue Jeans,Jeans,bottom,C:\Users\LENOVO\New folder\data\raw\images\48382.jpg
16434,Men,Apparel,Topwear,Tshirts,Purple,Fall,2011.0,Casual,Levi's Men Printed Purple Tshirts,T-Shirt,top,C:\Users\LENOVO\New folder\data\raw\images\16434.jpg
43371,Men,Footwear,Shoes,Sports Shoes,White,Summer,2012.0,Sports,Reebok Men White Acciomax III Sports Shoes,Sneakers,shoes,C:\Users\LENOVO\New folder\data\raw\images\43371.jpg
10445,Men,Apparel,Bottomwear,Jeans,Blue,Fall,2011.0,Casual,Flying Machine Men Midrise Blue Jeans,Jeans,bottom,C:\Users\LENOVO\New folder\data\raw\images\10445.jpg
38952,Boys,Apparel,Topwear,Tshirts,Navy Blue,Summer,2012.0,Casual,Gini and Jony Boys Pack of 2 T-shirts,T-Shirt,top,C:\Users\LENOVO\New folder\data\raw\images\38952.jpg
4848,Men,Apparel,Topwear,Jackets,Navy Blue,Summer,2011.0,Sports,ADIDAS Men Revo Navy White Jacket,Jacket,outerwear,C:\Users\LENOVO\New folder\data\raw\images\4848.jpg
18985,Men,Apparel,Topwear,Jackets,White,Summer,2011.0,Casual,ADIDAS Originals Men ST FB Track Top White Jacket,Jacket,outerwear,C:\Users\LENOVO\New folder\data\raw\images\18985.jpg
7707,Women,Apparel,Bottomwear,Jeans,Black,Fall,2011.0,Casual,Jealous 21 Women's Abbie Black Jegging,Jeans,bottom,C:\Users\LENOVO\New folder\data\raw\images\7707.jpg
46390,Men,Apparel,Bottomwear,Shorts,Blue,Summer,2012.0,Casual,ADIDAS Men Blue Cargo Shorts,Trousers,bottom,C:\Users\LENOVO\New folder\data\raw\images\46390.jpg
34632,Men,Footwear,Shoes,Sports Shoes,Grey,Summer,2012.0,Sports,Lotto Men Dolce Vita II Grey Sports Shoes,Sneakers,shoes,C:\Users\LENOVO\New folder\data\raw\images\34632.jpg
37938,Women,Apparel,Dress,Dresses,Green,Summer,2012.0,Casual,Mineral Women Green Dress,Dress,top,C:\Users\LENOVO\New folder\data\raw\images\37938.jpg
10479,Men,Apparel,Topwear,Shirts,Red,Fall,2011.0,Casual,Flying Machine Men FS Red Shirts,Shirt,top,C:\Users\LENOVO\New folder\data\raw\images\10479.jpg
49630,Women,Apparel,Dress,Dresses,Blue,Summer,2012.0,Casual,Mineral Blue Dress,Dress,top,C:\Users\LENOVO\New folder\data\raw\images\49630.jpg
22348,Men,Apparel,Topwear,Sweaters,Grey,Fall,2011.0,Casual,John Players Men Solid Grey Sweater,T-Shirt,top,C:\Users\LENOVO\New folder\data\raw\images\22348.jpg
18871,Men,Footwear,Shoes,Formal Shoes,Brown,Fall,2011.0,Formal,Franco Leone Men Formal Brown Shoes,Shoes,shoes,C:\Users\LENOVO\New folder\data\raw\images\18871.jpg
12707,Men,Footwear,Shoes,Sports Shoes,White,Fall,2011.0,Sports,Nike Men Overplay White Sports Shoes,Sneakers,shoes,C:\Users\LENOVO\New folder\data\raw\images\12707.jpg
11602,Women,Apparel,Topwear,Kurtas,Grey,Summer,2011.0,Ethnic,W Women Solid Grey Kurtas,Shirt,top,C:\Users\LENOVO\New folder\data\raw\images\11602.jpg
24845,Men,Apparel,Topwear,Jackets,Beige,Summer,2015.0,Casual,Wildcraft Men Wind Cheaters Beige Jacket,Jacket,outerwear,C:\Users\LENOVO\New folder\data\raw\images\24845.jpg
46896,Men,Apparel,Bottomwear,Jeans,Blue,Summer,2012.0,Casual,Locomotive Men Blue Jeans,Jeans,bottom,C:\Users\LENOVO\New folder\data\raw\images\46896.jpg
26327,Men,Footwear,Shoes,Sports Shoes,White,Summer,2012.0,Sports,ADIDAS Men Runner White & Blue Sports Shoes,Sneakers,shoes,C:\Users\LENOVO\New folder\data\raw\images\26327.jpg
48622,Women,Accessories,Jewellery,Earrings,Silver,Summer,2012.0,Casual,Lucera Women Silver Earrings,Accessories,accessory,C:\Users\LENOVO\New folder\data\raw\images\48622.jpg
28478,Women,Apparel,Topwear,Tunics,Red,Summer,2012.0,Casual,Urban Yoga Women Printed Red Tunic,Shirt,top,C:\Users\LENOVO\New folder\data\raw\images\28478.jpg
38828,Women,Apparel,Dress,Dresses,Teal,Summer,2012.0,Casual,Latin Quarters Women Teal Dress,Dress,top,C:\Users\LENOVO\New folder\data\raw\images\38828.jpg
14457,Women,Footwear,Shoes,Flats,Black,Summer,2012.0,Casual,Enroute Women Black Ballerinas,Shoes,shoes,C:\Users\LENOVO\New folder\data\raw\images\14457.jpg
26934,Women,Apparel,Dress,Dresses,Black,Summer,2012.0,Casual,Jealous 21 Women Black Dress,Dress,top,C:\Users\LENOVO\New folder\data\raw\images\26934.jpg
50168,Women,Footwear,Shoes,Heels,Gold,Winter,2012.0,Casual,Rocia Women Gold Toned & Beige Heels,Shoes,shoes,C:\Users\LENOVO\New folder\data\raw\images\50168.jpg
34119,Men,Footwear,Sandal,Sandals,Brown,Summer,2016.0,Casual,Clarks Men Brown Leather Sandals,Shoes,shoes,C:\Users\LENOVO\New folder\data\raw\images\34119.jpg
9134,Men,Footwear,Shoes,Sports Shoes,Black,Summer,2011.0,Sports,Puma Men Iknois 2XT Black Sports Shoes,Sneakers,shoes,C:\Users\LENOVO\New folder\data\raw\images\9134.jpg
11009,Men,Apparel,Topwear,Tshirts,White,Fall,2011.0,Casual,Inkfruit Men Let Me Skate White Tshirts,T-Shirt,top,C:\Users\LENOVO\New folder\data\raw\images\11009.jpg
17900,Men,Apparel,Topwear,Jackets,Red,Fall,2011.0,Sports,Nike Men Football Soccer Red Jacket,Jacket,outerwear,C:\Users\LENOVO\New folder\data\raw\images\17900.jpg
44418,Men,Footwear,Shoes,Casual Shoes,Brown,Winter,2018.0,Casual,Red Tape Men Brown Shoes,Shoes,shoes,C:\Users\LENOVO\New folder\data\raw\images\44418.jpg
